frame,wall_ms,gpu_ms,render_cpu_ms
0,17.67600,2.08200,5.13000
1,21.07700,2.07000,5.46300
2,21.62700,2.33900,7.98900
3,23.62000,2.70400,9.26600
4,21.70500,2.46000,9.79500
5,18.84800,2.32100,10.03600
6,26.11700,2.55900,9.45200
7,26.10900,2.37000,8.99500
8,26.28300,2.48600,10.81100
9,23.07800,2.26300,9.67200
10,22.43800,2.44100,10.12500
11,27.22400,2.24100,9.61500
12,20.38400,2.47900,9.58300
13,17.48000,2.37900,12.12000
14,17.70600,2.16300,8.94400
15,17.03500,2.17500,7.20900
16,20.13800,2.49700,6.83500
17,23.52800,2.40500,8.75400
18,20.34000,2.48100,8.06300
19,17.74200,2.39100,8.58700
20,15.62600,2.32300,8.53100
21,16.25700,2.40900,7.19600
22,16.37000,2.30500,6.61900
23,16.95000,2.31800,7.00100
24,14.68200,2.29800,6.42800
25,15.76400,2.23100,6.34600
26,15.61400,2.00900,5.73400
27,13.11700,2.02300,5.69700
28,13.04500,2.01900,5.89800
29,11.81800,2.04400,5.49100
30,10.73800,2.00600,5.24600
31,9.92400,2.15900,4.45000
32,14.62500,1.97000,5.04900
33,15.78100,1.97200,4.62900
34,13.04900,1.97900,6.81300
35,13.88100,2.15600,6.06500
36,21.73000,1.97100,6.77200
37,17.76100,1.97200,5.51900
38,16.61200,2.33400,9.56200
39,14.27200,1.99900,6.37600
40,14.14900,1.98800,5.82400
41,14.61000,2.13300,5.59600
42,15.18800,1.96200,5.84600
43,14.02800,1.94900,5.84900
44,13.84900,1.95100,5.98300
45,13.67300,1.93900,5.27500
46,14.28400,1.91800,5.73700
47,14.03300,1.92800,5.15200
48,12.84400,2.08700,5.15100
49,12.61100,1.90900,5.75000
50,13.11300,2.23000,5.21000
51,12.97100,1.89000,5.30000
52,13.39400,1.89400,4.86300
53,14.21300,1.88200,5.27000
54,13.33600,2.30000,4.94300
55,13.08900,2.06000,5.57700
56,13.30900,1.87100,5.83600
57,12.61400,1.86700,5.13700
58,11.32000,1.87300,5.25300
59,12.04800,1.79400,4.79800
60,12.01300,1.78300,4.35100
61,13.45100,1.78200,4.68600
62,12.07800,1.80800,4.79700
63,12.21600,1.78600,4.66200
64,11.98700,1.79800,4.71800
65,13.43400,1.78300,4.59700
66,11.49100,1.76500,4.97600
67,10.62300,1.80300,4.90400
68,11.85100,1.77200,4.86500
69,10.91800,1.77300,3.77700
70,12.87700,1.76800,4.96900
71,10.68600,1.77300,4.14100
72,11.30600,1.93700,4.63700
73,12.31800,1.77500,3.69800
74,11.97100,1.78800,4.35400
75,12.12900,1.76900,4.81900
76,12.12200,1.78300,5.84400
77,12.16600,1.77400,4.23100
78,11.77300,1.78200,5.64500
79,14.46600,1.93300,4.99400
80,11.60400,1.77300,4.84700
81,13.23300,1.77000,4.83800
82,14.24900,1.78700,4.84200
83,12.37100,1.76800,5.16000
84,15.97500,1.76600,5.88600
85,16.95300,1.77700,5.34100
86,14.15900,1.77700,6.23400
87,13.40200,1.77100,6.44400
88,14.20100,1.95800,5.35600
89,13.84100,1.79300,5.22600
90,13.39200,1.77500,4.99600
91,13.62600,1.97100,5.63400
92,14.11500,1.77500,5.31600
93,13.01600,1.78900,4.88100
94,13.19300,1.94900,5.21500
95,14.13800,1.78000,5.00300
96,13.09600,2.10800,5.25400
97,17.84200,1.92700,5.91900
98,14.59200,2.45500,5.02400
99,13.52400,1.94300,7.49700
100,13.82100,1.92700,5.26700
101,14.73700,1.93200,5.45600
102,13.65300,1.93600,5.21500
103,13.39700,1.93100,5.35500
104,15.20600,2.12200,5.14900
105,16.60800,1.93200,5.81700
106,13.95100,1.94200,5.15800
107,13.89200,1.93700,5.53800
108,14.15600,2.11200,5.19300
109,13.12100,1.94400,4.99900
110,11.92500,1.91100,4.57500
111,13.57900,2.11400,4.63400
112,14.05000,1.91500,4.94600
113,14.26100,2.11500,5.72200
114,14.75700,2.13100,5.38500
115,13.83500,1.92300,5.44000
116,13.42600,1.92700,5.24400
117,12.24800,1.91800,4.93800
118,13.11900,1.92600,5.07300
119,15.14100,2.16400,5.64400
120,14.24800,2.36400,4.98600
121,15.10000,2.50100,5.08200
122,16.06900,2.10500,6.05500
123,18.04900,1.91900,6.33100
124,12.99300,1.92800,5.33300
125,13.46900,2.10600,6.98700
126,12.64600,2.07200,4.91000
127,11.87300,2.09400,5.01000
128,12.73900,1.90300,4.66800
129,13.44600,2.12700,4.60900
130,12.18000,1.88900,4.78200
131,14.67500,2.18600,5.81900
132,14.89200,1.90800,5.02900
133,14.45900,2.14600,5.26900
134,13.60400,1.90900,5.64700
135,14.19600,2.09400,6.48900
136,13.34100,1.97700,5.21200
137,14.60400,2.17700,5.49900
138,14.10500,1.89100,5.05700
139,12.88900,1.88900,5.03700
140,13.45800,2.15600,4.85300
141,12.04300,1.87700,4.61300
142,14.22600,2.06200,4.60800
143,13.99800,2.08300,5.01100
144,12.71000,1.89400,5.82500
145,11.89600,2.15000,4.69900
146,13.26300,1.87400,4.78000
147,13.02300,2.16400,4.60600
148,14.05100,1.87700,5.38500
149,15.10100,2.16400,5.19000
150,13.42800,2.07300,5.51700
151,12.50400,2.09700,5.53000
152,12.89200,2.05300,5.04500
153,11.51600,1.86400,4.23500
154,12.85700,1.86400,4.45700
155,13.20100,2.07600,4.38600
156,13.32800,1.86300,4.73900
157,12.48300,2.04000,4.35900
158,12.14500,1.91100,5.16500
159,12.20800,1.85000,4.66500
160,11.31600,2.04100,4.64900
161,12.98300,1.85600,4.25100
162,12.10100,1.86100,4.12000
163,11.94200,2.25100,4.47600
164,12.24000,1.85300,4.71200
165,12.21600,2.02800,3.64800
166,15.38800,1.83800,5.07400
167,13.10600,1.84900,4.65600
168,11.58300,1.85500,6.33100
169,14.75500,1.84800,5.09600
170,15.48600,1.84000,4.72100
171,12.36300,1.84200,5.72000
172,14.32800,1.84500,5.82600
173,12.86400,1.83400,4.95100
174,12.73100,1.83600,4.81900
175,12.25400,2.01000,4.50700
176,12.61400,1.84800,4.67700
177,13.86800,2.00500,4.64800
178,14.61800,1.84100,4.90900
179,13.75200,1.84500,4.80300
180,13.89500,2.03900,5.13700
181,14.51100,1.85700,5.26700
182,12.87900,1.84100,4.95900
183,14.74400,2.02600,5.13500
184,14.20900,1.83400,5.21500
185,12.98000,1.83300,5.27200
186,14.50300,2.04400,5.47700
187,13.53100,1.85100,4.86400
188,14.26700,1.84600,5.41400
189,15.12000,1.85000,5.17600
190,14.87200,1.84700,5.89800
191,13.83100,2.13300,5.69400
192,17.42200,1.84700,5.51000
193,15.12200,2.04100,5.38900
194,17.62500,2.05100,6.75600
195,16.81400,1.85400,5.32300
196,13.16000,2.01400,6.71000
197,13.65900,2.11900,6.54500
198,13.04900,1.86600,4.74100
199,14.76100,1.85500,5.08700
200,11.99000,1.85800,4.94800
201,12.34100,1.85600,5.06900
202,12.83400,2.01000,4.34600
203,13.12500,1.85300,4.41100
204,13.72800,2.04800,4.48400
205,12.70100,1.85400,5.07600
206,13.95100,1.85100,4.30300
207,15.56800,1.85900,5.52100
208,15.03600,2.04300,5.01900
209,14.22300,1.87700,5.57500
210,15.73200,2.05400,5.23600
211,14.11000,1.86100,5.69300
212,15.25200,1.86800,5.60700
213,13.96800,1.86600,5.25600
214,12.80900,1.86400,5.11900
215,13.61400,1.85900,4.76600
216,15.76900,1.87600,5.44300
217,14.11600,2.06600,5.05100
218,12.99100,2.08400,5.27800
219,13.45200,1.88200,5.56300
220,12.18900,1.87300,4.54900
221,13.95500,1.88000,4.44700
222,14.79400,1.86800,4.94300
223,13.29900,2.10100,5.13000
224,14.23200,1.87800,5.61000
225,15.55100,1.87700,4.94300
226,14.01200,2.09500,5.19000
227,16.20900,1.88400,5.72200
228,15.49200,1.87400,5.66500
229,15.33100,1.86600,5.60500
230,14.52500,1.87000,5.43700
231,14.37400,1.87500,5.45300
232,14.45100,2.06000,6.54800
233,15.18800,1.86200,5.76400
234,14.10000,1.86400,5.38500
235,14.95200,1.85500,5.74000
236,15.41800,2.07100,5.54400
237,15.20900,2.05900,5.56800
238,14.83200,1.84700,5.86500
239,14.77700,1.83900,5.71000
240,14.73100,1.83300,5.72200
241,14.12100,2.03400,5.60300
242,15.42400,1.83500,6.07100
243,14.62900,1.82400,5.35300
244,15.80400,1.81500,5.77300
245,15.84400,1.99800,5.49800
246,16.40500,1.81800,6.38700
247,15.98900,1.80700,6.11300
248,16.70800,1.81000,6.28500
249,16.89100,1.80900,6.71900
250,15.95600,2.05100,6.12900
251,16.13600,1.79700,6.40700
252,15.66400,1.80600,5.51500
253,14.84900,1.79100,5.77100
254,14.29900,1.79700,5.95600
255,15.83600,1.78200,5.93100
256,15.71900,2.13600,5.59500
257,17.91400,1.78200,6.89400
258,16.62600,1.77000,5.62300
259,16.64300,1.76900,6.61200
260,14.56900,1.75900,6.09500
261,15.06000,1.75100,5.42200
262,15.04200,1.75400,5.49700
263,15.09300,1.75600,5.33900
264,14.70000,1.74700,5.36300
265,15.43700,1.94500,5.45200
266,15.98100,1.74900,5.87200
267,16.54100,1.75200,5.12800
268,15.30900,1.74300,5.59200
269,16.74800,1.75100,5.99200
270,15.20300,1.73300,5.25700
271,13.28600,1.72000,5.89000
272,13.72800,1.73600,5.91400
273,14.24500,1.72800,5.03300
274,14.09400,1.71100,5.51600
275,12.68800,1.71600,5.49100
276,13.81700,1.92400,5.28700
277,12.87000,1.70900,4.76400
278,14.71000,1.72400,5.08100
279,15.19200,1.71900,4.84500
280,11.90600,1.70300,5.37200
281,14.49900,1.72000,5.76300
282,15.10100,1.71800,4.51100
283,13.38500,1.72200,5.22800
284,13.89000,1.71700,5.94100
285,12.29500,1.69600,5.20100
286,12.30200,1.68800,5.48600
287,13.49900,1.87900,4.48300
288,12.85700,1.68300,4.65400
289,12.67100,1.70400,4.68000
290,12.42000,1.69500,5.02800
291,13.30300,1.89700,4.48000
292,14.36300,1.68000,5.44700
293,15.93900,1.68400,5.26100
294,15.57500,1.68900,5.33200
295,14.53100,1.68400,6.83500
296,16.31600,1.68400,7.47700
297,15.27200,1.66800,6.41900
298,16.50100,1.68000,6.54800
299,15.55100,1.68800,5.47500
300,14.44700,1.66200,5.88000
301,16.32000,1.84200,7.34200
302,13.01700,1.66400,5.41200
303,14.79700,1.66100,5.98000
304,12.82100,1.64200,4.76400
305,12.77100,1.83000,4.65200
306,14.66700,1.64400,5.09500
307,13.41300,1.64800,4.51900
308,13.22000,1.82900,5.32500
309,14.13800,1.64800,4.95900
310,15.26100,1.66200,4.86200
311,15.96600,1.64400,5.20400
312,13.70000,1.62800,6.61600
313,14.75100,1.63400,5.83800
314,18.71900,1.64500,5.50100
315,14.66900,1.82600,5.25600
316,14.52200,1.61300,4.78900
317,13.74700,1.62900,4.97100
318,12.68200,1.63100,4.92700
319,13.78500,1.61300,5.09300
320,14.63600,1.61200,4.79800
321,13.70400,1.61400,5.39400
322,14.83200,1.61600,4.93100
323,12.97200,1.79700,5.05100
324,14.16900,1.62300,5.59800
325,14.36200,1.61200,4.89100
326,15.39500,1.81200,5.29100
327,16.09400,1.60700,5.90100
328,15.40000,1.61200,5.54000
329,14.27700,1.61100,6.01300
330,13.73300,1.60300,5.58400
331,14.66700,1.79100,5.22600
332,13.03500,1.60100,4.75800
333,12.76600,1.58900,4.90700
334,13.64400,1.79100,4.44600
335,11.82500,1.58900,4.76000
336,12.17900,1.60400,4.99100
337,12.52300,1.59800,4.31300
338,13.47000,1.77800,4.34000
339,11.39100,1.58100,4.54900
340,12.50000,1.59000,4.59900
341,12.44400,1.59000,4.50200
342,12.49600,1.74500,4.33900
343,11.87300,1.58900,4.60500
344,11.82100,1.58500,4.75100
345,10.84900,1.57500,4.19600
346,11.47100,1.58300,4.07400
347,12.61300,1.58500,3.98700
348,11.47300,1.58500,4.25400
349,13.04700,1.75700,4.27600
350,11.55700,1.57800,4.18400
351,13.26500,1.77100,4.20500
352,13.01200,1.58100,4.23900
353,11.18500,1.58200,4.32200
354,9.41200,1.56800,4.94800
355,10.84100,1.75200,3.54100
356,13.05600,1.58900,3.22300
357,11.44800,1.56600,3.96800
358,11.82000,1.57600,4.41800
359,12.05500,1.56500,4.14400
360,12.47400,1.57000,4.10500
361,12.75000,1.57300,4.06200
362,10.98600,1.56300,5.03300
363,12.58000,1.57900,4.04600
364,10.23100,1.57000,3.83800
365,10.45000,1.77500,4.13300
366,11.38300,1.56100,3.82400
367,10.96100,1.55900,4.07300
368,11.10800,1.56900,4.09500
369,11.59000,1.56900,4.08400
370,8.98600,1.55400,3.57900
371,10.50500,1.54700,4.00400
372,9.25600,1.76100,3.42900
373,12.05100,1.54900,4.18600
374,10.61800,1.55500,3.57300
375,10.59100,1.57500,4.12500
376,12.31600,1.72300,3.55800
377,10.22700,1.54900,3.80500
378,12.18600,1.55900,4.49000
379,12.18200,1.73200,3.90000
380,11.44600,1.56600,4.04100
381,10.13400,1.56300,3.99100
382,10.87000,1.55400,4.22300
383,11.42700,1.56200,3.89200
384,10.69100,1.55400,3.91100
385,11.47800,1.55100,4.27700
386,11.71600,1.57400,4.00300
387,10.79300,1.56400,3.93000
388,11.13700,1.55600,3.98600
389,12.12200,1.57200,4.39100
390,10.21900,1.71100,3.84000
391,11.82500,1.55400,4.35300
392,13.39700,1.57000,4.76800
393,11.99100,1.75600,4.23500
394,11.31000,1.55700,4.09100
395,12.29300,1.57100,3.99000
396,9.96100,1.56400,4.03800
397,8.04600,1.56300,3.68600
398,11.59300,1.62100,4.47900
399,10.13900,1.56100,2.97200
400,9.73500,1.56800,3.95600
401,11.02500,1.57900,3.72900
402,10.28200,1.56200,3.44300
403,10.59100,1.55800,4.45200
404,11.00100,1.55100,3.96000
405,12.03800,1.56200,3.88700
406,11.24900,1.73600,4.25100
407,12.87400,1.56000,4.43800
408,11.77700,1.57800,4.08900
409,10.79700,1.58000,4.36500
410,10.84700,1.58300,4.07000
411,11.71600,1.77800,4.10000
412,12.30300,1.59200,4.37000
413,11.78000,1.59800,4.17400
414,12.71700,1.59200,4.43200
415,11.04000,1.59100,4.09200
416,12.15700,1.59500,4.20300
417,11.50000,1.59900,4.30600
418,12.62200,1.76700,4.23800
419,11.48400,1.60500,4.34000
420,11.56800,1.60000,4.74600
421,13.45100,1.61400,4.58100
422,12.26600,1.61600,4.44100
423,13.28000,1.61500,4.69100
424,13.13100,1.63600,5.03300
425,13.63100,1.63400,4.73800
426,15.56100,1.63600,4.94500
427,15.84500,1.66600,5.77800
428,12.60100,1.63700,5.92800
429,13.71100,1.64600,5.79700
430,13.41800,1.67000,4.97600
431,12.59900,1.66900,4.87300
432,13.35700,1.86100,4.57200
433,10.41700,1.66600,5.23700
434,15.16900,1.67700,4.41900
435,14.18400,1.67300,3.82600
436,12.31000,1.67000,5.25400
437,14.62100,1.88500,5.12700
438,13.98000,1.70400,5.10700
439,13.17000,1.71400,6.20500
440,14.57800,1.71500,5.23700
441,14.20400,1.71100,5.46900
442,13.21500,1.73900,5.06300
443,14.49600,1.74000,5.26500
444,13.60500,1.74900,5.46600
445,15.01800,1.75600,5.45400
446,13.95100,1.74300,5.31400
447,14.54800,1.76900,5.74500
448,14.13700,1.75900,5.26400
449,15.42000,2.14300,6.30300
450,16.23700,1.78000,6.28400
451,15.85800,1.77100,6.12900
452,17.70800,1.79500,6.88200
453,16.39500,1.79800,6.30800
454,15.54200,1.80200,7.33500
455,17.50400,1.80700,6.91600
456,15.39600,1.81100,6.20800
457,15.88600,1.81300,6.38800
458,15.04200,1.80600,6.18200
459,16.34400,1.81700,6.58400
460,16.83900,2.03700,6.25000
461,16.53200,1.82100,6.19900
462,16.77900,2.01600,6.95500
463,16.24700,1.83200,6.42900
464,15.41300,2.06400,6.72100
465,17.04500,1.83700,6.63300
466,20.58100,1.85200,6.25100
467,17.89800,2.04600,6.77500
468,18.45100,1.84900,8.18900
469,15.82100,1.83400,6.46300
470,16.89900,1.84100,8.06900
471,15.55400,1.83800,6.08300
472,15.10400,1.83300,6.19300
473,16.46700,1.84700,5.84500
474,18.01700,1.83600,6.55400
475,17.12000,1.84400,6.60900
476,16.49200,1.83900,7.29200
477,16.70800,1.84100,6.81800
478,17.00000,1.83500,6.90100
479,17.71600,1.83900,6.82500
480,16.63400,1.84800,6.80700
481,15.38900,1.84900,6.82500
482,16.14800,1.84200,6.70300
483,16.97500,1.84100,5.89600
484,17.33300,1.84000,6.57000
485,16.37500,1.84300,6.83800
486,16.41000,1.86000,6.58500
487,18.62400,1.85200,6.50400
488,20.36500,1.86800,6.60900
489,15.34800,1.86000,7.03400
490,14.63200,1.85400,8.48400
491,15.14800,2.22600,5.66100
492,14.93100,1.85200,6.16100
493,15.73100,1.85400,6.58000
494,15.17700,1.85600,5.95600
495,16.42200,1.85600,6.15600
496,15.71100,2.09600,6.25000
497,15.33800,2.04400,6.15000
498,15.40300,2.04900,5.10800
499,15.22200,1.85300,5.66900
500,14.78000,1.85700,6.46100
501,13.73200,1.83800,5.75200
502,15.76800,1.84500,5.71500
503,15.70500,2.03200,5.64200
504,15.23000,1.85800,5.90100
505,13.88100,1.85000,6.07400
506,14.01400,1.82500,5.58400
507,13.64500,1.84300,5.01100
508,15.81400,1.83000,6.12200
509,15.32500,1.83000,4.97400
510,14.82800,1.81800,6.17900
511,14.88900,1.81300,6.28300
512,12.90500,1.97400,6.11800
513,13.57000,1.80500,5.60000
514,14.50000,1.80700,5.15100
515,14.80300,2.15300,5.20900
516,15.40700,1.81700,5.36800
517,15.59400,1.80200,5.21500
518,12.97300,1.79800,5.28900
519,14.28800,1.80100,6.06400
520,12.92000,1.80100,4.74100
521,11.61900,1.79400,5.44100
522,12.38000,1.97700,4.47700
523,11.24000,1.77800,4.63100
524,9.72100,1.99400,4.53400
525,10.80000,1.78000,4.47200
526,10.44600,1.77400,4.13800
527,14.45400,1.76600,4.42200
528,13.99800,1.94900,4.49400
529,11.22400,1.77500,5.57900
530,13.16500,1.74800,4.68400
531,11.67300,1.75100,4.34300
532,12.08000,1.75200,5.03400
533,11.28500,1.76200,4.58400
534,10.32000,1.75000,4.31400
535,11.20100,1.75200,3.67800
536,12.12700,1.73400,4.01400
537,9.68600,2.10100,4.18400
538,11.08200,1.73000,4.07800
539,11.30500,1.73300,3.40500
540,9.60600,1.97100,3.80700
541,10.96200,1.73400,4.46900
542,11.90000,1.74100,4.14300
543,11.31000,1.72400,3.89900
544,10.48000,1.72000,3.98500
545,10.55900,1.72500,4.10400
546,10.53000,1.93500,3.69400
547,11.23700,1.72900,3.85600
548,11.51200,1.72500,3.66300
549,12.93200,1.89400,4.14100
550,12.01900,1.72800,3.77500
551,10.20900,1.72400,4.95100
552,11.07500,1.72600,4.29900
553,11.21400,1.72500,4.12400
554,11.24500,1.72500,4.05400
555,12.13000,1.91300,3.80100
556,13.99700,1.72100,5.09000
557,13.80200,1.73700,4.77600
558,12.07000,1.72600,4.52600
559,10.99200,1.73200,4.87100
560,10.65600,1.72700,4.12100
561,12.35600,1.93000,3.91200
562,11.93400,1.72500,4.32200
563,12.83200,1.72700,4.31900
564,13.15100,1.75100,4.33700
565,11.77500,1.73800,4.52700
566,12.84200,1.73900,4.35700
567,13.29000,1.74700,4.34400
568,13.37200,1.74900,4.48800
569,13.31400,1.74900,5.41000
570,11.74400,1.74900,4.97200
571,15.65400,1.93900,4.42300
572,11.54900,1.72800,4.59400
573,10.17700,1.74600,4.30700
574,12.21300,1.75100,4.14600
575,11.39800,1.93700,4.10300
576,13.43800,1.75100,4.40700
577,12.85100,1.74500,4.78800
578,12.21100,1.74300,4.74700
579,13.06500,1.89900,4.18700
580,10.61500,1.74400,4.48000
581,11.94300,1.74100,4.53500
582,12.89300,1.74400,4.41600
583,11.47300,1.74500,4.29000
584,13.31100,1.74900,4.45900
585,11.55900,1.76000,4.46400
586,12.39800,1.75300,4.78100
587,11.90000,1.74600,4.38600
588,13.49600,1.92300,4.69300
589,11.63200,1.73400,4.54700
590,11.66900,1.93500,5.11600
591,12.06500,1.74700,4.18500
592,12.37800,1.73500,3.72900
593,13.73000,1.92900,4.80200
594,12.33300,1.75000,4.57300
595,13.12600,1.74800,5.37900
596,11.75800,1.94300,4.37000
597,12.86900,1.75600,4.21900
598,11.81000,1.75200,4.34300
599,11.51400,1.73400,4.46300
600,11.02900,1.90900,4.40500
601,12.43900,1.73500,4.13300
602,11.61300,1.74600,4.24400
603,10.90600,2.37300,4.14500
604,11.48100,1.74000,4.09300
605,9.70600,1.74600,4.29500
606,9.39000,1.83400,4.15200
607,6.98300,1.74200,3.61400
608,7.51900,1.73900,3.86700
609,7.08700,1.73700,2.21700
610,11.73800,1.73400,3.50200
611,11.60500,2.37700,3.37100
612,10.93100,1.74800,4.46500
613,10.50900,1.74200,4.17900
614,12.43300,1.73700,3.93600
615,12.26500,1.74800,3.63300
616,14.28800,1.90700,4.99500
617,12.14200,1.74100,5.05800
618,12.36500,1.76000,4.91500
619,11.40200,1.75400,4.52900
620,11.24900,1.92700,4.27300
621,8.16000,1.75100,4.18800
622,9.20900,1.74100,3.92200
623,10.29300,1.74000,2.64300
624,10.31500,1.74600,4.05100
625,10.57300,1.75500,3.84300
626,8.12700,1.72900,3.15100
627,10.48900,1.74600,3.96700
628,10.07000,1.73600,3.15300
629,12.87800,1.74600,4.15100
630,11.75000,1.90600,3.83900
631,10.57700,1.75900,5.14500
632,10.01500,1.91400,4.34200
633,10.32200,1.73700,4.09400
634,11.50600,1.73200,3.49100
635,10.25200,1.74300,3.86800
636,8.47900,2.11400,4.13800
637,8.48500,1.73600,3.20000
638,13.06800,1.73100,3.39400
639,15.38000,1.74400,3.91600
640,12.38800,1.94200,4.98300
641,12.11100,1.74400,5.16000
642,12.17200,1.73600,4.49800
643,12.33400,1.75300,4.89800
644,12.30300,1.74500,4.39200
645,11.58300,1.75400,4.68100
646,14.25800,1.76000,4.63400
647,12.70800,1.76300,4.43300
648,12.73200,1.75300,4.63600
649,11.39900,1.75000,4.88600
650,12.52100,1.74700,4.55000
651,12.80000,1.74700,4.58100
652,12.85700,1.75200,4.07500
653,11.84600,1.75500,5.51400
654,13.35500,1.73400,4.75800
655,12.22500,1.75900,4.27800
656,11.91600,1.74400,4.94400
657,11.35200,1.74900,4.27400
658,12.08000,1.75500,4.39200
659,10.44100,1.74700,4.23500
660,9.11200,1.91900,4.21600
661,9.70500,1.72700,4.53500
662,9.74500,1.73500,3.21400
663,12.80800,1.75100,4.53900
664,12.38200,1.74800,3.93800
665,12.86400,1.74400,4.78300
666,10.85100,1.74700,4.66700
667,12.80100,1.74300,4.47000
668,11.34700,1.74500,4.43000
669,14.52700,1.89800,4.70900
670,13.38900,1.74200,4.50100
671,13.69800,1.74100,4.97600
672,13.53500,1.72800,5.22400
673,12.82800,1.72400,5.68400
674,12.00900,1.92300,5.07300
675,11.74900,1.72600,4.93300
676,13.35600,1.94000,4.66400
677,12.29600,1.72700,4.60300
678,13.28200,1.73800,5.09500
679,12.36000,1.72900,3.92100
680,11.15400,1.90100,4.15600
681,11.30200,1.74400,4.78500
682,10.49500,1.91100,4.36200
683,11.56400,1.71700,4.34200
684,12.29300,1.72600,3.94200
685,10.50600,1.95800,4.66800
686,11.56800,1.71800,4.76700
687,11.24900,1.72800,3.84500
688,14.24500,1.89800,4.88500
689,14.42200,1.72000,5.22200
690,13.71100,1.91000,5.00200
691,14.10900,1.70600,5.89200
692,13.12000,1.72200,4.83400
693,10.93000,1.71900,4.67700
694,9.15500,1.71100,5.11600
695,9.55300,1.91900,4.04200
696,11.78300,1.70600,3.54700
697,12.72200,1.70100,4.18600
698,12.91600,1.71600,5.03000
699,13.07600,1.71100,4.86300
700,13.05400,1.71500,5.01600
701,13.18100,1.71200,4.71800
702,14.32900,1.92700,4.99900
703,15.55000,1.72300,4.50900
704,14.86000,1.71700,5.85300
705,15.05900,1.91200,5.57300
706,13.63500,1.71200,5.28700
707,13.89800,1.70600,5.29200
708,14.76600,1.70500,4.85800
709,17.08000,1.90100,5.27400
710,14.54300,1.72600,5.38200
711,14.78800,1.71400,6.41400
712,13.48300,1.71600,5.23100
713,12.76100,1.69800,5.10300
714,15.67200,1.90200,5.19900
715,15.84600,1.70800,5.38400
716,15.81900,1.70700,6.08700
717,14.05100,1.70200,5.96000
718,13.87600,1.69400,5.90700
719,13.40000,1.70100,5.61700
720,12.05700,1.70200,5.12800
721,12.82400,1.69100,4.80800
722,14.47400,1.69600,5.14200
723,13.55900,1.85100,5.01600
724,12.59000,1.68800,5.13600
725,11.68800,1.68800,5.57000
726,14.79800,1.86300,5.27800
727,13.73800,1.68900,5.47800
728,13.95700,1.69900,5.63900
729,15.40000,1.70100,6.13600
730,14.28000,1.69500,5.00100
731,15.26500,1.68600,5.55600
732,16.06800,1.92700,5.27100
733,15.08700,1.69600,5.54100
734,14.48900,1.70300,6.25300
735,14.68500,1.68800,6.08000
736,15.56000,1.68200,5.27300
737,14.79700,1.74900,5.24900
738,14.24000,1.70800,6.76700
739,15.45800,1.69700,5.26000
740,14.43700,1.69000,5.06700
741,14.68900,1.69300,5.65400
742,14.65300,1.88400,5.40200
743,15.68100,1.69100,5.93600
744,13.80100,1.69400,5.59500
745,13.35300,1.68600,6.46000
746,13.90400,1.69400,4.71200
747,13.28000,1.69100,5.28000
748,14.48700,1.68900,5.15600
749,13.78200,1.88200,5.11700
750,13.83300,1.68500,5.69700
751,14.32400,1.68900,5.18200
752,13.28200,1.88900,5.26600
753,13.17100,1.68700,5.14600
754,14.51600,1.68900,5.08900
755,13.58200,1.90800,5.04600
756,12.38700,1.68700,5.32600
757,14.65000,1.69100,4.87900
758,11.76900,1.70300,4.62400
759,12.00200,1.69800,5.53200
760,12.81900,1.91100,5.51500
761,11.03600,1.69400,5.05700
762,10.40700,1.69200,5.02400
763,12.48800,1.68700,4.37900
764,12.47000,1.69300,4.10600
765,12.02400,1.88200,4.64200
766,12.46400,1.69200,5.13400
767,13.52300,1.70700,4.66000
768,11.37400,1.69800,5.52200
769,14.54500,1.85400,5.45100
770,12.72600,1.69000,4.66700
771,12.87600,1.70300,5.20600
772,16.28700,1.70800,5.20800
773,16.42600,1.69900,5.23700
774,14.06100,1.69700,6.75500
775,13.94600,1.69300,6.48600
776,14.68800,1.69500,5.65800
777,17.36700,1.71000,5.63800
778,17.26800,1.70400,4.09000
779,15.18400,1.69800,6.87200
780,13.94600,1.69100,5.80200
781,15.53100,1.69800,5.38600
782,15.38700,1.89400,5.13800
783,15.97900,1.70800,5.85900
784,14.54100,1.70500,6.89400
785,13.56100,1.69800,6.44800
786,13.92200,1.69700,5.20600
787,13.81700,1.90500,5.11600
788,16.39300,1.83400,5.19300
789,15.29800,1.70200,5.95000
790,14.21000,1.72800,5.98200
791,16.74300,1.92600,4.90200
792,16.09000,1.70800,5.74300
793,15.32200,1.73100,7.24700
794,15.52600,1.73200,6.12900
795,14.39500,1.73900,6.58100
796,13.82300,1.75700,5.48300
797,14.28100,1.76000,5.63300
798,14.13200,1.75500,5.52900
799,17.16700,1.75900,5.26000
800,16.91000,1.75300,5.43900
801,15.92700,1.75600,7.00600
802,15.79300,1.76000,7.12700
803,15.04500,1.76100,5.92600
804,18.31200,1.80900,6.09000
805,18.76200,1.77500,5.55100
806,15.01500,2.01600,7.47900
807,14.46100,1.78600,7.90700
808,15.70300,1.78400,5.80200
809,15.84200,1.97600,5.41300
810,15.06100,1.76600,5.84700
811,14.94700,1.79000,6.14100
812,14.41300,1.79300,5.68500
813,15.03900,1.79900,5.65100
814,18.60500,2.01000,6.07100
815,19.85100,1.82200,5.80900
816,14.60900,2.05800,6.48000
817,16.77700,1.84400,7.92500
818,15.05200,2.30800,5.32000
819,14.40600,1.83800,6.31500
820,13.27900,2.04700,5.47300
821,15.19500,1.85700,5.22300
822,13.65100,1.84900,5.35400
823,14.87500,1.85600,6.16600
824,16.86400,1.85000,5.67900
825,13.40000,1.83400,5.68600
826,13.08400,1.85800,6.41900
827,14.13300,1.84700,5.05700
828,12.54500,1.86300,5.18800
829,11.25100,1.87400,5.25600
830,12.33700,2.00700,4.33500
831,12.95700,1.85200,4.94900
832,13.95800,1.85500,4.74800
833,12.51700,1.86700,5.18600
834,13.62900,2.04600,5.26500
835,11.03600,1.86700,4.71300
836,13.44400,1.85100,5.80000
837,11.93200,1.86700,5.07600
838,12.06000,1.84900,4.67900
839,11.84700,1.85400,5.35600
840,11.83100,2.05800,4.55400
841,12.24000,1.85800,4.52200
842,12.79900,1.85200,4.51900
843,9.20000,1.86700,5.01400
844,9.93200,1.84600,4.40200
845,8.11600,2.22800,3.57800
846,9.58200,1.85500,4.27100
847,8.78000,1.84900,2.94100
848,11.89300,1.84700,4.26600
849,11.10500,1.84600,3.99800
850,9.10700,1.85500,4.30700
851,11.29900,2.03500,4.51700
852,13.13400,1.84700,3.65000
853,13.21800,1.85000,4.75600
854,13.47800,2.05100,5.15100
855,13.57000,1.86600,5.03200
856,12.47000,1.86600,5.00800
857,14.39600,2.06000,5.10600
858,14.93100,1.85600,5.14100
859,13.91900,1.86300,5.64700
860,13.06400,2.26300,5.82200
861,11.95100,1.85800,5.48200
862,12.71300,1.84900,4.59500
863,12.17000,1.85700,5.01300
864,15.32600,1.84300,5.13200
865,14.33000,1.85200,4.40900
866,13.05000,1.84800,6.29200
867,12.14600,1.83900,5.70300
868,10.96600,1.85000,5.26600
869,11.20200,1.83800,4.58600
870,10.96100,1.86500,4.01100
871,14.08200,1.84900,4.16900
872,12.49400,1.85900,4.82800
873,12.97700,1.85000,4.68900
874,13.73000,1.85000,4.64000
875,12.97100,1.99800,5.31100
876,15.15500,1.83500,5.65000
877,13.19600,1.83000,5.07600
878,14.08500,2.01400,5.15700
879,14.56900,1.82200,5.33400
880,15.25000,1.81500,6.40900
881,14.36900,1.97900,5.71700
882,13.57800,1.82000,6.10300
883,12.87400,1.80400,5.85400
884,14.40600,1.79500,4.79600
885,14.62700,1.80600,5.11500
886,15.19900,1.79600,5.29000
887,14.46000,1.77800,5.50000
888,15.76400,1.94500,7.39500
889,13.87100,1.76300,5.32500
890,11.60500,1.76900,6.19300
891,12.44600,1.76100,5.20400
892,13.32700,1.76300,4.74600
893,12.85600,1.75700,4.91200
894,12.41600,1.75300,4.73900
895,13.00700,1.74100,4.78100
896,12.24000,1.72700,4.60000
897,13.25600,1.74000,4.71200
898,14.35200,1.72700,4.35000
899,13.16400,1.73900,5.03900
900,14.25100,1.72900,5.20600
901,13.45700,1.72000,4.87900
902,12.46600,1.70200,4.92900
903,13.21600,1.89700,4.80300
904,12.32900,1.69600,4.95200
905,13.75300,1.68200,4.95800
906,11.91400,1.70100,4.25400
907,13.73700,1.67700,4.82900
908,10.93700,1.66100,4.49500
909,11.66600,1.64800,5.49000
910,12.41100,1.64800,4.15900
911,12.90200,2.45700,4.58700
912,12.28100,1.65100,4.58500
913,14.06300,1.82700,4.97800
914,12.54600,1.63200,5.81200
915,14.29800,1.62500,5.01800
916,13.30400,1.62000,5.35700
917,13.27400,1.62900,5.08800
918,11.77800,1.80600,4.58700
919,11.69100,1.63500,5.00800
920,12.56600,1.82400,4.35200
921,13.13900,1.62300,4.45000
922,11.76100,1.61900,4.35400
923,12.66200,1.63200,5.00000
924,12.07200,1.81600,4.34600
925,11.93600,1.61800,4.26300
926,11.28300,1.62600,4.93400
927,10.42000,1.61500,4.54800
928,10.63300,1.61300,4.17100
929,9.77600,1.79800,3.76600
930,12.27900,1.60300,4.19600
931,12.93400,1.62000,3.98400
932,12.55900,1.83400,4.22500
933,11.95500,1.61000,4.87100
934,8.83600,1.62800,4.27900
935,10.62500,1.61600,4.67800
936,12.08800,1.62200,3.22000
937,10.54400,1.61000,3.62000
938,14.24000,1.62400,4.82500
939,11.16800,1.62700,4.15000
940,11.68100,1.62100,5.07700
941,14.14400,1.61200,4.45400
942,10.09500,1.76000,4.32900
943,10.24900,1.60300,4.97000
944,11.65600,1.61300,3.39100
945,11.78300,1.80800,3.77700
946,12.24500,1.61600,5.07700
947,13.30900,1.61700,4.61200
948,12.14400,1.60400,4.63700
949,12.76000,1.79900,4.78900
950,12.20900,1.61400,4.34400
951,14.35500,1.60600,4.96300
952,12.52100,1.61700,4.67500
953,13.04700,1.82100,5.39300
954,11.55700,1.61400,4.74400
955,12.82900,1.61400,4.46900
956,13.12300,1.61400,4.41200
957,13.01500,1.81100,4.29300
958,13.13700,1.60800,5.15500
959,12.95300,1.61100,4.72500
960,12.59800,1.60800,4.67200
961,12.86800,1.60200,4.58400
962,11.59400,1.60800,4.76900
963,10.23200,1.61400,4.77200
964,11.38100,1.60300,4.00100
965,11.20200,1.83000,3.96900
966,13.24200,1.61300,4.59700
967,11.46400,1.60600,4.43200
968,11.53500,1.63500,4.34400
969,12.03500,1.61100,4.02400
970,13.07800,1.66800,4.58800
971,12.29300,1.61700,4.39700
972,12.02200,1.85200,5.25900
973,11.06000,1.62300,4.40700
974,12.81100,1.62100,3.62300
975,11.16900,1.60300,4.43200
976,11.19000,1.60100,4.55000
977,12.63600,1.61400,4.17800
978,13.06600,1.61400,4.07900
979,12.66500,1.91600,4.96500
980,12.36900,1.62100,4.77500
981,13.50600,1.62500,4.35400
982,11.29300,1.62400,4.96300
983,12.13900,1.63200,4.55800
984,11.40500,1.63200,3.99000
985,12.81200,1.77700,4.45700
986,11.34000,1.62600,4.23100
987,10.39200,2.10600,5.13300
988,11.87000,1.62600,4.25200
989,11.26700,1.62700,3.62100
990,11.64400,1.82100,4.42800
991,8.25800,1.61600,3.97000
992,9.07000,1.61400,4.38300
993,11.24500,1.60800,2.92000
994,11.70000,1.62800,3.20800
995,12.67800,1.63000,4.50500
996,11.16800,1.63900,3.95900
997,13.36300,1.63800,4.99400
998,13.20300,1.63400,3.99600
999,14.06900,1.86300,5.24300
1000,11.55200,1.63800,4.75900
1001,10.89300,1.65400,5.07200
1002,12.36700,1.65500,4.39900
1003,11.15600,1.82200,3.94000
1004,12.81500,1.65100,4.51500
1005,12.92300,1.64300,4.41300
1006,12.49000,1.65200,4.67400
1007,10.31000,1.84900,4.61600
1008,11.12400,1.63800,4.02800
1009,10.67100,1.64700,4.04200
1010,11.07100,1.83200,4.19500
1011,12.73600,1.63600,4.13900
1012,11.88400,1.64900,4.17300
1013,13.77300,1.65200,4.78500
1014,12.84600,1.66200,4.51100
1015,16.29700,1.66400,4.83400
1016,12.51800,1.65500,4.58900
1017,12.93200,1.65000,4.77500
1018,11.56200,1.64900,4.37600
1019,14.13200,1.64700,5.13200
1020,13.16600,1.65600,4.18700
1021,12.91000,1.65300,5.05900
1022,11.71400,1.64700,4.86400
1023,13.93600,1.87600,4.67100
1024,13.06900,1.67000,4.48100
1025,15.10500,1.67200,4.79700
1026,11.68400,1.67100,4.20100
1027,8.48500,1.65200,5.18700
1028,13.96400,1.66900,4.46300
1029,12.85700,1.67900,3.50700
1030,12.46500,1.67800,4.41200
1031,11.21700,1.87900,4.34900
1032,12.36500,1.66200,4.69400
1033,14.03600,1.65700,4.25500
1034,15.28000,1.67500,4.18400
1035,14.31400,1.67800,6.06000
1036,14.30000,1.67900,6.37100
1037,13.55400,1.69200,5.23600
1038,12.42900,1.68300,4.84500
1039,15.13300,1.85800,5.04400
1040,15.25700,1.67700,4.48400
1041,13.19600,1.68400,5.76900
1042,15.41500,1.68300,5.63500
1043,13.78600,1.68300,4.75500
1044,14.38800,1.69000,6.36800
1045,12.98600,1.69300,4.75500
1046,13.65700,1.89500,6.14700
1047,12.93300,1.69300,4.70400
1048,14.63900,1.69600,4.80400
1049,15.26300,1.71600,4.95200
1050,12.48800,1.70300,4.86900
1051,12.96600,1.70300,5.15800
1052,12.93900,1.70300,4.49800
1053,12.04600,1.69300,4.38100
1054,13.99100,1.91400,4.85700
1055,13.14000,1.70400,4.80100
1056,11.93200,1.71700,5.64700
1057,14.11000,1.72200,4.47800
1058,15.96500,1.90400,4.67000
1059,14.41500,1.72800,5.53500
1060,15.97600,1.74000,6.39500
1061,12.78300,1.75200,4.72500
1062,13.58300,1.72100,6.15200
1063,13.14700,1.72600,5.20100
1064,13.46700,1.72500,4.93500
1065,13.69700,1.91500,4.91100
1066,13.22200,1.76400,5.26400
1067,13.68300,1.75500,4.85000
1068,13.77200,1.75200,4.91600
1069,16.62500,1.75300,4.88000
1070,14.46400,1.75800,5.18700
1071,14.92700,1.76600,6.60400
1072,15.13100,1.97000,5.56600
1073,14.45800,1.77100,5.29900
1074,14.58900,1.77400,5.75000
1075,14.59900,1.77400,5.29200
1076,12.53600,1.94600,5.35100
1077,13.75700,1.76700,5.32500
1078,15.81100,1.78100,4.91700
1079,16.53800,2.04100,5.49400
1080,16.27200,1.78300,5.21800
1081,14.16600,1.78500,6.31900
1082,15.56100,1.79700,5.94700
1083,15.64200,1.80100,4.94500
1084,13.78200,1.79300,5.24600
1085,15.68300,1.79600,6.08000
1086,16.14400,1.79400,5.31700
1087,15.58100,1.80400,5.58400
1088,16.70900,1.80200,5.96900
1089,16.02000,1.80400,6.82400
1090,16.90300,1.79800,6.29200
1091,15.19100,1.78200,5.90000
1092,15.89000,1.81200,7.12200
1093,15.13100,1.79100,5.35300
1094,15.34200,1.80800,5.52100
1095,14.36200,1.97800,6.05800
1096,15.00400,1.80300,5.79700
1097,15.12300,1.80200,5.40200
1098,17.85300,1.79400,6.24100
1099,13.71200,1.79800,5.58400
1100,15.43900,1.80000,6.18500
1101,15.71300,1.99000,4.54300
1102,14.20200,1.79100,5.74100
1103,17.75700,1.79800,5.64900
1104,15.04900,1.79500,5.69100
1105,17.17500,1.78900,7.00400
1106,16.88600,1.78400,6.00800
1107,17.35700,1.77500,7.61100
1108,15.44400,1.79000,7.07300
1109,17.64800,1.77800,7.41100
1110,15.13900,1.76500,5.69500
1111,14.13300,1.77100,7.84200
1112,16.92500,1.76900,6.57200
1113,17.51700,1.99600,5.98200
1114,17.60600,1.76700,7.18000
1115,17.32600,1.77700,6.92800
1116,16.97200,1.78700,6.98300
1117,18.05400,1.78300,6.49800
1118,18.00800,1.76600,6.74700
1119,16.98600,1.78500,6.41100
1120,17.93100,1.77000,6.39100
1121,14.79300,1.76300,7.13100
1122,13.57200,2.13000,7.63500
1123,15.43300,1.76400,5.90300
1124,14.86800,1.75900,5.29600
1125,14.96600,1.77300,6.00200
1126,14.51000,1.97000,5.79500
1127,15.86800,1.76100,6.17600
1128,16.86600,1.76200,5.83300
1129,16.53100,1.76200,5.70400
1130,15.61600,1.76200,5.90300
1131,15.62000,1.75800,6.20100
1132,16.83600,1.75700,6.24100
1133,14.93700,1.77800,6.20800
1134,14.98100,1.76500,6.01700
1135,13.33800,1.99000,5.08200
1136,15.05700,1.75600,5.32600
1137,17.48700,1.74900,5.90900
1138,14.23800,1.76700,6.02900
1139,15.01800,1.76900,7.34700
1140,16.46600,1.94900,5.95400
1141,14.57300,1.77000,5.25200
1142,15.00200,1.77200,6.62500
1143,13.20900,1.76000,5.26800
1144,14.07300,1.74900,5.58700
1145,14.43900,1.93000,5.67200
1146,14.09600,1.75100,5.47600
1147,14.51100,1.74800,5.46100
1148,15.00400,1.93800,5.76500
1149,14.31700,1.76400,5.94000
1150,14.59100,1.76500,5.94100
1151,15.76100,1.75800,5.20900
1152,14.42000,1.98200,5.43400
1153,14.95000,1.75500,6.45000
1154,14.08100,1.77400,5.24600
1155,14.51100,1.76100,5.36200
1156,15.14400,1.77000,5.73500
1157,14.03600,1.76900,5.54400
1158,14.07200,1.76600,5.93900
1159,13.19400,1.76300,5.49300
1160,12.61500,2.16200,5.52400
1161,14.06800,1.75400,5.17300
1162,14.14200,1.76000,4.83500
1163,13.32000,1.75100,5.06200
1164,11.94600,1.75900,4.92800
1165,13.65900,1.75600,4.98800
1166,12.59700,1.76700,5.05100
1167,14.65100,1.77800,5.32200
1168,14.49000,1.75100,4.99400
1169,12.55600,1.75800,5.80600
1170,9.35200,1.75600,5.69600
1171,10.75800,1.75300,5.35200
1172,12.89900,1.75300,4.03700
1173,14.89300,1.77200,3.99700
1174,12.77200,1.76000,5.13000
1175,11.44400,1.75800,5.35800
1176,13.09100,1.96600,5.26500
1177,14.94200,1.76100,4.09100
1178,13.41700,1.98200,5.37300
1179,14.20100,1.77100,5.75400
1180,12.63600,1.76800,5.56800
1181,12.70100,1.96000,5.00600
1182,13.46100,1.78000,4.93900
1183,15.63300,1.96900,5.43700
1184,13.13900,1.77600,4.80700
1185,13.52900,1.76200,6.65100
1186,14.81900,1.77100,5.12500
1187,15.70900,1.78300,5.41100
1188,14.57300,1.77900,5.26300
1189,12.11200,1.78000,5.28700
1190,14.14900,1.75900,5.65400
1191,13.69800,1.76800,4.60200
1192,14.84000,1.76700,5.22100
1193,15.22800,1.96700,5.71400
1194,14.72800,1.76500,5.58900
1195,13.48400,1.76800,5.36700
1196,13.10000,1.77500,5.70900
1197,17.27100,1.95300,5.67000
1198,13.25700,1.78100,4.94900
1199,14.62900,1.75400,6.16100
1200,17.38500,1.76500,5.08900
1201,16.60400,2.10700,6.68800
1202,14.38600,1.77400,7.68900
1203,16.80000,1.96300,6.84500
1204,15.62200,1.75800,5.50700
1205,14.32300,1.76400,7.19300
1206,12.74200,1.76700,5.62300
1207,11.95300,1.75800,5.00600
1208,13.74700,1.95000,4.90900
1209,13.44800,1.75900,5.14100
1210,11.38400,1.75600,4.58800
1211,9.76800,1.75600,4.56900
1212,12.45600,1.97000,4.35400
1213,13.98700,1.75800,4.45300
1214,12.15100,1.76600,4.57100
1215,13.92900,1.75500,4.63500
1216,11.20300,1.75500,4.42500
1217,11.94400,1.75200,4.24500
1218,14.61900,1.74500,4.29400
1219,13.40400,1.74200,4.72200
1220,13.84400,1.96000,6.22500
1221,15.23000,1.74600,5.70800
1222,12.52200,1.74900,5.75400
1223,13.92300,2.00800,5.29200
1224,12.73800,1.75700,4.88800
1225,11.29800,1.75600,4.84800
1226,11.58800,1.73500,4.51500
1227,13.06800,1.74300,4.24200
1228,12.41300,1.75400,4.56800
1229,11.76500,1.80700,4.99400
1230,11.58300,1.73900,4.37700
1231,12.86100,1.96500,3.94000
1232,11.19600,1.73100,4.34400
1233,13.14000,1.73200,4.59900
1234,13.28200,1.73000,4.60600
1235,11.75100,1.73800,4.69700
1236,11.60400,1.73100,4.50000
1237,12.02500,1.71900,4.32500
1238,11.17900,1.72700,4.71100
1239,12.81800,1.73900,4.37900
1240,12.18200,1.89800,4.42100
1241,13.92200,1.74800,4.55600
1242,12.21000,1.94000,4.46300
1243,12.33300,1.74400,4.72500
1244,9.41000,1.74500,4.86700
1245,9.80900,1.73200,4.29200
1246,10.68600,1.72900,3.55100
1247,12.90300,1.92000,3.67700
1248,11.31800,1.74400,4.22300
1249,11.74900,1.74100,4.61200
1250,12.41500,1.74400,4.21100
1251,13.17600,1.74600,4.67700
1252,13.76200,1.92300,4.65600
1253,12.40300,1.75800,5.16900
1254,12.17700,1.76100,4.60800
1255,12.18300,1.74700,4.62300
1256,12.54700,1.74800,4.52100
1257,13.38800,1.74500,4.71400
1258,12.30500,1.75000,4.73900
1259,13.72400,1.72900,5.02300
1260,12.57600,1.74400,4.59900
1261,11.07400,1.93700,4.69000
1262,11.01800,1.75000,4.30800
1263,11.68600,1.73900,3.92800
1264,10.12200,1.93000,4.12600
1265,10.53900,1.75100,3.97600
1266,11.99800,1.72900,4.01300
1267,11.48100,1.99300,3.77100
1268,12.06400,1.72300,4.55300
1269,13.10600,1.73100,4.80300
1270,13.41900,1.74600,4.09200
1271,14.55400,1.72300,4.96800
1272,14.80300,1.75600,4.00100
1273,12.31200,1.75100,5.43100
1274,11.49200,1.96800,5.15700
1275,12.46200,1.74900,4.10300
1276,13.53600,1.73900,4.12700
1277,13.00800,1.75000,5.10300
1278,13.30000,1.92400,4.67700
1279,11.97700,1.74200,4.76200
1280,12.40700,1.74800,4.65900
1281,12.21000,1.76000,4.59500
1282,11.75100,1.94100,4.03600
1283,10.10700,1.73400,4.46400
1284,10.27300,1.88800,4.05300
1285,10.85900,1.75300,3.61100
1286,11.41100,1.72300,3.52000
1287,13.77100,1.73400,4.33500
1288,11.21800,1.93400,3.57100
1289,10.57900,1.73100,4.60600
1290,11.60400,1.89500,4.37300
1291,12.48100,1.72500,3.20400
1292,10.91000,1.73200,4.76400
1293,11.18000,1.74500,4.39200
1294,9.89900,1.73800,3.89000
1295,10.64700,1.71500,4.37800
1296,10.28400,1.89500,3.76100
1297,10.45400,1.72600,3.51100
1298,9.84000,1.72500,3.90800
1299,9.69800,1.72800,3.66000
1300,13.18100,1.89600,4.12700
1301,13.89300,1.72500,3.67000
1302,11.86300,1.73400,4.66500
1303,10.36600,1.72900,5.02500
1304,9.38100,1.72900,4.17100
1305,10.37200,2.28100,3.97500
1306,10.79000,1.72100,3.02800
1307,10.54000,1.72900,4.03400
1308,11.14400,1.73000,4.18600
1309,11.11700,1.87400,4.04700
1310,11.33900,1.73300,4.04300
1311,12.69000,1.73300,4.22400
1312,11.20300,2.54600,4.45400
1313,10.10900,1.73700,3.91100
1314,10.56200,1.72300,4.25600
1315,12.33900,1.73100,3.60300
1316,11.98200,1.72500,4.08300
1317,11.94800,1.58700,4.34500
1318,11.35400,1.59300,4.06700
1319,10.15700,1.58900,4.31300
1320,10.99200,1.74400,4.19600
1321,12.35700,1.59000,3.80800
1322,10.18800,1.58900,3.90900
1323,10.85700,1.76900,4.47600
1324,11.28800,1.58300,3.47400
1325,10.94100,1.58600,4.20000
1326,9.17300,1.73400,3.96500
1327,10.10600,1.57800,3.90400
1328,10.56500,1.60200,3.20000
1329,9.03300,1.58300,3.30000
1330,12.63800,1.58000,4.57400
1331,11.21800,1.72700,3.90700
1332,9.43200,1.58600,4.09600
1333,9.28800,1.58200,4.18100
1334,11.29100,1.75900,3.88600
1335,9.03600,1.58100,3.22100
1336,9.84000,1.57900,4.83200
1337,9.19000,1.58500,3.64300
1338,9.79800,1.58400,3.54000
1339,10.17000,1.57900,3.27400
1340,9.86000,1.73500,3.76900
1341,11.55500,1.57800,3.98400
1342,9.66500,1.59000,3.18500
1343,8.94800,1.58200,3.94000
1344,10.35700,1.57100,3.68000
1345,10.76000,1.57900,3.19600
1346,14.09600,1.58400,4.67600
1347,10.94400,1.59100,4.10800
1348,11.60100,1.58700,4.37700
1349,12.04500,1.58800,4.01800
1350,13.13900,1.73200,4.38500
1351,12.86900,1.58200,4.52600
1352,12.53700,1.58200,4.49700
1353,10.79400,1.58300,4.67000
1354,13.02800,1.74100,4.43200
1355,12.09500,1.58500,3.55700
1356,12.29900,1.57800,5.58200
1357,14.29800,1.57900,4.62300
1358,16.13400,1.58200,4.28100
1359,10.28100,1.59600,5.04900
1360,11.27600,1.58900,4.53000
1361,15.50500,1.58600,4.14000
1362,11.58600,1.76900,4.78200
1363,12.72400,1.57400,6.20000
1364,12.97500,1.58200,4.28400
1365,14.54200,1.58700,5.43000
1366,12.26800,1.59600,4.82400
1367,14.37800,1.99600,4.92700
1368,11.13100,1.59000,4.52000
1369,12.28800,1.58100,4.90600
1370,12.24400,1.57100,4.12700
1371,15.13100,1.74000,4.70900
1372,12.69300,1.57100,4.88200
1373,11.53600,1.57300,5.37000
1374,10.44000,1.56900,4.38300
1375,13.95600,1.57500,4.63800
1376,11.87600,1.59500,3.60000
1377,10.09000,1.58500,4.81400
1378,10.87900,1.56800,4.35700
1379,12.76300,1.57600,3.66100
1380,13.75000,1.57200,4.44100
1381,12.12900,1.59300,4.41900
1382,12.20000,1.56700,5.21700
1383,12.34800,1.57400,4.85500
1384,14.15800,1.57000,4.81600
1385,12.63300,1.57900,4.59700
1386,12.14600,1.57500,4.52600
1387,12.97700,1.74400,4.76400
1388,13.82400,1.57500,4.89100
1389,12.84400,1.58900,4.59900
1390,13.72900,1.57900,5.30900
1391,12.11800,1.76000,4.60100
1392,11.55300,1.57600,5.57700
1393,13.34400,1.57900,4.35200
1394,13.54200,1.57700,4.67800
1395,13.21300,1.57900,4.53700
1396,12.98800,1.58100,5.71900
1397,13.28000,1.56000,4.93200
1398,12.41500,1.72000,4.84000
1399,12.57600,1.57500,4.70400
1400,15.14300,1.57400,4.72700
1401,14.57700,1.57000,4.99500
1402,13.51700,1.57300,5.39000
1403,15.51200,1.56700,5.34600
1404,14.27400,1.56200,5.53400
1405,15.21600,1.57200,5.77400
1406,13.96300,1.57100,5.05000
1407,15.16000,1.56500,6.23100
1408,13.99700,1.56200,5.79700
1409,12.49800,1.56800,6.03600
1410,10.59900,1.56200,3.83500
1411,11.80600,1.55300,4.58200
1412,13.35000,1.55800,4.67400
1413,14.87100,1.56000,4.59400
1414,13.34200,1.55300,5.20200
1415,13.81200,1.74600,5.95200
1416,14.69900,1.55500,4.65500
1417,15.22900,1.56100,5.01700
1418,13.08600,1.72900,5.52800
1419,12.19200,1.57500,5.40100
1420,11.82300,1.56100,4.29800
1421,11.51300,1.55100,4.05000
1422,12.21800,1.54700,4.89300
1423,14.53700,1.55400,4.45700
1424,14.62600,1.59100,4.88300
1425,14.56200,1.55100,6.52800
1426,15.44700,1.56300,5.37000
1427,14.40600,1.55000,6.23400
1428,13.41300,1.56300,5.79600
1429,14.79300,1.73000,5.62800
1430,13.54200,1.55600,4.90700
1431,13.48800,1.54700,5.78500
1432,13.33500,1.73100,5.28900
1433,10.87600,1.55000,4.25000
1434,13.21700,1.55400,4.73800
1435,12.30300,1.54600,4.18400
1436,13.50400,1.71400,4.95700
1437,14.16000,1.54100,3.79500
1438,12.83300,1.54600,4.97900
1439,15.00100,1.55100,4.95200
1440,13.54200,1.55800,4.66700
1441,12.90900,1.55000,4.99500
1442,13.23500,1.54000,4.82800
1443,11.49400,1.54700,4.99000
1444,12.37700,1.85300,4.87500
1445,13.43600,1.53400,4.45500
1446,13.67700,1.53100,4.38600
1447,13.48800,1.53700,4.74600
1448,12.65000,1.67400,5.59600
1449,13.48500,1.52500,4.85900
1450,13.90900,1.53400,4.90700
1451,13.33500,1.53300,4.78200
1452,15.85500,1.52800,5.09800
1453,15.91400,1.70700,5.47800
1454,12.74100,1.54100,5.56700
1455,14.50700,1.52800,5.76900
1456,16.20900,1.52500,5.05200
1457,14.80900,1.52700,5.45700
1458,14.44500,1.71200,5.48800
1459,14.58900,1.53000,5.25800
1460,15.75300,1.53800,5.27600
1461,12.52400,1.53400,4.93900
1462,12.85800,1.54400,5.41000
1463,13.09300,1.52000,4.60200
1464,13.71300,1.51900,4.91200
1465,12.71200,1.51800,5.12800
1466,13.77500,1.51300,4.81500
1467,13.20500,1.52900,4.98100
1468,12.47500,1.53000,5.03000
1469,13.11000,1.53200,4.60600
1470,12.13500,1.51700,4.35900
1471,11.68500,1.51500,4.71300
1472,10.97500,1.50400,4.37800
1473,12.29500,1.51300,4.70800
1474,10.66600,1.51900,4.05700
1475,10.69300,1.67700,4.42400
1476,12.09900,1.51100,4.00500
1477,13.75800,1.51300,4.20200
1478,12.98000,1.69700,4.67500
1479,12.31000,1.49900,5.14300
1480,10.84500,1.50500,4.52600
1481,9.78600,1.51700,4.63700
1482,11.37700,1.69500,4.45900
1483,12.41800,1.50500,3.64600
1484,11.09900,1.50100,4.29800
1485,13.59400,1.68000,4.58700
1486,13.18100,1.50900,4.17000
1487,11.13700,1.50600,5.15600
1488,10.43500,1.50100,4.93500
1489,12.46700,1.68100,4.30600
1490,11.67200,1.49500,3.86500
1491,12.21500,1.50600,4.41900
1492,11.28600,1.66500,4.37300
1493,12.07900,1.51500,4.52000
1494,12.15300,1.49800,4.27200
1495,10.53600,1.50100,4.55200
1496,11.98100,1.49700,4.23700
1497,11.13200,1.64800,3.35400
1498,11.42700,1.50500,3.96000
1499,14.16100,1.49500,4.29400
1500,9.87600,1.49700,4.39300
1501,10.63000,1.66800,5.39100
1502,11.00400,1.50400,3.81900
1503,10.65900,1.51200,3.85300
1504,12.09500,1.50000,4.32600
1505,10.83700,1.66400,4.12000
1506,10.23900,1.51100,4.03100
1507,11.74500,1.49400,4.43300
1508,12.74200,1.67100,3.88200
1509,14.30900,1.50500,4.86000
1510,11.84400,1.50500,5.07500
1511,11.93800,1.50800,4.54000
1512,13.13300,1.69700,4.48200
1513,12.16300,1.51500,4.62000
1514,12.57000,1.50800,4.43900
1515,12.83600,1.50500,4.54700
1516,14.05200,1.67200,4.90500
1517,13.09600,1.52400,5.08300
1518,11.56700,1.51600,5.13400
1519,10.42900,1.51100,5.09600
1520,13.45200,1.50500,3.82700
1521,12.78800,1.52800,4.49900
1522,13.74500,1.70200,5.09100
1523,13.07800,1.50000,4.95400
1524,13.23800,1.52000,4.58800
1525,13.21600,1.51100,5.03800
1526,12.87200,1.52000,4.77900
1527,13.73100,1.68500,4.47900
1528,14.26100,1.51600,4.67700
1529,13.33200,1.51300,4.87100
1530,12.29900,1.51200,5.60500
1531,12.50200,1.52600,4.79100
1532,14.38400,1.66600,4.45100
1533,12.53700,1.51500,4.64900
1534,13.06700,1.50600,6.14200
1535,12.69700,1.49800,4.77800
1536,10.73900,1.49600,4.77800
1537,9.90900,1.49900,4.85300
1538,8.50700,1.66200,3.62800
1539,11.07300,1.50100,3.31700
1540,12.08000,1.51300,3.28600
1541,12.03200,1.51000,4.13700
1542,13.63500,1.66900,4.40400
1543,12.66800,1.50500,4.09700
1544,12.72000,1.52400,5.30000
1545,12.37900,1.50300,4.67700
1546,12.29100,1.51600,4.36300
1547,13.00200,1.51000,4.80900
1548,11.65400,1.50700,4.71500
1549,14.37800,1.49500,4.62100
1550,16.76000,1.51400,5.36700
1551,14.02700,1.50400,5.47900
1552,12.07300,1.52900,5.92300
1553,12.87100,1.51000,4.76700
1554,12.78700,1.67100,4.39300
1555,12.37500,1.50300,5.23300
1556,12.41800,1.50100,4.83800
1557,12.47000,1.50800,4.42700
1558,12.80300,1.65600,4.65300
1559,12.28800,1.50900,4.68500
1560,13.08700,1.49500,4.47300
1561,14.45200,1.49500,4.55000
1562,14.05600,1.54100,4.68000
1563,13.36800,1.48600,5.77600
1564,11.30600,1.49700,4.62200
1565,12.97200,1.48300,4.90400
1566,12.98900,1.48400,4.31300
1567,12.11400,1.68000,4.61100
1568,11.53400,1.49600,4.93300
1569,11.66800,1.47600,4.39400
1570,10.21600,1.48600,4.30200
1571,11.34500,1.48300,4.50700
1572,11.82700,1.63100,4.04800
1573,12.37200,1.47800,4.34400
1574,11.25100,1.58500,4.23300
1575,11.43800,1.60200,4.27600
1576,12.52400,1.59600,4.59400
1577,13.15500,1.80000,5.07300
1578,11.90800,1.59800,5.17100
1579,12.38900,1.60600,4.77800
1580,11.18800,1.59700,4.47200
1581,13.91500,1.75100,4.80100
1582,11.45100,1.60200,4.43900
1583,12.17500,1.80900,4.97700
1584,12.74200,1.58900,4.31200
1585,17.73700,1.60100,5.82500
1586,16.85700,1.62100,5.24400
1587,14.91000,1.61400,6.98500
1588,15.95600,1.60800,6.71300
1589,14.70000,1.61000,5.35100
1590,15.12500,1.61000,5.73700
1591,17.46700,1.80900,5.93800
1592,14.32500,1.60400,6.44900
1593,13.52800,1.60400,6.69300
1594,15.93400,1.60000,5.13300
1595,17.65400,1.60800,5.64400
1596,17.87200,1.62300,6.99800
1597,14.80100,1.62000,7.31500
1598,12.97600,1.62700,5.37300
1599,16.55600,1.60500,6.24700
1600,16.30000,1.61500,4.53200
1601,17.86900,1.60700,6.21200
1602,15.90100,1.61800,6.19800
1603,14.20000,1.62300,7.45600
1604,13.74100,1.61700,6.19200
1605,12.27400,1.62300,4.87000
1606,15.54300,1.61200,5.91500
1607,15.17700,1.63200,5.32800
1608,14.95100,1.63000,4.99700
1609,19.44400,1.61200,6.44400
1610,17.72500,1.62200,6.67100
1611,16.47200,1.63200,8.87000
1612,15.14300,1.64200,7.66600
1613,14.10800,1.63800,6.12400
1614,15.88700,1.63900,5.76100
1615,16.17100,1.82600,5.61800
1616,15.21900,1.65600,5.94400
1617,13.01600,1.64800,5.81100
1618,13.60400,1.64600,5.40000
1619,16.07700,1.64400,5.04900
1620,18.96600,1.86200,5.16800
1621,15.76100,1.64700,5.97500
1622,13.90700,1.65900,6.84000
1623,14.96900,1.87500,5.61500
1624,14.21300,1.66600,4.66600
1625,12.86700,1.66400,6.20200
1626,13.52800,1.66300,5.52700
1627,14.78800,1.66100,5.07700
1628,14.18300,1.67300,5.09500
1629,12.07000,1.67000,5.42700
1630,12.58700,1.63500,4.70600
1631,12.50400,1.66500,4.57500
1632,12.39200,1.65300,4.51900
1633,13.62000,1.66500,4.78900
1634,14.55600,1.65800,4.58100
1635,14.39600,1.66500,5.24100
1636,14.62900,1.67000,5.23100
1637,15.25800,1.65600,5.46500
1638,14.91500,1.67800,5.50600
1639,13.99900,1.68000,5.14200
1640,16.89600,1.67900,5.25300
1641,15.90800,1.88000,5.20500
1642,14.69000,1.68000,6.80700
1643,16.14500,1.67200,6.85500
1644,16.64100,1.66700,5.99800
1645,17.30100,1.65400,6.76200
1646,13.12700,1.67300,6.33700
1647,13.82100,1.67500,6.94600
1648,14.31200,1.68000,5.35800
1649,14.13900,1.67200,5.26900
1650,13.90200,1.67200,4.79300
1651,15.56000,1.67300,5.48300
1652,15.16600,1.89400,5.40400
1653,15.02200,1.67200,5.19200
1654,16.37000,1.66500,6.18100
1655,15.69200,1.68000,5.90100
1656,14.26200,1.67800,5.76100
1657,14.64200,1.66400,5.75600
1658,12.97200,1.87200,5.02300
1659,15.63000,1.67300,4.69800
1660,14.32200,1.67700,5.01400
1661,14.09500,1.67000,5.21300
1662,16.17600,1.86400,6.24800
1663,14.95500,1.65400,5.21600
1664,15.20200,1.67100,5.70600
1665,16.32000,1.68300,5.98700
1666,15.04100,1.67600,5.41500
1667,14.53100,1.68300,6.04300
1668,13.48300,2.01400,5.93200
1669,13.79000,1.68500,5.07600
1670,13.45500,1.66600,5.19500
1671,13.08400,1.89600,5.00200
1672,14.22300,1.69200,5.01300
1673,14.28700,1.67700,5.41200
1674,13.46300,1.67300,5.24100
1675,12.19600,1.69300,4.73600
1676,13.63200,1.68500,4.83600
1677,13.88800,1.68800,4.49600
1678,14.89300,1.70000,5.63000
1679,15.17500,1.88800,5.28000
1680,12.33400,1.67200,5.23900
1681,13.42400,1.69000,5.67300
1682,12.62600,1.85100,4.95300
1683,13.04500,1.67300,4.84400
1684,12.99200,1.69100,5.14900
1685,13.90700,1.67400,4.91800
1686,13.98200,1.68500,5.50000
1687,15.18000,1.89800,5.12600
1688,13.98000,1.68700,5.02300
1689,14.32200,1.68400,5.87300
1690,15.62600,1.68300,5.79300
1691,14.84800,1.69800,5.46900
1692,15.73800,1.69600,5.14100
1693,16.99000,1.71500,5.83200
1694,14.78400,1.73000,5.73700
1695,13.83700,1.70600,5.65700
1696,15.54800,1.70100,5.57700
1697,14.51900,1.70100,6.05800
1698,15.05000,1.70700,5.35300
1699,13.61200,1.70400,5.66300
1700,13.82200,1.69500,6.88200
1701,13.55500,1.92600,5.41100
1702,12.96600,1.72400,5.28300
1703,14.99600,1.71400,5.02500
1704,15.09000,1.71000,4.96100
1705,14.87300,1.71200,5.62500
1706,15.85100,1.71700,6.55200
1707,14.95900,1.71700,6.19700
1708,14.14900,1.91400,7.06500
1709,12.88300,1.70200,4.65500
1710,12.48900,1.72900,4.95900
1711,12.25400,2.14400,5.00400
1712,13.08900,1.72000,4.91000
1713,15.98000,1.99800,4.79900
1714,15.59000,1.72800,4.86900
1715,17.40300,1.72500,7.18500
1716,14.15600,1.74600,6.31700
1717,13.25700,1.74300,6.95000
1718,15.65300,1.73600,5.94700
1719,13.58200,1.72500,4.99800
1720,14.77900,1.74700,6.18200
1721,14.93800,1.73300,5.49400
1722,15.57700,1.88300,5.26900
1723,11.45400,1.73200,5.42600
1724,14.31500,1.73100,6.10200
1725,12.38800,1.75100,4.37300
1726,13.95400,1.74300,6.53400
1727,15.02800,1.74500,5.44500
1728,13.83400,1.74800,5.18700
1729,15.36800,1.73900,5.72300
1730,14.65600,1.76400,5.32000
1731,13.92800,1.76600,5.41100
1732,14.12100,1.91600,5.45800
1733,14.96000,1.76200,5.42600
1734,13.72600,1.75200,6.40100
1735,14.05600,1.75700,5.62100
1736,13.80700,1.91500,5.01400
1737,13.93500,1.76400,5.00000
1738,14.12300,1.76700,5.33600
1739,12.64200,1.92400,5.36300
1740,14.89900,1.76900,5.57800
1741,14.53000,1.78800,5.39800
1742,13.28200,1.94700,5.45200
1743,14.36600,1.76800,5.40000
1744,15.09800,1.78700,5.56300
1745,16.41100,1.98700,5.73400
1746,13.52500,1.79700,5.48300
1747,13.83100,1.78200,5.96200
1748,14.90700,1.77900,5.85800
1749,11.01800,1.98000,5.32700
1750,13.63200,1.76800,5.40100
1751,16.68600,1.78600,4.96300
1752,16.56200,1.79400,5.36100
1753,14.62000,1.76700,5.60500
1754,16.40900,1.77400,6.39500
1755,16.53900,1.81100,6.68700
1756,18.63000,1.78200,6.60300
1757,18.25500,1.79800,6.58100
1758,16.33600,1.79700,7.83700
1759,16.32400,1.79300,6.75600
1760,17.38300,1.78400,6.43300
1761,18.31500,1.79300,6.50200
1762,14.98500,1.79000,6.62100
1763,17.23600,1.96400,6.79000
1764,17.24000,1.80300,5.60800
1765,13.99900,1.96100,6.28500
1766,14.88300,1.79300,6.58200
1767,13.33000,1.79800,5.13400
1768,15.29000,1.79800,5.72300
1769,14.45900,1.96500,5.51100
1770,15.21000,1.80800,5.80900
1771,16.45200,1.80100,5.73700
1772,14.81300,1.81700,6.26000
1773,16.69600,1.82000,5.83400
1774,16.42300,1.80700,6.54700
1775,17.64900,1.81000,7.20700
1776,16.84000,1.80600,5.82000
1777,16.59900,1.80900,7.68000
1778,16.70900,1.82200,6.38800
1779,17.74000,1.81000,7.15200
1780,13.83900,1.80700,7.21700
1781,13.90900,1.81200,7.76900
1782,13.67800,1.78900,5.53000
1783,13.19300,1.80000,5.44300
1784,13.32800,1.81000,5.79000
1785,12.71400,2.37600,5.73600
1786,11.58100,1.79400,4.52500
1787,17.84900,1.80300,5.51400
1788,15.68300,1.79900,4.77100
1789,12.21200,1.80000,7.52000
1790,11.20400,1.82500,6.96000
1791,11.40100,1.99400,4.39600
1792,10.22600,1.82300,3.85300
1793,13.43100,1.80900,5.03000
1794,13.35000,2.01500,4.97600
1795,12.97700,1.81200,4.74100
1796,14.76700,1.80000,5.64300
1797,17.17200,1.80800,5.18500
1798,18.53400,1.84500,5.57400
1799,16.30900,1.84800,7.75200
1800,16.04200,1.82300,8.05500
1801,16.64800,1.82900,6.56600
1802,14.07900,1.81300,6.88500
1803,14.74000,1.81800,6.44500
1804,16.20700,1.83200,5.98900
1805,15.22700,1.82900,5.76300
1806,14.32500,2.03300,6.66900
1807,14.09100,1.82600,5.67200
1808,12.91000,1.82400,5.39600
1809,12.54000,1.83100,5.49400
1810,14.14300,2.13900,5.27600
1811,14.25700,1.82000,4.46300
1812,14.09600,1.83300,6.12900
1813,15.33800,1.80900,4.96900
1814,14.04400,1.81800,5.06900
1815,16.00500,1.82200,6.22100
1816,14.68800,1.99500,6.39700
1817,14.24600,1.82400,6.79900
1818,12.37600,1.82000,5.90800
1819,14.30000,1.81300,5.33500
1820,15.37300,2.02600,4.87800
1821,14.16100,1.80300,5.40100
1822,11.95100,1.81800,6.00000
1823,11.66400,1.81900,5.32900
1824,15.62300,1.82500,5.07200
1825,15.21800,2.04600,4.96200
1826,16.65800,1.81600,6.03800
1827,15.57100,1.82100,5.62100
1828,16.84400,1.83300,6.08400
1829,15.47400,1.84000,5.73900
1830,15.61600,1.83200,5.99600
1831,12.69400,1.82600,5.71500
1832,14.90100,1.82800,6.01900
1833,15.59000,1.81000,5.10000
1834,16.97800,1.83300,6.23400
1835,15.94500,1.82900,5.88300
1836,14.96600,1.83300,6.66600
1837,13.97800,1.82400,5.89100
1838,15.19300,1.82500,6.17200
1839,15.13600,2.00800,5.36400
1840,14.95600,1.83300,5.81200
1841,16.02600,1.83000,6.03500
1842,15.22500,1.82300,5.71300
1843,17.38000,1.82400,7.21100
1844,15.65900,2.03900,6.48300
1845,16.75100,1.82700,6.47400
1846,17.22500,2.00500,6.13400
1847,14.57600,1.82900,7.98400
1848,12.93000,1.82400,6.74600
1849,12.45500,2.18200,5.47200
1850,12.95700,1.80700,4.91700
1851,12.62700,1.82100,5.15400
1852,12.15400,1.83300,5.18300
1853,15.35500,2.03600,5.51500
1854,12.94500,1.82900,4.12400
1855,15.64400,1.83200,7.08600
1856,14.61100,1.81000,6.48900
1857,13.81700,1.81400,5.96100
1858,13.87700,1.83100,5.43000
1859,15.62000,1.82900,5.67700
1860,17.91400,1.81900,6.68300
1861,15.80200,1.83500,6.37400
1862,15.55900,1.82000,7.07400
1863,15.74200,1.83600,6.30200
1864,14.75200,1.82300,6.95700
1865,13.92600,1.82900,6.07500
1866,14.45900,1.83900,5.64300
1867,11.38700,2.01000,5.40000
1868,14.57100,1.81700,5.24300
1869,14.44000,1.82900,5.73500
1870,13.09300,1.81900,5.27800
1871,12.63000,1.84200,4.82500
1872,14.10000,2.03500,5.50300
1873,16.51500,1.81000,4.72600
1874,14.18600,1.82700,6.02300
1875,15.68300,1.82400,7.79700
1876,15.52600,1.82500,5.90500
1877,15.51200,1.82100,6.10100
1878,15.78000,1.82100,5.71500
1879,17.06800,1.83000,6.15500
1880,21.00400,1.82700,6.60700
1881,16.35100,1.82600,7.00000
1882,15.19600,2.02800,8.96100
1883,15.38100,1.82500,6.95600
1884,15.79500,1.82400,5.89700
1885,14.94600,1.83800,5.86000
1886,14.99500,1.83900,6.32200
1887,14.39100,1.83300,6.40000
1888,13.60600,1.84500,6.29700
1889,10.64200,2.19300,5.00100
1890,13.83100,1.83300,5.30200
1891,14.54700,1.82400,5.02100
1892,14.74900,1.85700,4.91200
1893,17.47300,1.85000,6.43800
1894,15.31100,2.02300,6.42800
1895,16.12500,2.42100,7.23200
1896,13.73800,2.05400,5.95300
1897,18.15200,1.83300,6.65900
1898,16.37400,1.83500,5.53600
1899,19.14300,1.84700,7.36200
1900,17.31100,1.85100,6.07600
1901,16.70200,2.05900,7.37400
1902,15.38000,2.06300,7.15000
1903,15.08400,2.04000,6.17600
1904,16.25900,1.83700,6.10500
1905,15.86500,1.83400,6.32800
1906,14.42800,1.86000,6.31600
1907,14.92200,1.84600,5.94500
1908,15.33800,1.84000,5.98600
1909,15.18600,2.01100,7.44500
1910,15.94800,1.83700,5.94200
1911,15.06600,1.83600,5.96600
1912,14.35700,1.84900,6.91200
1913,15.15500,1.82800,5.47000
1914,14.74500,1.87000,6.31100
1915,11.49400,2.07200,5.72500
1916,16.56300,1.84100,6.89200
1917,17.68000,1.86300,5.87600
1918,19.58400,1.91400,7.92600
1919,16.26700,1.87500,6.94900
1920,18.55200,1.85500,9.14600
1921,16.86800,1.86100,6.67700
1922,16.35600,1.85600,8.33900
1923,17.66400,1.85600,6.60300
1924,17.40500,1.84600,7.36600
1925,16.09500,2.08200,7.34100
1926,16.56800,2.09900,7.16900
1927,16.33500,1.84700,6.04600
1928,16.05200,2.04200,6.16500
1929,15.19100,1.85000,6.26600
1930,15.94500,1.85000,6.15400
1931,16.59200,1.87900,6.31900
1932,16.61200,1.87300,6.73900
1933,16.82600,1.86500,6.20700
1934,15.14900,2.05200,6.45200
1935,15.99800,1.87400,5.82400
1936,17.05500,1.88300,7.69300
1937,16.13500,1.86900,6.48400
1938,14.69700,1.85800,6.72200
1939,21.76700,1.87000,6.81500
1940,17.30900,2.58900,6.22300
1941,17.36000,1.86900,9.88100
1942,16.27900,1.87000,6.55600
1943,15.24200,1.86100,6.15500
1944,19.14100,1.84500,6.52900
1945,20.89500,1.86300,6.01100
1946,17.64700,1.87100,7.80500
1947,16.15200,1.85100,9.90300
1948,17.35600,1.84600,7.08200
1949,16.48800,1.87100,6.15900
1950,16.65500,1.86400,7.81300
1951,14.16900,1.86200,6.24000
1952,15.34200,1.85600,6.34100
1953,16.63200,1.87900,5.68700
1954,15.62500,2.01700,5.94100
1955,15.79100,1.85800,6.31300
1956,16.17200,2.04900,6.28500
1957,19.05400,1.86800,6.08600
1958,19.58400,1.87100,6.34400
1959,15.28100,2.06600,9.19300
1960,15.48100,2.10300,8.28100
1961,14.67700,1.85700,5.78300
1962,17.17100,2.01800,6.25200
1963,13.67700,1.83600,5.31300
1964,13.87800,1.84800,6.43000
1965,12.73200,1.83600,4.86300
1966,14.37400,1.84400,5.33900
1967,14.41900,1.83300,5.02900
1968,13.65400,1.83300,5.48300
1969,14.21000,1.82300,5.60100
1970,15.23900,1.82900,5.08600
1971,15.79400,1.83400,5.02300
1972,13.14500,1.84200,5.72300
1973,13.94700,1.82700,6.43300
1974,16.38700,1.82000,4.98000
1975,13.48300,1.82300,5.11900
1976,13.88000,1.81800,6.54600
1977,15.45200,2.44800,5.72900
1978,12.43200,1.81900,5.06900
1979,12.67600,1.80500,5.93700
1980,13.58600,2.01700,4.92000
1981,14.53900,1.81700,4.31300
1982,14.94300,1.80600,5.33300
1983,13.07400,1.99800,5.79900
1984,13.10200,1.79700,5.53600
1985,13.88700,1.80800,4.92000
1986,14.09100,1.97800,5.25000
1987,14.18100,1.80600,4.70000
1988,13.98400,1.79300,5.27300
1989,13.49700,1.97200,5.34500
1990,14.28000,1.78000,5.01700
1991,13.98700,1.78400,5.10400
1992,12.70200,1.97500,5.63400
1993,12.42600,1.78900,5.23200
1994,15.92500,1.78700,5.11300
1995,14.22300,1.79200,4.47800
1996,12.78100,1.79200,5.98100
1997,14.17100,1.78000,4.97500
1998,16.06200,1.77400,5.06900
1999,14.29700,1.78000,5.51500
2000,13.40700,1.77800,5.84800
2001,12.70200,1.77800,6.04800
2002,13.61000,1.77800,4.51100
2003,13.78800,1.78200,4.53100
2004,15.22100,1.96500,5.20900
2005,13.45400,1.77800,5.23700
2006,16.74700,1.76900,6.39800
2007,13.23800,1.94800,5.64500
2008,12.98800,1.78100,6.81300
2009,12.07800,1.77100,4.41300
2010,11.61100,1.76700,5.32100
2011,12.95400,1.77000,4.52300
2012,11.86200,1.96100,4.42300
2013,14.04600,1.78000,4.68500
2014,13.92400,1.98600,4.32800
2015,15.14400,1.78100,5.34800
2016,14.48100,1.76700,5.00000
2017,13.53000,1.77800,5.44400
2018,13.55800,1.95700,6.80800
2019,12.64800,1.75800,5.04800
2020,17.17000,1.77900,4.74400
2021,13.79500,1.76900,4.89400
2022,12.27500,1.77000,6.50800
2023,13.27500,1.76400,4.21800
2024,13.74200,1.76800,4.65900
2025,15.47700,1.77200,4.69900
2026,15.26700,1.77600,5.17400
2027,13.18800,1.76400,5.93200
2028,12.87700,1.75500,5.37800
2029,11.47400,1.75900,5.11100
2030,14.51500,1.94600,6.04600
2031,12.38800,1.76100,3.75700
2032,13.69700,1.75800,5.27400
2033,13.56200,1.75900,4.40900
2034,16.44200,1.76200,5.02500
2035,13.46800,1.75600,5.34200
2036,14.17100,1.75400,5.92100
2037,13.89800,1.76300,5.46600
2038,14.22400,1.91400,5.37500
2039,15.67500,1.83400,5.43700
2040,15.07500,1.75800,5.48100
2041,12.89500,1.77100,5.20200
2042,15.23800,1.76700,5.36800
2043,14.56500,1.75700,4.87400
2044,13.58100,1.77300,4.98800
2045,13.46300,1.76500,5.04500
2046,13.05000,1.94900,5.05000
2047,13.81100,1.76300,4.64300
2048,14.12400,1.76900,4.96000
2049,13.72100,1.75300,4.85600
2050,11.70500,1.76900,5.09700
2051,13.35600,1.92600,4.46700
2052,13.22100,1.75700,4.46200
2053,17.67400,2.49000,5.28600
2054,16.54700,1.74800,4.97400
2055,13.11400,1.75400,7.31400
2056,17.12300,1.74200,5.52100
2057,14.77600,1.76600,4.53400
2058,13.04300,1.75000,5.88400
2059,13.90900,1.76200,5.40300
2060,15.16500,1.75000,5.06700
2061,13.75000,1.74700,4.94500
2062,14.74100,1.74100,5.35700
2063,14.83800,1.93400,5.06600
2064,13.67400,1.75700,5.11600
2065,14.77300,1.75600,5.36600
2066,14.44600,2.12800,4.86600
2067,14.85200,1.74400,5.34900
2068,15.95900,1.75700,5.52000
2069,14.66600,1.76200,5.90900
2070,17.13800,1.77100,5.31100
2071,12.63900,1.96500,5.28900
2072,12.77700,1.76400,7.45200
2073,13.32600,1.75900,4.83900
2074,13.22100,1.76500,4.77500
2075,12.21500,1.75000,4.63100
2076,13.29500,1.76100,4.81200
2077,13.21900,1.75600,4.49300
2078,9.84700,1.76800,3.63200
2079,9.44100,1.96200,5.28600
2080,12.53700,1.75600,3.18700
2081,13.81000,1.77200,3.69100
2082,12.11700,1.76000,4.63300
2083,12.20300,1.76000,5.38500
2084,13.14100,1.96000,4.51700
2085,13.95300,1.77000,4.66600
2086,14.77500,1.77700,5.00200
2087,13.38200,1.77500,4.64500
2088,13.35700,1.77200,5.21400
2089,14.78100,1.97600,5.40400
2090,14.17700,1.76800,5.51200
2091,14.40400,1.79200,5.33000
2092,16.01000,1.96900,5.34000
2093,17.13200,1.78200,5.77600
2094,16.85600,1.77400,5.53300
2095,17.51700,1.78500,7.51400
2096,13.44600,1.78800,5.96800
2097,13.82000,2.00800,6.12800
2098,13.76500,1.80100,4.54400
2099,17.04800,1.79500,5.46600
2100,17.05800,1.78800,5.38700
2101,15.88900,1.78900,6.85700
2102,16.62500,1.78900,6.18600
2103,16.42800,1.79200,6.33300
2104,15.49700,1.78700,6.73700
2105,13.87500,1.79100,6.79600
2106,11.71300,1.77900,6.47600
2107,15.22600,1.79000,5.43600
2108,14.35400,1.77900,4.87800
2109,12.32900,1.78500,5.53200
2110,14.44000,1.78200,6.44200
2111,11.86900,1.77600,4.81500
2112,12.57700,1.79800,5.05500
2113,13.27300,1.96600,4.61300
2114,15.57400,1.78700,4.47100
2115,15.29900,1.79200,4.78900
2116,15.35900,1.95800,7.17300
2117,13.60900,1.76700,6.02400
2118,11.98900,1.77800,5.94300
2119,13.32200,1.78100,5.55100
2120,14.49700,1.78300,4.16200
2121,14.33800,1.79100,4.96600
2122,14.08800,1.97100,7.31800
2123,12.55600,1.77700,5.49700
2124,14.43100,1.77800,5.18200
2125,14.06800,1.95100,5.15000
2126,14.74300,1.78700,5.59000
2127,14.83000,1.76800,5.84100
2128,13.98300,2.01100,6.11000
2129,13.36800,1.79100,5.62500
2130,16.15500,1.78600,5.25000
2131,14.71200,1.79000,5.03300
2132,15.21100,1.83300,6.08400
2133,17.08100,1.77100,6.14600
2134,15.95400,1.78300,5.86800
2135,15.02000,1.77000,6.64100
2136,13.29800,1.76700,5.60500
2137,13.69500,1.77000,5.69300
2138,14.71800,2.09300,4.94900
2139,12.49700,1.78400,5.34600
2140,15.96500,1.77100,5.89000
2141,15.49900,2.32800,4.99100
2142,14.02000,1.78400,6.37800
2143,15.17300,1.77700,4.89900
2144,14.36300,1.77900,5.90300
2145,15.15800,1.76700,7.13800
2146,12.41800,1.93000,5.66300
2147,12.30900,1.75900,4.89200
2148,12.06300,1.78200,4.85000
2149,12.80200,1.76200,5.15800
2150,14.06400,1.78200,4.61600
2151,13.56400,1.77000,5.21900
2152,13.61700,1.78800,5.27100
2153,14.73900,1.96200,5.33700
2154,14.88900,1.78400,6.07800
2155,17.96400,1.79800,6.35600
2156,15.16000,1.77400,5.59200
2157,13.91000,1.76500,8.00600
2158,12.60400,1.78500,5.87400
2159,11.95800,1.95200,5.18300
2160,12.88300,1.76900,5.13000
2161,14.69100,1.76300,5.48300
2162,13.54000,1.77400,4.58700
2163,12.99000,1.77800,6.25300
2164,13.06500,1.76500,4.81600
2165,13.98200,1.78300,5.47400
2166,14.65800,1.95000,5.12300
2167,12.36500,1.77600,4.82300
2168,15.36300,1.76500,6.44700
2169,14.75700,1.75900,4.69200
2170,17.26800,1.75700,5.94200
2171,14.48300,1.77600,5.47800
2172,14.59600,1.77300,6.80700
2173,13.59400,1.76300,5.39200
2174,13.22800,2.50500,5.94700
2175,12.80300,1.76900,4.86800
2176,12.22800,1.76700,5.61600
2177,10.59000,1.75600,4.85900
2178,14.70900,1.77200,4.26100
2179,14.59300,1.76500,4.09100
2180,15.63600,1.75700,6.92100
2181,12.56700,1.93400,6.05600
2182,12.86800,1.76200,5.52200
2183,13.86700,1.76400,5.14300
2184,14.25700,1.92300,5.47000
2185,15.03400,1.76800,5.29900
2186,13.58200,1.76200,5.59600
2187,16.25300,1.92700,5.90600
2188,15.58500,1.75600,5.33700
2189,16.35200,1.76500,6.74700
2190,17.99800,1.75800,5.74900
2191,16.13300,1.77500,6.29500
2192,17.17300,1.78000,7.37600
2193,18.60800,1.77500,5.51000
2194,18.74900,1.76200,6.23400
2195,17.45800,2.10000,8.07100
2196,17.35700,1.76900,8.54200
2197,14.80000,1.75700,7.53400
2198,14.25300,1.76300,7.12300
2199,16.01500,1.81800,6.32900
2200,16.18800,1.75900,5.11400
2201,15.38300,1.77300,6.43400
2202,14.05200,1.75900,6.39600
2203,15.02900,1.75900,5.55200
2204,14.98500,1.76000,5.42200
2205,15.46300,1.92600,6.22800
2206,14.54600,1.75400,5.75300
2207,12.91200,1.75700,6.29700
2208,16.74900,1.76100,5.57200
2209,14.42500,1.94900,4.34900
2210,16.45500,1.76600,5.86700
2211,14.39700,1.76900,5.23900
2212,15.46200,1.75400,6.06000
2213,14.04700,1.77000,4.89800
2214,14.70000,1.78200,5.88800
2215,14.69800,1.99000,5.86700
2216,14.49100,1.76000,5.13900
2217,16.57300,1.76300,5.43700
2218,15.16000,1.77000,6.01300
2219,13.70800,1.75800,8.08200
2220,14.54100,1.94800,6.45000
2221,14.29900,1.74600,4.79300
2222,14.82700,1.77300,6.09300
2223,14.27300,1.77400,6.00400
2224,16.33700,1.94600,6.08600
2225,17.09200,1.75900,5.87000
2226,14.91500,1.77300,6.10200
2227,13.85100,1.76700,6.77000
2228,13.58600,1.77900,6.80100
2229,12.20600,1.97000,5.55100
2230,13.24900,1.75500,4.77400
2231,15.49100,1.76100,4.77700
2232,15.34200,1.76000,5.53600
2233,18.69900,1.77600,5.99400
2234,15.29100,1.78100,5.59100
2235,17.29100,1.79600,7.91000
2236,16.73500,1.79200,6.28000
2237,14.77400,1.80700,7.76200
2238,13.18800,1.80500,6.74500
2239,13.60800,1.80200,5.41500
2240,15.43600,2.21000,5.64400
2241,19.87800,1.83200,5.71900
2242,15.23600,1.85700,6.59300
2243,15.14400,2.06400,7.94500
2244,18.93800,1.86200,5.74400
2245,18.31400,1.85000,5.60600
2246,16.79500,1.87700,7.45200
2247,18.27200,2.07900,7.88200
2248,17.22600,2.10500,7.88800
2249,15.76200,1.90500,7.77400
2250,15.26200,1.91400,7.80300
2251,16.94800,1.94700,6.49200
2252,19.64800,2.17800,6.60800
2253,21.91400,2.17600,7.76900
2254,16.52800,1.99800,8.65800
2255,16.42100,2.23400,8.97900
2256,15.20200,2.23300,6.65800
2257,16.49500,2.21600,6.65300
2258,16.35900,2.03400,6.51800
2259,17.57500,2.05200,7.94200
2260,17.05600,2.05700,7.57000
2261,17.05800,2.05900,7.49900
2262,18.06400,2.29700,7.68900
2263,18.57100,2.30400,7.06800
2264,18.55500,2.13200,7.10700
2265,18.79800,2.10000,8.71600
2266,17.87800,2.11600,7.82200
2267,17.71900,2.12700,7.55600
2268,16.71500,2.33600,7.15800
2269,21.26700,2.36300,7.73900
2270,21.60800,2.33500,7.68300
2271,22.96500,2.16700,10.15300
2272,22.69200,2.18200,9.73500
2273,17.96400,2.53100,9.91000
2274,22.38800,2.18500,9.56400
2275,21.40100,2.37000,7.58000
2276,20.53200,2.20800,8.92500
2277,18.19100,2.39800,9.35200
2278,18.42400,2.21600,9.74800
2279,23.81100,2.20800,9.21400
2280,17.36100,2.43400,8.58000
2281,16.07200,2.49500,9.72900
2282,15.13900,2.55500,7.40200
2283,16.84800,2.53100,7.33900
2284,17.48200,2.32300,6.43200
2285,18.53100,2.32700,7.21300
2286,20.61700,2.34500,8.18800
2287,17.78000,2.57400,7.99900
2288,18.75500,2.37200,9.18700
2289,20.96100,2.36700,6.84200
2290,18.02500,2.58800,8.41700
2291,20.51300,2.43000,8.92900
2292,19.81000,2.40400,7.65900
2293,19.62800,2.60800,9.56800
2294,19.79900,2.42000,8.87700
2295,20.32200,2.41900,8.81300
2296,23.88200,2.48200,8.85900
2297,24.87300,2.44800,9.49400
2298,22.48100,2.44100,11.04600
2299,20.91100,2.66400,11.05000
2300,19.92800,2.69800,10.69900
2301,19.70000,2.45900,9.03000
2302,20.25000,2.61600,8.61200
2303,21.50500,2.45700,8.25000
2304,25.09000,2.59600,10.45100
2305,23.55100,2.44600,9.15100
2306,23.56900,2.48400,10.35400
2307,21.02100,3.03100,10.15200
2308,17.90000,2.64100,10.75600
2309,19.48600,2.45700,9.04600
2310,20.57700,2.41200,7.91300
2311,20.14300,3.23600,9.08100
2312,18.80700,2.44300,10.11200
2313,17.86700,2.61200,8.78900
2314,19.64500,2.39300,7.94100
2315,18.98700,2.38000,7.89900
2316,22.08800,2.41900,9.25300
2317,18.10600,2.59500,8.37500
2318,18.72000,2.40700,10.58100
2319,19.82800,2.42300,8.31500
2320,17.81200,2.57700,7.48700
2321,23.54700,2.39700,8.86900
2322,22.62400,2.37200,8.28500
2323,21.15400,3.02100,10.36000
2324,18.51800,2.58600,10.60000
2325,16.68000,2.39000,8.23400
2326,19.38400,2.55200,7.44100
2327,18.44400,2.59100,6.99900
2328,19.71200,2.85400,8.80300
2329,17.43600,2.43400,7.91400
2330,19.57400,2.41400,8.79400
2331,17.18600,2.62200,7.23000
2332,20.89600,2.85400,7.96900
2333,20.95200,2.44600,8.11600
2334,22.29600,2.43800,10.38000
2335,21.71800,2.41700,9.40600
2336,20.17100,2.59700,10.12500
2337,20.14000,2.42100,9.52000
2338,19.04300,2.77700,9.80300
2339,19.06500,2.42100,9.70600
2340,19.24900,2.42900,7.87300
2341,15.40200,2.62800,9.05600
2342,13.86100,2.42900,8.88200
2343,17.27000,2.42900,6.89300
2344,17.33500,2.59900,6.29300
2345,18.97700,2.58700,7.96400
2346,18.30600,2.57200,7.66300
2347,19.11900,2.41600,8.59900
2348,15.70100,2.38300,8.04900
2349,16.26900,2.36600,9.18800
2350,17.03900,2.37300,7.35900
2351,16.72300,2.35200,7.15500
2352,17.67300,2.35500,7.19100
2353,19.72400,2.35700,7.00500
2354,17.45300,2.32400,7.94300
2355,17.14200,2.40800,8.74200
2356,21.00800,2.36700,8.05100
2357,27.27600,2.34500,8.52100
2358,18.33800,2.36600,9.08300
2359,19.97700,2.59800,10.72100
2360,19.60900,2.42500,8.13600
2361,17.54700,2.43000,8.40500
2362,18.80400,2.56900,8.02400
2363,18.39500,2.61200,7.84400
2364,17.72400,2.55400,8.62400
2365,18.89500,2.39200,8.09900
2366,25.00200,2.38800,9.04600
2367,21.92200,2.54700,7.79100
2368,20.21600,2.54800,10.33500
2369,18.77500,2.35800,9.60700
2370,22.57200,2.56500,9.43000
2371,23.12700,2.39100,8.42300
2372,21.22700,2.61700,9.75900
2373,18.58300,2.40600,9.25100
2374,18.22000,2.36300,10.09600
2375,18.56300,2.37900,8.28000
2376,17.73900,2.30200,6.93100
2377,18.81800,2.68600,8.61700
2378,16.88200,2.49100,7.29900
2379,20.93300,2.29200,7.83100
2380,17.42700,2.43700,7.18800
2381,18.28800,2.47100,8.83300
2382,21.32000,2.50700,7.12000
2383,23.33400,2.26900,8.61300
2384,18.86600,2.26500,9.91600
2385,18.35600,2.32200,8.87800
2386,19.41000,2.31600,8.21700
2387,17.73500,2.53300,8.31500
2388,17.76100,2.27900,8.28500
2389,19.86600,2.28000,7.91400
2390,17.66500,2.24400,7.53000
2391,17.77200,2.43100,8.67400
2392,17.01500,2.45900,7.35200
2393,16.13100,2.26600,7.01500
2394,15.22800,2.22500,6.60500
2395,14.29500,2.44900,6.77500
2396,15.90900,2.39200,6.80600
2397,17.89400,2.18500,5.94400
2398,15.31700,2.17900,6.01200
2399,13.32300,2.18600,7.08100
2400,13.92200,2.15500,5.60300
2401,15.40700,2.16000,5.69400
2402,16.35200,2.36100,6.23800
2403,14.90000,2.15300,5.79600
2404,14.23400,2.12300,5.97700
2405,10.07100,2.12200,5.28100
2406,13.43900,2.13900,6.11200
2407,15.74300,2.13000,4.45800
2408,19.53500,2.37000,6.12500
2409,17.07900,2.35500,6.93000
2410,14.49000,2.13600,8.06500
2411,18.45400,2.13000,7.42800
2412,15.33300,2.87100,6.29700
2413,15.39200,2.13100,8.86300
2414,14.26400,2.31400,6.20100
2415,13.34600,2.32500,5.99200
2416,14.08500,2.07400,5.74400
2417,15.06900,2.09300,5.32800
2418,14.54800,2.29500,6.15800
2419,14.54900,2.07100,6.58500
2420,14.59100,2.08200,5.72700
2421,13.68100,2.06100,5.82000
2422,14.23200,2.29000,5.89400
2423,14.46400,2.03600,5.72800
2424,15.52300,2.24300,5.70800
2425,13.42200,2.23100,5.27300
2426,13.22500,2.21200,6.27300
2427,14.04000,2.03000,4.60500
2428,13.74000,2.01600,5.68800
2429,13.13000,1.97100,5.55000
2430,11.11000,1.93300,4.98200
2431,14.90800,2.16400,5.38900
2432,13.26000,1.93800,4.15300
2433,18.49500,1.94500,6.35100
2434,14.65100,1.93600,5.59600
2435,15.03300,2.38400,7.19800
2436,15.05300,1.94300,5.45400
2437,13.35000,1.94000,6.88100
2438,12.46500,1.94000,4.91100
2439,14.35600,2.12900,5.49500
2440,12.17300,1.96000,4.59700
2441,15.47200,1.94100,5.67200
2442,15.66100,1.94300,4.59000
2443,12.95100,1.95500,6.43500
2444,12.10400,1.93500,5.03000
2445,13.62000,2.15500,5.20500
2446,13.83200,1.93300,5.12300
2447,12.87700,2.12800,5.34700
2448,14.31200,1.93600,5.49700
2449,12.70300,1.94000,5.04300
2450,14.63200,2.33500,4.87700
2451,14.42500,1.93500,4.82100
2452,13.88700,1.93400,6.22700
2453,13.34400,2.13600,5.77400
2454,13.72100,1.92600,5.26100
2455,12.93700,1.94700,5.37400
2456,12.64900,2.12900,4.65900
2457,12.96400,1.92300,4.85700
2458,12.65900,2.11400,5.11300
2459,13.20600,1.94200,4.72500
2460,13.08000,2.19100,5.73300
2461,10.67700,1.91800,4.54600
2462,11.74800,1.91600,3.92600
2463,11.92100,1.95600,4.26300
2464,12.30500,2.11100,4.76900
2465,11.60700,2.08300,4.76000
2466,10.73900,1.91200,4.85700
2467,10.59000,1.92400,4.39300
2468,12.10700,1.93100,4.22500
2469,13.30300,1.92700,4.51500
2470,12.83500,1.93400,4.47400
2471,12.53900,1.92700,5.52300
2472,13.91700,1.92600,4.48200
2473,12.99700,1.93500,5.01600
2474,13.95100,1.93900,4.88100
2475,12.40100,2.15200,5.60800
2476,11.83100,2.20200,4.64800
2477,12.29100,1.93100,5.00700
2478,11.70300,1.93000,4.87500
2479,13.14400,1.98000,4.98300
2480,12.67300,1.92200,4.54300
2481,12.80200,2.12200,4.78300
2482,12.38400,1.94500,4.60800
2483,12.46400,1.93100,4.69700
2484,11.30500,1.92500,4.33000
2485,13.07600,1.93800,4.64200
2486,12.17700,1.92800,4.47100
2487,13.68700,2.13800,5.53400
2488,11.25900,1.94000,4.51800
2489,11.24100,1.93000,5.09800
2490,11.00600,1.92300,4.85200
2491,11.34600,2.09800,3.90000
2492,11.21400,2.33700,4.20300
2493,11.97800,1.92200,4.17700
2494,11.62800,2.28900,4.71100
2495,10.82900,1.92200,4.16100
2496,12.35900,1.90000,4.57000
2497,11.08900,2.10600,4.26600
2498,13.23300,1.91500,4.72400
2499,14.09600,1.90400,4.45100
2500,15.43000,1.91200,5.20000
2501,12.46400,1.91800,6.27900
2502,12.29100,2.33500,5.90900
2503,12.04400,1.90400,4.84400
2504,13.22800,2.09800,4.71800
2505,11.95100,1.91200,4.54900
2506,12.42200,2.11300,4.75700
2507,10.71900,1.89000,4.46500
2508,11.10900,2.08600,4.56500
2509,9.89300,1.88100,3.92200
2510,10.85300,1.89600,4.01100
2511,12.60300,1.87900,3.76400
2512,10.53600,2.08400,4.54700
2513,12.34100,1.88500,4.69100
2514,10.08800,1.87600,4.37400
2515,10.15200,1.87900,3.97900
2516,9.24700,1.88400,3.87700
2517,13.81200,1.87600,4.90900
2518,13.17500,1.88000,3.89600
2519,12.70700,1.88200,5.37500
2520,13.44500,2.09600,4.94800
2521,12.75100,1.89100,5.02300
2522,12.89500,1.88600,4.92700
2523,12.15100,1.88800,5.32800
2524,12.62000,1.86700,4.83900
2525,12.89800,1.87700,4.86300
2526,13.24400,1.87000,4.87400
2527,16.22200,1.86200,5.66300
2528,12.45100,1.87300,5.06000
2529,12.60800,1.85800,5.89900
2530,11.41600,1.88000,5.66400
2531,12.27600,1.87100,4.57500
2532,11.62300,1.87600,4.28300
2533,13.41600,1.85800,4.71900
2534,13.49800,1.88500,4.48000
2535,14.88700,1.87000,5.30700
2536,10.36200,1.87900,4.99400
2537,11.15000,1.86800,4.90000
2538,10.88800,1.86300,3.66000
2539,9.92000,1.86000,3.93300
2540,11.57600,1.85100,4.32700
2541,12.31600,1.85500,3.87200
2542,11.90900,2.05300,3.66400
2543,9.66500,1.85900,5.84000
2544,11.74200,2.19700,5.38400
2545,9.44600,1.86300,4.10100
2546,10.39900,1.84500,4.39300
2547,10.80800,1.84500,4.09200
2548,12.03000,2.04500,4.34400
2549,14.37000,1.85000,4.42100
2550,11.59400,1.85500,4.85500
2551,10.97600,1.85400,5.34400
2552,11.39700,1.84400,4.88600
2553,12.52200,2.06300,4.08400
2554,12.04300,1.84800,3.96100
2555,12.78800,2.03800,5.61100
2556,12.11800,1.84800,5.13500
2557,11.38200,2.03900,4.61900
2558,11.42600,1.84500,4.44900
2559,9.23700,1.84100,4.17300
2560,11.62100,1.85000,3.93000
2561,12.77300,1.85400,3.53500
2562,13.31100,1.84600,4.31000
2563,12.73300,1.84600,4.79900
2564,8.34900,1.84100,4.95900
2565,10.03000,1.85500,4.36500
2566,11.26400,1.83500,3.41500
2567,9.66300,1.85200,4.35600
2568,9.75500,1.84800,4.13600
2569,10.68100,2.05100,3.79800
2570,9.53900,1.86200,3.59200
2571,10.81400,1.85400,3.80000
2572,11.42300,1.85100,4.02600
2573,8.43500,2.00700,4.23900
2574,9.75200,1.85800,3.52500
2575,11.19400,1.85300,3.26300
2576,9.78000,1.84900,4.04000
2577,11.13600,1.85500,4.56600
2578,9.47700,2.05900,3.81200
2579,10.61500,1.85500,3.85500
2580,11.76300,1.84900,3.68100
2581,11.16100,1.85400,4.06300
2582,12.01300,1.87600,4.25700
2583,11.92100,1.87100,4.42600
2584,12.84700,2.05800,4.67600
2585,12.76000,1.86700,4.41400
2586,12.68100,1.86200,4.87700
2587,11.28200,1.86700,4.84500
2588,11.08000,2.05000,5.08300
2589,11.65500,1.85800,4.65200
2590,11.93200,1.86800,3.99100
2591,13.23000,2.07900,4.81900
2592,12.38300,1.86200,4.53800
2593,12.24800,2.09100,4.68900
2594,13.61000,1.87600,5.12800
2595,13.29700,1.86000,4.59400
2596,12.10600,1.86100,4.57600
2597,13.56100,2.53000,5.20900
2598,11.24100,1.85900,4.65800
2599,11.54000,1.86400,4.65200
2600,11.62600,1.86100,4.53400
2601,12.43600,2.05100,4.24300
2602,11.20200,1.87100,4.51000
2603,12.19800,2.05300,4.73600
2604,11.88600,1.86900,4.38600
2605,12.58900,1.87500,4.76100
2606,14.06500,1.89000,4.62300
2607,11.72500,1.87300,4.78800
2608,10.81500,2.06100,6.02100
2609,12.28400,1.88100,5.13900
2610,13.24600,2.08100,4.49400
2611,13.59800,1.87200,4.81500
2612,12.61700,1.93300,5.20800
2613,14.54800,1.87000,5.25100
2614,13.38800,2.32200,5.26700
2615,12.08100,2.09500,5.83300
2616,12.33200,1.87200,5.46200
2617,12.11600,2.07800,4.05100
2618,10.38500,1.87200,4.84500
2619,8.68000,2.05400,4.78300
2620,8.56000,1.86400,4.34000
2621,7.92000,1.85400,2.99800
2622,7.62100,1.84800,3.06900
2623,6.75900,1.84800,3.40900
2624,11.09600,2.05100,3.30100
2625,8.55800,1.84500,2.67700
2626,7.33600,1.84400,4.22900
2627,7.68800,1.83100,3.39400
2628,7.20800,1.84500,2.91100
2629,7.89200,1.83700,2.97300
2630,7.23400,2.56500,2.88100
2631,8.81000,1.83300,3.26500
2632,7.59600,1.84000,2.86800
2633,8.48700,1.81600,3.33000
2634,7.94600,1.82500,3.05400
2635,8.06400,1.81600,3.48800
2636,8.34600,1.82700,2.94700
2637,9.59400,1.81100,3.37400
2638,10.63000,1.80900,3.71300
2639,10.79700,1.99900,3.69300
2640,10.57700,1.81100,4.31600
2641,8.98700,1.81400,4.26100
2642,8.17900,1.80200,4.61000
2643,9.13300,1.79000,3.99400
2644,9.28400,1.79800,3.47800
2645,9.74400,2.17900,3.30200
2646,9.31700,1.79900,4.34000
2647,9.21200,1.81300,2.99500
2648,8.76300,1.80100,3.15500
2649,11.17700,1.79300,4.14100
2650,11.42800,1.79800,3.38100
2651,8.87300,1.79800,5.15000
2652,8.99100,1.79900,4.08200
2653,7.56400,1.79400,3.24700
2654,9.15000,1.78200,3.05400
2655,8.60600,1.79500,2.89900
2656,10.08800,1.78400,3.72300
2657,10.73500,1.80900,2.98300
2658,10.18300,1.77700,4.43600
2659,10.51800,1.75800,4.93500
2660,10.12100,1.97100,4.00000
2661,9.42200,1.76900,3.41700
2662,8.96200,1.77500,3.94700
2663,9.42000,1.75500,3.71500
2664,11.30800,1.75000,4.25200
2665,10.70600,1.95600,3.78000
2666,12.08400,1.75900,4.65700
2667,12.49900,1.76600,3.78000
2668,12.07700,1.94600,4.37700
2669,9.36500,1.72800,3.81100
2670,11.03300,1.74900,4.90600
2671,11.01800,1.93300,4.14800
2672,10.85900,1.74500,4.34400
2673,12.62800,1.73800,4.21500
2674,12.85300,1.93100,4.49400
2675,12.13800,1.75000,4.71700
2676,11.43100,1.95700,4.53000
2677,11.61300,1.73400,4.74400
2678,10.19500,1.72600,4.52000
2679,11.45400,1.74000,4.88300
2680,9.73200,1.72200,4.12600
2681,11.24000,1.72300,4.59300
2682,12.06900,1.73800,4.25700
2683,9.40700,1.72000,4.57200
2684,10.58300,1.70800,4.51300
2685,9.90000,1.94900,3.48500
2686,8.26600,1.70900,3.45600
2687,8.72100,1.72000,3.46200
2688,8.12700,1.70000,3.30700
2689,9.08400,1.70700,3.70500
2690,9.37100,1.71300,2.64900
2691,8.52400,1.70600,3.75400
2692,8.87300,1.70200,3.17700
2693,8.26900,1.70100,3.94000
2694,8.60700,1.70800,3.98000
2695,8.24300,1.69300,3.55300
2696,8.85000,1.70300,3.91300
2697,8.62100,1.70800,2.98200
2698,9.31900,1.70400,3.87200
2699,8.02800,1.70700,3.14900
2700,8.85900,1.71800,4.12600
2701,8.30100,1.71000,3.08100
2702,10.41000,1.91900,3.47300
2703,8.10300,1.71600,2.88100
2704,8.59000,1.69900,3.55800
2705,7.82100,1.70300,3.22200
2706,7.78800,1.70000,3.14100
2707,8.12700,1.70000,3.18900
2708,9.42000,1.69900,3.08800
2709,8.28200,1.92100,3.00300
2710,7.97900,1.69700,3.47500
2711,7.37900,1.69100,3.06700
2712,9.36200,1.68900,2.97900
2713,9.59400,1.91000,3.09900
2714,8.76000,1.68900,3.26200
2715,9.54900,1.68400,3.11400
2716,10.89300,1.68100,3.90000
2717,11.96100,1.69100,3.74800
2718,9.48800,1.68100,4.07000
2719,9.46400,1.68000,5.17400
2720,11.02900,1.67200,3.22400
2721,9.94300,1.68000,3.68000
2722,9.61700,1.66300,4.61700
2723,11.19900,1.68500,4.38800
2724,10.87600,1.67900,3.91800
2725,11.03100,1.68300,4.17500
2726,9.37900,1.66000,3.44200
2727,10.48300,1.67100,4.38100
2728,10.74100,1.68000,3.31500
2729,10.89800,1.66300,4.10700
2730,10.34400,1.66000,4.25100
2731,11.84600,1.68500,3.69500
2732,14.06700,1.65100,4.35700
2733,14.41500,1.65700,5.19400
2734,14.25100,1.66500,5.80300
2735,15.81000,1.66800,5.20600
2736,13.94800,1.87400,5.39500
2737,15.67500,1.64900,7.34900
2738,14.70900,1.66000,5.42400
2739,12.11600,1.64500,4.99300
2740,11.00300,1.64900,5.53700
2741,12.33500,1.64700,4.62900
2742,11.51800,1.85400,3.75000
2743,12.30700,1.63200,4.88100
2744,12.75300,1.63600,4.67700
2745,14.62300,1.64700,4.88300
2746,12.32100,1.65200,4.68700
2747,13.68000,1.63600,4.86000
2748,11.72700,1.80300,4.94400
2749,15.61700,1.62200,5.34000
2750,14.00400,1.85700,4.71900
2751,15.53700,1.63400,5.15700
2752,15.22900,1.63200,6.14800
2753,13.60700,1.62800,5.37400
2754,13.28300,1.62000,5.94700
2755,13.78500,1.85000,5.85200
2756,11.72800,1.62100,4.37600
2757,12.72100,1.63800,4.98100
2758,12.19600,1.61500,4.31300
2759,12.44000,1.61800,4.42400
2760,12.47800,1.60100,4.28700
2761,12.92200,1.62100,4.70300
2762,14.72400,1.61400,4.45100
2763,13.55400,1.61600,4.60800
2764,13.63300,1.82100,5.50100
2765,13.16100,1.62100,4.37900
2766,13.61100,1.61200,5.06400
2767,13.82800,1.61000,6.07500
2768,13.70200,1.59800,4.94300
2769,13.79600,1.77100,5.12700
2770,14.88200,1.60700,5.42700
2771,14.23300,1.60700,5.02000
2772,10.53800,1.59600,5.41200
2773,11.92800,1.59100,5.35000
2774,14.96400,1.60100,3.89400
2775,13.34300,1.59400,4.07400
2776,14.08000,1.60300,6.41800
2777,13.26400,1.79100,5.13300
2778,15.05800,1.60400,5.46100
2779,14.63800,1.62100,4.88400
2780,12.81600,1.80600,4.89300
2781,15.32300,1.60100,5.46700
2782,15.61000,1.59400,4.67800
2783,16.02700,1.60400,4.84900
2784,13.64500,1.77100,5.71400
2785,14.34700,1.58700,5.41400
2786,11.85400,1.58900,4.53400
2787,11.89100,1.58000,4.16000
2788,12.10300,1.58200,4.51400
2789,12.40600,1.58800,3.88300
2790,13.00700,1.57800,4.41700
2791,14.26400,1.63200,4.47700
2792,11.97600,1.58100,4.41200
2793,14.05900,1.57800,5.35500
2794,15.29600,1.58500,4.36700
2795,13.85100,1.57300,4.89600
2796,13.44300,1.59200,5.74600
2797,13.62700,1.75300,5.44700
2798,12.09200,1.59500,4.62300
2799,13.53600,1.57300,4.52500
2800,11.86700,1.56600,4.29800
2801,12.77200,1.58200,5.00200
2802,11.90700,1.58200,4.41600
2803,12.55300,1.57700,4.33400
2804,13.08500,1.57200,4.33600
2805,13.80500,1.57000,4.49400
2806,13.61100,1.57600,5.23800
2807,11.92500,1.57900,4.23500
2808,12.50900,1.73300,4.39500
2809,12.29800,1.58000,4.23900
2810,12.75900,1.76800,4.93900
2811,11.88800,1.57400,4.53600
2812,13.02500,1.58100,4.24700
2813,11.39500,1.58000,4.34800
2814,12.57300,1.74500,4.52600
2815,12.22700,1.58000,4.33600
2816,14.59700,1.57300,4.29800
2817,14.29800,1.57700,4.41200
2818,14.53600,1.75000,5.57500
2819,12.36100,1.60000,4.87200
2820,11.34200,1.57700,5.27100
2821,11.73800,1.78000,4.27600
2822,12.73600,1.57600,4.15000
2823,13.42800,1.58800,4.70800
2824,12.54800,1.59300,4.76000
2825,12.79400,1.76600,4.52500
2826,12.00300,1.60200,4.21800
2827,12.96900,1.60200,4.29100
2828,12.70100,1.61000,4.34100
2829,14.66100,1.80700,4.38300
2830,15.24900,1.61700,5.07600
2831,13.27600,1.61900,4.94100
2832,14.13700,1.80100,6.21000
2833,14.43700,1.63300,4.77600
2834,13.64700,1.62800,5.03400
2835,14.65700,1.63500,5.20800
2836,13.87300,1.63100,5.36100
2837,13.91400,1.62500,5.08100
2838,14.25400,1.64800,5.19200
2839,15.17800,1.65200,5.67800
2840,15.16000,1.66600,5.44700
2841,15.52400,1.67600,5.57900
2842,14.07700,1.66200,5.96300
2843,15.31300,2.04300,7.04500
2844,14.93200,1.67400,5.36400
2845,16.61600,1.68000,5.80100
2846,14.86500,1.69500,5.81500
2847,12.24600,1.68500,6.19700
2848,14.37100,1.69300,5.34600
2849,15.21400,1.70300,5.22500
2850,14.25300,1.71700,5.08000
2851,15.62100,1.92600,5.48500
2852,13.74200,1.71000,5.31400
2853,14.38300,1.71800,5.95000
2854,13.41400,1.73200,5.37300
2855,16.03000,1.73700,5.48400
2856,16.54800,1.73900,5.37800
2857,17.40400,1.75000,5.93800
2858,16.03200,1.76200,6.62900
2859,14.68200,1.77600,7.10800
2860,14.74700,1.77000,6.01700
2861,15.11300,1.77300,5.58500
2862,15.98500,1.79600,5.47800
2863,15.12900,2.05400,6.06800
2864,18.39800,1.79900,7.01800
2865,15.36700,1.80700,5.80900
2866,15.56600,1.99800,7.17600
2867,14.48500,1.80300,6.27000
2868,16.71000,1.81800,6.48500
2869,15.99900,1.83200,5.04900
2870,15.67500,1.83200,6.26300
2871,15.26600,1.82000,6.03200
2872,16.18800,1.84100,6.25900
2873,14.95900,2.02300,6.32200
2874,15.72200,1.83900,6.04300
2875,17.50800,1.82800,5.54900
2876,19.45000,1.83000,6.25400
2877,19.13200,1.83900,7.17500
2878,17.73800,1.85200,8.94700
2879,16.36800,1.85600,7.60300
2880,15.33300,1.84600,6.36300
2881,15.51300,1.84600,6.04900
2882,15.72400,1.85200,6.06900
2883,19.50500,1.85200,6.61500
2884,15.91400,2.22000,5.97900
2885,13.43300,1.84700,8.13300
2886,17.32100,1.85400,7.48900
2887,16.58400,2.03500,6.46400
2888,15.80700,1.86600,6.67000
2889,16.01100,2.06600,6.12300
2890,16.15100,2.07800,6.28500
2891,15.37900,1.84300,6.49500
2892,17.63500,1.86600,6.60900
2893,16.35300,1.85600,6.07100
2894,16.97600,1.85100,7.02900
2895,16.64300,1.86900,6.11600
2896,16.10300,1.87100,6.92900
2897,15.75200,1.86500,6.21000
2898,20.28500,1.85300,6.21000
2899,20.43000,1.86600,5.54800
2900,16.74500,2.09400,8.80300
2901,15.58800,1.86500,8.82200
2902,16.69700,1.87300,6.67600
2903,15.90200,2.30800,6.58900
2904,17.10000,1.88300,6.41300
2905,15.81300,1.87900,6.52300
2906,16.59200,1.87900,7.15000
2907,15.55800,1.87800,6.05000
2908,16.06200,1.88800,5.92600
2909,15.19100,2.06600,6.10700
2910,15.15500,2.09400,6.01300
2911,16.02900,1.86600,5.88000
2912,19.08000,1.88600,5.96000
2913,16.92300,2.04000,6.20900
2914,14.70900,1.87500,7.83800
2915,18.32300,1.85700,7.98400
2916,19.34200,2.02500,5.15500
2917,17.48500,1.84300,6.47200
2918,17.74600,1.84500,7.86500
2919,17.50200,1.85700,7.14100
2920,17.18600,1.84700,7.07900
2921,17.37200,1.84700,7.00100
2922,17.50700,1.85000,6.67900
2923,16.47000,1.83000,6.37300
2924,15.43200,1.83500,6.14300
2925,16.81500,1.81300,6.88100
2926,17.23800,1.82200,7.13500
2927,15.82100,1.83300,6.76300
2928,12.88600,1.81200,6.16400
2929,13.15400,1.82800,5.54900
2930,12.35300,2.17200,4.85000
2931,10.65100,1.80500,4.46900
2932,10.66500,1.81500,4.53900
2933,9.61400,1.78700,3.71300
2934,9.29700,1.79200,4.13300
2935,10.00000,1.96900,4.03800
2936,11.24400,1.80300,3.83900
2937,10.90900,1.79600,4.03200
2938,9.56500,1.78900,4.12700
2939,11.05300,1.77100,4.09300
2940,10.25300,1.77400,3.57700
2941,10.16100,1.76700,3.82800
2942,10.36900,1.77100,4.45100
2943,8.65900,1.75800,3.15300
2944,7.68100,1.96800,3.63000
2945,7.10500,1.77000,3.22600
2946,10.09200,1.96400,3.46400
2947,8.77500,1.75400,2.68300
2948,11.93400,1.76800,4.65000
2949,12.02800,1.95800,3.19300
2950,12.01600,1.74500,4.18300
2951,11.38200,1.93800,4.11100
2952,10.63500,1.74700,4.50800
2953,10.30800,1.72900,4.53100
2954,12.17700,1.92600,3.79300
2955,12.27700,1.74200,4.03700
2956,11.03400,1.73500,5.05900
2957,11.48700,1.73900,3.92200
2958,11.61000,1.74400,4.12200
2959,10.59500,1.95900,3.81300
2960,9.80300,1.73000,4.22800
2961,10.33600,1.73800,4.07500
2962,8.69300,1.71800,3.07500
2963,11.11900,1.96000,3.56700
2964,10.30700,1.73300,3.10600
2965,11.61600,1.72600,3.76700
2966,11.29200,1.73700,3.68600
2967,9.76100,2.12500,4.35700
2968,9.86700,1.73600,3.49700
2969,12.35600,1.72800,4.27900
2970,10.30900,1.73600,3.82000
2971,10.43800,1.72600,3.59000
2972,9.42700,1.73200,3.67600
2973,9.81600,1.72800,4.45300
2974,10.03700,1.73600,3.30000
2975,9.52700,1.95400,3.84200
2976,9.02100,1.74100,3.33800
2977,10.49900,1.74700,3.35600
2978,8.58700,1.74700,3.43100
2979,10.02400,1.74000,3.91400
2980,8.70800,1.73600,2.82600
2981,9.27200,2.12100,3.80800
2982,9.87200,1.75300,3.19600
2983,9.68000,1.75800,2.96500
2984,10.49500,1.76100,3.65700
2985,10.94100,1.74700,3.80800
2986,10.41200,1.74400,3.95400
2987,9.72600,1.96300,3.73100
2988,9.48000,1.74800,3.91000
2989,9.86800,1.74700,3.42600
2990,9.66300,1.75400,3.52200
2991,10.54500,1.74000,3.64600
2992,9.67000,1.95000,3.63900
2993,10.03900,1.74900,3.80800
2994,9.56900,1.75200,3.29200
2995,8.56400,1.91900,3.61700
2996,9.26100,1.74900,4.07600
2997,9.24000,1.75400,3.80900
2998,11.00500,1.74700,4.04200
2999,9.86000,2.14200,3.58500
3000,11.69200,1.76600,3.79100
3001,11.34800,1.75900,3.75100
3002,11.13900,1.74800,5.16800
3003,11.17900,1.75700,4.22000
3004,11.23400,1.77500,3.83100
3005,10.49800,1.91300,3.93800
3006,11.14300,1.74400,4.10900
3007,10.64900,1.74200,3.85500
3008,9.98700,1.74600,3.86300
3009,10.45600,1.79800,3.78400
3010,13.22700,1.74600,4.08600
3011,11.00500,1.74100,4.25000
3012,11.08800,1.94800,4.58400
3013,10.97900,1.74400,3.96100
3014,10.75700,1.74800,4.09300
3015,11.69500,1.79400,4.00600
3016,11.47000,1.75400,3.95600
3017,10.79900,1.74600,4.06300
3018,12.44900,1.76200,4.27400
3019,11.24900,1.75300,3.98000
3020,10.40700,1.91500,4.91500
3021,8.91400,1.75500,4.07400
3022,8.97800,1.75000,4.07100
3023,10.22100,1.76000,3.56700
3024,10.19700,1.76500,3.69200
3025,7.41000,1.92700,3.70600
3026,10.67600,1.76800,3.74500
3027,10.70800,1.76700,3.02000
3028,9.76800,1.76100,3.96000
3029,10.52500,1.76200,3.75200
3030,10.64300,1.75600,3.60300
3031,10.79400,1.96000,3.52900
3032,9.49700,1.76700,3.64600
3033,9.68000,1.76500,4.45000
3034,12.20100,1.75800,3.31500
3035,10.19100,1.90400,3.55500
3036,11.22000,1.78200,4.44600
3037,11.27500,1.75800,4.06300
3038,11.01900,1.91300,3.98700
3039,9.66100,1.76100,4.02800
3040,9.82300,1.75700,4.25100
3041,9.04700,1.75700,4.31700
3042,12.35700,1.95100,3.43200
3043,12.34500,1.78100,3.94900
3044,12.93900,1.76400,4.70900
3045,11.48800,1.97300,4.11200
3046,13.13300,1.76400,4.84100
3047,10.52200,1.96300,4.46400
3048,10.33500,1.75500,4.43400
3049,11.05300,1.75800,4.19100
3050,11.11500,2.49000,4.04100
3051,8.96900,1.75900,3.92500
3052,8.89800,1.76100,4.15400
3053,9.73800,1.75100,3.54900
3054,9.57400,1.74900,2.98400
3055,11.77700,1.77100,3.81700
3056,12.10800,1.76800,4.15500
3057,11.13600,1.75300,4.07700
3058,15.87800,1.92800,5.66500
3059,10.30600,1.77100,3.97600
3060,12.00700,1.75500,5.75600
3061,10.47500,1.76000,3.60700
3062,11.66400,1.91800,4.19600
3063,12.12500,1.75000,4.21900
3064,12.08800,1.74500,4.50400
3065,13.32600,1.92200,4.81300
3066,12.40500,1.76400,4.47600
3067,11.11800,1.92800,5.13600
3068,11.78400,1.76000,4.88100
3069,12.93000,1.76100,4.02100
3070,13.69400,1.75500,4.50800
3071,14.43800,1.94000,5.95000
3072,12.52300,1.76200,4.76800
3073,13.85600,1.76100,5.50700
3074,14.82100,1.77300,4.72700
3075,12.73200,1.76500,3.86900
3076,12.87000,1.79500,5.49200
3077,12.84700,1.76100,4.75000
3078,11.73100,1.76400,3.81700
3079,13.79200,1.76600,5.43400
3080,12.52600,1.77700,3.99500
3081,12.80700,1.94200,4.88400
3082,11.84000,1.75300,4.78000
3083,11.34200,1.75500,4.84900
3084,16.87000,1.74200,4.13800
3085,14.63200,1.77100,5.03400
3086,14.39400,1.74900,6.79700
3087,14.53800,1.75500,5.41000
3088,12.80600,1.77100,5.25200
3089,14.88900,1.91400,5.75100
3090,12.26800,1.76600,4.58500
3091,14.79600,1.75300,5.43100
3092,15.61100,1.75300,4.81100
3093,17.11600,1.75100,5.68900
3094,13.79700,1.75700,5.58200
3095,15.99100,1.74900,7.34200
3096,15.43400,2.35500,5.47000
3097,13.16300,1.76100,6.17800
3098,13.47500,1.93200,5.29300
3099,12.62600,1.74400,5.22600
3100,13.14700,1.75800,5.18200
3101,13.91800,1.75100,4.74800
3102,14.20100,1.74800,5.23100
3103,14.24700,1.75100,5.35200
3104,14.05200,1.74600,5.34500
3105,14.21200,1.73800,5.49200
3106,15.79400,1.91000,5.32500
3107,16.88700,1.72800,5.62800
3108,14.71700,1.73300,6.29200
3109,14.81100,1.71900,6.37600
3110,13.21100,1.74400,5.61600
3111,13.14400,1.74700,5.79000
3112,13.10300,1.72500,4.94200
3113,13.04800,1.71400,4.77400
3114,16.57600,1.71700,5.19500
3115,17.24600,1.73500,5.09900
3116,16.81200,1.72900,6.35500
3117,14.41500,1.72400,6.65200
3118,13.55700,1.72100,6.24700
3119,13.33500,1.73800,5.79900
3120,14.23700,1.71800,5.15300
3121,15.87400,1.71700,4.36400
3122,11.27300,1.72600,5.44900
3123,12.50700,1.93700,6.36700
3124,10.91000,1.71900,3.82700
3125,13.74700,1.72100,4.81700
3126,15.35600,1.72600,3.96600
3127,15.94900,1.69900,5.82100
3128,13.57600,1.71600,5.30000
3129,12.67500,1.70800,6.26900
3130,12.78500,1.71500,4.88200
3131,12.77800,1.69400,4.84200
3132,12.88300,1.70800,4.97600
3133,11.62200,1.69400,5.31200
3134,14.14300,1.70000,4.95600
3135,14.00400,1.69800,4.77300
3136,12.30100,1.69700,5.32200
3137,11.87200,1.69900,5.37800
3138,12.28300,1.69400,5.03400
3139,13.12000,1.87900,4.55100
3140,13.54400,1.69600,5.01600
3141,14.88100,1.89800,5.60800
3142,14.02800,1.70600,5.20900
3143,14.00900,1.70900,4.88100
3144,17.58100,1.69400,5.25800
3145,16.05900,1.70000,5.67200
3146,14.85700,1.70800,5.99900
3147,15.64000,1.70800,7.11800
3148,16.18600,1.70100,5.20000
3149,14.05700,1.70100,5.07400
3150,13.07500,1.70300,5.99500
3151,11.77000,1.70600,5.10500
3152,15.08600,1.70600,5.38700
3153,13.82300,1.71200,4.37700
3154,13.31500,1.93500,5.44800
3155,12.97400,1.70400,4.69900
3156,14.77900,1.70700,5.15200
3157,14.42900,1.70000,5.16500
3158,13.29800,1.70300,5.39700
3159,20.27900,1.71200,5.58400
3160,18.82800,1.90700,5.57000
3161,14.30300,1.71000,5.73000
3162,14.81600,1.71700,7.63300
3163,14.76200,1.71100,5.53200
3164,12.87400,1.76200,5.26900
3165,12.91900,1.70300,5.40400
3166,14.99000,1.71000,4.68100
3167,13.84200,1.91000,5.43600
3168,13.16000,1.71200,5.22000
3169,15.18900,1.71300,4.57700
3170,14.62500,1.89800,5.02800
3171,12.50900,1.69900,6.25000
3172,12.89700,1.70100,5.70800
3173,13.07100,1.76000,5.25800
3174,16.93400,1.69600,5.26500
3175,15.58000,1.72100,4.86700
3176,13.28000,1.71800,6.03100
3177,12.76400,1.72500,6.33500
3178,12.64800,1.68900,4.82000
3179,15.45600,1.70500,5.23900
3180,14.74100,1.71900,4.95200
3181,14.82500,1.71200,5.43200
3182,13.99400,1.71900,5.06300
3183,13.89000,1.73000,5.22100
3184,13.89600,1.70200,5.70200
3185,13.14400,1.70400,4.97600
3186,11.78900,1.72400,5.44800
3187,12.15300,1.70600,5.06700
3188,11.51500,1.72900,4.62800
3189,12.95300,1.70300,5.25700
3190,11.43500,1.89800,3.81200
3191,12.27200,1.69200,5.43700
3192,12.33700,1.89400,4.32100
3193,12.26400,1.70200,4.63400
3194,12.12900,1.71000,5.25800
3195,15.83700,1.70900,4.12800
3196,14.65300,1.70400,5.33600
3197,16.09200,1.70400,6.18200
3198,14.60000,1.73000,6.14900
3199,14.99000,1.72000,6.76500
3200,12.15600,1.72200,5.52000
3201,12.42400,1.93500,5.77600
3202,11.84000,1.70700,4.15400
3203,12.80900,1.71000,4.93700
3204,16.46300,1.71500,4.50600
3205,14.24900,1.71300,5.09800
3206,12.53100,1.71000,6.86500
3207,12.37500,1.70600,5.65200
3208,9.58200,1.74300,4.94600
3209,11.54900,2.33400,5.06600
3210,12.58600,1.73100,4.46200
3211,13.49500,1.80300,4.34900
3212,11.90100,1.74200,5.01600
3213,11.02900,1.74900,5.10200
3214,11.99500,1.74900,4.94700
3215,11.56100,1.90300,3.99600
3216,12.40700,1.74500,4.69900
3217,10.97600,1.75800,4.77000
3218,12.39500,1.76300,4.69000
3219,11.25400,1.75800,4.38600
3220,11.64000,1.93500,4.72200
3221,14.59600,1.76300,4.33300
3222,15.37500,1.77300,5.25300
3223,12.77100,1.79000,5.27700
3224,13.30200,1.79100,4.91800
3225,13.27600,2.01200,5.84600
3226,12.88200,1.78100,5.12700
3227,12.60900,1.80200,5.26400
3228,13.34600,1.77200,4.79800
3229,13.40700,1.79700,5.68700
3230,13.34100,1.78500,5.21200
3231,13.24800,1.79000,4.89800
3232,14.38000,2.02000,5.66800
3233,12.65100,1.78100,5.00900
3234,15.71600,1.79500,5.38700
3235,14.20700,1.81500,5.27800
3236,12.95700,1.81400,5.43700
3237,12.62800,1.83500,4.81600
3238,12.60900,2.02300,5.14800
3239,15.28700,1.83700,4.80300
3240,11.16800,2.01900,4.70100
3241,15.47900,1.85200,4.59900
3242,12.83200,1.85900,4.39800
3243,15.99300,2.08900,7.08300
3244,15.87900,1.86200,5.07200
3245,14.91500,1.86400,6.88800
3246,12.47200,1.88500,6.53800
3247,12.11200,1.87300,5.42700
3248,13.36600,1.87100,4.87300
3249,13.59400,1.89000,4.57400
3250,12.65700,1.87800,4.79700
3251,15.25400,1.86400,5.21700
3252,15.60300,2.04400,5.68100
3253,15.28400,1.87200,6.05600
3254,15.99600,1.86300,6.40400
3255,13.43200,1.87600,6.09800
3256,13.95300,1.87900,7.04400
3257,15.22500,2.19400,5.41800
3258,15.03800,1.89000,4.85600
3259,14.20200,1.88500,5.58900
3260,10.47600,1.87100,5.69900
3261,12.33200,2.06100,5.48000
3262,13.45700,1.87400,3.69300
3263,12.84800,1.87400,4.48600
3264,12.10500,1.88500,5.76300
3265,12.19700,2.07300,5.48800
3266,12.79100,1.87700,4.51100
3267,13.01600,1.86600,4.58600
3268,15.19100,1.87500,5.02000
3269,12.30100,2.05400,5.91900
3270,12.61700,1.85500,5.12700
3271,12.18800,2.28500,4.56800
3272,12.79600,1.87900,5.92300
3273,16.51800,1.86900,4.56000
3274,12.43800,1.86800,5.19900
3275,11.76500,1.86000,6.10900
3276,13.57100,1.86900,5.63100
3277,11.83800,1.86800,4.65600
3278,15.01600,1.87200,5.38100
3279,9.52600,1.87400,5.01000
3280,12.04400,1.86600,6.50100
3281,10.84900,1.85900,3.88500
3282,10.33800,2.06900,4.33300
3283,14.33500,1.85900,4.40400
3284,13.49400,1.87400,4.44600
3285,14.13300,1.87300,5.10900
3286,12.93200,2.01400,5.48400
3287,12.80900,1.87700,4.93600
3288,12.09500,1.87400,4.90100
3289,15.63400,1.86900,4.78100
3290,14.26500,2.43200,5.06700
3291,14.32500,2.05100,6.05800
3292,15.44100,1.86200,6.42300
3293,15.47300,1.84700,5.52600
3294,17.51500,1.84500,5.35300
3295,14.99000,1.84900,5.37600
3296,16.98000,1.84400,6.61200
3297,13.46800,2.04700,5.22900
3298,14.82000,1.84500,6.25000
3299,12.15500,1.82400,4.93100
3300,11.19400,1.82400,5.57200
3301,11.44000,2.00400,3.88000
3302,13.07500,1.78400,4.59600
3303,12.60900,1.79600,4.51100
3304,14.02800,1.98700,4.56100
3305,13.84700,1.80200,4.94000
3306,11.64200,1.79000,4.68100
3307,13.49600,2.06600,5.53600
3308,10.82900,1.77700,3.72000
3309,12.44500,1.96100,5.06500
3310,13.53000,1.77300,4.13100
3311,12.79300,1.99100,5.24400
3312,13.20200,1.76800,4.92500
3313,11.70700,1.75700,4.45400
3314,12.56300,1.74600,6.17400
3315,13.45700,1.96800,5.30800
3316,13.86400,1.74500,4.66900
3317,14.54100,1.75000,4.60000
3318,13.04300,1.74000,5.64900
3319,14.37900,1.75000,5.01800
3320,14.32600,1.73700,5.36300
3321,12.96900,1.89100,5.46500
3322,11.93900,1.72200,6.00100
3323,12.99200,1.73000,4.54200
3324,13.73000,1.69300,4.19100
3325,11.94300,1.71000,5.12600
3326,13.32900,1.69100,5.52000
3327,12.23200,1.69200,4.78600
3328,13.67700,1.67600,4.16600
3329,12.16600,1.67200,5.12200
3330,11.32000,1.86200,5.13700
3331,12.50900,1.64800,4.43700
3332,13.03400,1.64000,4.46300
3333,11.20800,1.64700,4.56500
3334,13.26300,1.63000,4.59100
3335,11.51400,1.63100,3.67500
3336,12.22700,1.63800,4.79400
3337,11.72000,1.64400,4.46700
3338,12.83100,1.64200,4.44100
3339,11.95900,1.85700,4.83700
3340,12.65100,1.64500,4.35100
3341,12.90700,1.63900,5.18500
3342,14.14100,1.63700,4.33700
3343,13.91300,1.82500,5.15100
3344,16.03700,1.63600,5.50400
3345,17.29600,1.63700,5.75200
3346,16.14000,1.63000,6.31300
3347,12.66300,1.63800,6.29800
3348,15.81000,1.63900,6.28000
3349,17.93200,1.63000,5.43400
3350,15.80400,1.62500,6.42500
3351,14.48200,1.62900,5.93200
3352,14.63700,1.62500,5.67500
3353,13.65800,1.62400,4.76400
3354,12.57600,1.61700,4.78600
3355,15.74500,1.85000,6.27100
3356,16.16400,1.62900,4.64000
3357,14.32100,1.63400,6.35600
3358,14.02600,1.62600,6.45200
3359,15.56300,1.83500,5.83400
3360,14.31900,1.63100,5.08000
3361,14.39800,1.62800,5.31000
3362,12.79700,1.63100,5.01900
3363,11.53600,1.86200,5.58200
3364,13.04100,1.63600,4.53800
3365,11.70700,1.63100,4.61700
3366,11.08100,1.62800,4.51700
3367,13.39400,1.80100,4.54300
3368,12.99700,1.63900,4.01000
3369,12.47900,1.62900,4.78900
3370,13.72900,1.62500,4.94400
3371,12.33900,1.80900,5.47700
3372,13.05900,1.64600,4.53200
3373,12.99800,1.64000,4.44700
3374,12.48200,2.28200,4.69700
3375,11.81600,1.63400,5.24100
3376,11.80000,1.63000,4.23900
3377,12.56300,1.79900,4.63700
3378,13.92000,1.62400,4.26000
3379,12.74100,1.82100,5.88700
3380,15.03500,1.62400,5.17800
3381,13.74400,1.63500,4.83300
3382,17.60000,1.82400,6.45000
3383,13.52000,1.63300,4.96200
3384,12.75400,1.64000,6.05400
3385,14.08500,1.62700,4.69000
3386,12.56000,2.08600,4.95400
3387,13.18900,1.63100,4.78900
3388,12.78100,1.69400,4.29500
3389,11.49800,1.63900,4.42400
3390,13.08900,1.64100,4.39300
3391,12.25300,1.62600,4.60600
3392,11.71100,1.63400,4.60500
3393,13.49800,1.62500,4.79600
3394,9.48400,1.83900,4.51200
3395,12.60000,1.62900,4.71300
3396,11.94500,1.61900,3.62100
3397,9.66900,1.61800,4.69700
3398,13.10800,1.62200,5.44800
3399,13.17900,1.84700,3.46400
3400,13.33000,1.64500,4.46900
3401,14.50100,1.65000,4.63600
3402,12.98100,1.63500,5.14200
3403,14.37600,1.64300,5.56200
3404,12.31200,1.85300,5.12100
3405,15.48600,1.64200,6.56800
3406,13.49800,1.66100,4.54500
3407,11.34100,1.88200,4.99600
3408,12.42800,1.67100,4.50800
3409,11.36600,1.66300,4.19200
3410,14.44200,1.67300,4.55000
3411,12.11700,1.65500,4.86600
3412,12.11100,1.66500,5.14500
3413,12.42500,1.66300,4.42900
3414,12.65400,1.65000,4.17700
3415,15.01800,1.85300,5.28700
3416,12.89000,1.67100,4.27500
3417,14.25100,1.66300,6.49400
3418,13.25300,1.66500,4.67500
3419,14.17400,1.67100,4.99400
3420,15.07800,1.66600,4.92900
3421,17.28600,1.66500,5.61800
3422,16.28900,1.67200,5.87500
3423,15.32900,1.65700,6.41500
3424,16.87300,1.66300,6.36900
3425,16.91200,1.67300,6.03700
3426,13.25500,1.67800,6.53000
3427,14.02000,1.67600,6.58100
3428,12.98700,1.66400,4.52600
3429,13.16500,1.68000,5.34000
3430,13.39400,1.67400,4.43000
3431,14.94500,1.68600,4.97600
3432,13.51100,1.67800,4.65800
3433,13.47200,1.67700,5.67500
3434,17.90400,1.89600,4.74100
3435,15.16500,1.68400,5.01900
3436,13.10900,1.68300,6.82900
3437,13.77000,1.69200,5.14700
3438,18.10500,1.68600,4.80300
3439,16.83900,1.67100,4.69500
3440,15.26600,1.86600,5.95800
3441,14.23700,1.69300,5.89400
3442,12.68100,1.68200,5.76800
3443,14.64500,1.68900,4.54300
3444,17.23100,1.71000,4.66400
3445,14.99200,1.68600,5.39800
3446,12.31000,1.70300,6.50100
3447,14.54700,1.69600,6.02500
3448,15.10100,1.69900,4.73400
3449,16.70800,1.92500,4.76000
3450,14.65300,1.71000,5.80000
3451,16.82400,1.70500,5.51700
3452,15.69400,1.71000,4.80100
3453,15.12000,1.71800,6.61600
3454,15.49700,1.70500,5.90300
3455,12.94300,1.71900,5.50700
3456,10.98800,1.92000,5.33800
3457,14.78500,1.71700,4.59800
3458,16.02600,1.94500,4.35900
3459,16.78400,1.72900,4.85300
3460,15.00600,1.74700,5.76700
3461,15.57300,1.74300,5.29300
3462,14.29600,1.74200,5.74500
3463,15.39800,1.82200,5.51700
3464,15.88700,1.96000,4.23500
3465,13.27600,1.74000,5.13700
3466,14.60300,1.73200,6.03800
3467,14.83000,1.74800,5.08800
3468,14.30600,1.74700,5.39600
3469,16.09700,1.90300,4.94900
3470,17.07200,1.76400,4.95900
3471,17.81000,1.75900,6.17100
3472,18.12600,1.75300,6.09500
3473,16.81400,1.77300,7.34100
3474,16.94900,1.94200,7.11800
3475,16.48600,1.78200,6.14200
3476,16.00900,1.77500,7.11800
3477,17.91500,1.94000,6.95900
3478,15.26300,1.78300,6.14300
3479,16.07200,1.79000,6.95500
3480,16.73200,1.78600,5.52900
3481,15.17200,1.77300,5.83000
3482,15.15700,1.78500,6.08500
3483,16.15000,1.80100,6.28400
3484,16.72200,1.79900,5.77600
3485,17.69400,1.78700,5.90500
3486,17.15000,1.79300,6.59700
3487,17.14700,1.81300,7.62100
3488,18.02500,1.79600,5.65700
3489,16.70500,1.78900,6.43000
3490,16.85100,1.79300,7.65400
3491,14.99500,1.78700,7.07400
3492,15.57400,1.79000,6.20900
3493,19.08100,1.79600,5.88500
3494,19.83000,1.79900,5.82900
3495,16.59000,1.78800,7.53300
3496,18.01100,1.79600,8.10500
3497,18.93400,1.80700,6.47900
3498,18.33800,1.79300,7.86700
3499,18.74700,1.78000,7.31700
3500,17.69600,1.78500,7.02600
3501,14.68900,1.97100,6.61300
3502,14.51200,1.80000,6.47000
3503,15.50200,1.94500,5.87800
3504,16.56600,1.78200,5.87000
3505,15.29600,1.78200,5.97400
3506,17.41100,1.78000,6.18200
3507,18.51900,1.77900,6.06600
3508,15.62700,1.77200,6.45400
3509,15.70700,1.76100,7.18200
3510,15.54100,1.76900,5.84700
3511,14.95600,1.77500,5.52200
3512,15.94200,1.76500,6.20100
3513,17.52400,1.95000,6.16900
3514,15.43700,1.77900,5.81600
3515,15.24400,1.97200,6.39800
3516,15.40300,1.77900,6.64100
3517,15.02700,1.77100,5.63000
3518,16.06900,1.77400,5.90900
3519,16.30900,1.76100,4.97200
3520,15.33900,1.76100,5.74300
3521,15.08900,1.76700,7.02200
3522,18.34300,1.76200,5.89200
3523,20.20300,1.95100,6.23600
3524,18.76300,1.77200,7.35900
3525,17.34300,1.76000,7.21700
3526,15.37800,1.74700,7.26900
3527,14.26000,1.75900,6.46000
3528,15.90800,1.75300,6.15200
3529,18.65700,1.74800,4.88500
3530,17.33900,1.75400,6.11200
3531,14.90100,1.75300,7.35300
3532,15.35700,1.74800,6.79100
3533,13.67800,1.74600,5.52100
3534,16.67000,1.74800,5.34300
3535,19.04900,2.40300,5.57400
3536,14.93400,1.76800,7.07600
3537,16.21000,1.75300,7.68700
3538,16.32300,1.93200,6.84700
3539,17.52400,1.76100,6.48300
3540,16.17300,1.98900,6.59000
3541,19.43200,1.78600,7.29600
3542,16.68000,1.77600,6.95400
3543,17.12600,1.76000,7.08100
3544,18.00500,1.74000,6.43900
3545,16.45000,1.75100,6.45600
3546,15.48200,1.74900,7.70800
3547,16.75200,1.75800,5.81300
3548,17.20500,1.74700,5.30400
3549,16.43200,1.74900,6.69700
3550,15.40600,1.76200,6.63600
3551,14.47500,1.75500,6.26200
3552,17.88600,1.76200,7.05900
3553,19.48000,2.14400,5.67000
3554,17.56100,1.78600,7.11900
3555,15.77500,1.76400,7.28800
3556,16.53900,1.74800,6.62300
3557,15.76900,1.74700,5.92700
3558,14.00500,1.75800,6.43000
3559,14.49200,1.74700,5.66700
3560,14.06200,1.94700,5.53600
3561,14.62900,1.76200,5.77800
3562,14.37200,1.77100,5.37600
3563,14.38000,1.76700,5.55200
3564,14.72600,1.97500,5.27900
3565,13.48800,1.76300,5.44700
3566,12.19400,1.77000,4.86600
3567,12.21700,1.81300,4.75500
3568,12.74100,1.76500,5.08600
3569,13.71000,1.98600,5.86900
3570,11.79500,1.75400,5.84000
3571,14.52300,1.76500,5.49300
3572,11.81300,1.76500,4.65000
3573,12.68400,1.76500,5.43100
3574,12.84400,1.77100,4.55300
3575,16.23400,1.77200,4.46100
3576,15.76000,1.75400,4.98700
3577,14.40400,1.76000,5.90700
3578,14.26300,1.76400,6.05700
3579,14.21000,1.77700,4.90200
3580,14.65500,1.77900,5.06000
3581,13.53500,1.75600,5.69300
3582,11.91600,1.76500,4.85300
3583,15.20100,1.76800,4.85500
3584,14.15400,1.76300,5.13700
3585,13.09800,1.77000,5.31000
3586,14.19900,1.77600,5.40400
3587,12.98000,1.75700,4.97100
3588,15.78800,1.76000,4.92000
3589,13.04200,1.96900,5.50100
3590,15.40200,1.75600,6.02900
3591,13.92500,1.75700,4.51200
3592,15.21200,1.75200,5.74900
3593,15.82100,2.12200,5.95600
3594,16.56200,1.74500,5.97300
3595,15.52900,1.76100,4.97100
3596,15.52200,1.76200,6.56100
3597,16.55500,1.75700,6.26600
3598,14.71300,1.74900,5.51700
3599,16.86000,1.74700,6.75500