frame,wall_ms,gpu_ms,render_cpu_ms
0,18.90300,1.26100,5.27600
1,21.00900,1.24000,5.34300
2,20.99600,1.49800,8.68700
3,21.90400,1.49800,9.24600
4,18.02200,1.47800,8.86800
5,19.19700,1.48300,8.90700
6,17.97400,1.47800,7.84800
7,15.82000,1.63000,8.22700
8,17.49800,1.43100,8.32300
9,15.37200,1.44600,7.03700
10,15.16400,1.38900,6.89400
11,15.61500,1.62000,6.73600
12,15.95800,1.39600,6.48300
13,15.23200,1.38800,6.40100
14,15.44400,1.38500,6.95900
15,15.58900,1.37800,7.09700
16,15.28000,1.35600,6.31200
17,14.97600,1.38100,6.43500
18,16.08200,1.55800,6.85500
19,15.58000,1.35600,6.58500
20,16.06300,1.37300,6.65900
21,15.69300,1.34000,7.18300
22,13.98900,1.33100,7.78700
23,12.36100,1.31800,6.49600
24,11.79600,1.36300,5.68800
25,13.59400,1.31700,5.12600
26,13.13100,1.34000,5.57600
27,12.89700,1.33500,5.76500
28,11.89900,1.31800,4.93500
29,12.83300,1.34300,5.24500
30,13.93500,1.30200,5.35600
31,13.97200,1.31200,6.42700
32,13.60900,1.24700,4.81300
33,15.42800,1.47000,5.81600
34,17.00700,1.24300,5.98700
35,13.00800,1.26000,6.10300
36,12.04300,1.26600,6.20800
37,15.20100,1.24900,5.04300
38,13.20100,1.25600,5.31600
39,12.95000,1.24500,7.10800
40,13.39800,1.42600,4.20600
41,12.58400,1.23700,5.96000
42,14.06700,1.23600,5.58800
43,14.52200,1.23100,5.64300
44,11.49200,1.23900,4.83700
45,12.14300,1.24800,5.96000
46,10.53200,1.21900,4.67700
47,10.57100,1.23000,5.52900
48,10.03300,1.21900,3.94700
49,12.23300,1.21100,3.70200
50,11.41100,1.22100,4.95400
51,8.93400,1.22600,4.17400
52,8.75700,1.19900,4.70700
53,12.02300,1.20600,4.47600
54,12.85100,1.20900,3.76500
55,12.73200,1.20700,5.45300
56,15.29400,1.21300,5.62100
57,11.58400,1.22300,4.58600
58,9.15000,1.41500,6.35100
59,9.40800,1.19700,4.73600
60,10.32600,1.19100,4.67400
61,9.75900,1.18400,4.00000
62,10.84000,1.18500,4.09300
63,10.17800,1.38300,3.38100
64,9.76400,1.16700,4.64100
65,12.84000,1.17100,4.29600
66,10.08200,1.17700,4.40800
67,13.26900,1.15800,4.99700
68,14.99200,1.17200,4.46700
69,15.16900,1.41200,5.55400
70,15.19700,1.18700,6.10500
71,12.81500,1.17800,5.42700
72,14.00900,1.14900,5.56900
73,12.52000,1.31100,4.25000
74,10.96500,1.14000,5.57400
75,11.96600,1.11300,4.27700
76,10.06400,1.10500,3.70500
77,10.95000,1.28200,4.78900
78,9.91600,1.09500,3.74000
79,11.29400,1.10100,4.28500
80,12.37900,1.11800,4.37700
81,11.39900,1.28900,3.87600
82,11.26600,1.09800,4.26600
83,10.24000,1.09700,4.41700
84,10.74900,1.09400,3.93500
85,11.10700,1.10000,4.56500
86,11.09300,1.11100,4.13300
87,9.01400,1.10000,4.02500
88,9.95100,1.09100,4.30600
89,12.78500,1.10000,3.86600
90,9.30500,1.09500,4.20600
91,11.62900,1.10000,5.36400
92,12.24100,1.11100,3.67300
93,11.82900,1.09900,4.64100
94,11.69900,1.09800,3.86700
95,10.72500,1.09800,4.20300
96,11.43600,1.25100,4.62200
97,12.18800,1.09800,4.32000
98,11.29800,1.09700,4.50700
99,13.78600,1.10400,4.54000
100,11.20300,1.10000,4.37300
101,10.42500,1.11200,5.56500
102,12.36500,1.08900,4.65100
103,11.47700,1.09800,4.81300
104,10.43800,1.11800,4.71100
105,10.69300,1.09600,4.00100
106,10.97400,1.11300,3.58600
107,9.55200,1.10300,3.34400
108,10.43700,1.09900,4.51700
109,8.43200,1.09200,3.90400
110,10.66200,1.09400,3.53800
111,11.02600,1.09500,3.07400
112,13.27200,1.09800,4.82800
113,11.38200,1.10100,4.17100
114,11.68500,1.26800,4.58600
115,12.52500,1.09000,4.35900
116,11.81100,1.10400,4.94100
117,13.47700,1.10100,4.86900
118,12.33200,1.11600,5.01300
119,13.92100,1.10600,4.88300
120,13.65600,1.11300,4.86100
121,12.08900,1.09600,5.30300
122,10.89100,1.11300,5.09000
123,13.72300,1.09500,4.63600
124,12.69100,1.08900,4.51500
125,14.97700,1.09800,5.62400
126,12.90700,1.10100,4.64200
127,11.52700,1.10800,5.34900
128,11.96000,1.09200,4.19100
129,12.76700,1.10300,4.49900
130,13.44500,1.10700,4.08600
131,14.05500,1.09900,5.32000
132,14.30200,1.10300,5.07000
133,14.12200,1.25900,5.24600
134,12.27200,1.09200,5.88900
135,10.18300,1.09900,4.71700
136,8.82800,1.33100,4.70300
137,12.44400,1.08900,3.84800
138,12.00400,1.08700,3.63100
139,11.29800,1.08400,4.88500
140,11.57200,1.08900,4.47500
141,12.22000,1.08700,4.40600
142,11.34600,1.09700,4.49300
143,11.59200,1.09000,4.51400
144,12.41600,1.08400,5.28100
145,12.06200,1.09200,3.81700
146,9.57300,1.08800,4.63000
147,10.17100,1.08700,4.83900
148,9.95900,1.09200,3.55200
149,9.90500,1.07800,3.48700
150,11.43000,1.08100,3.85700
151,11.68400,1.08800,3.25500
152,10.27400,1.07900,3.91500
153,11.34100,1.06900,5.25900
154,11.42000,1.08400,3.91600
155,13.83800,1.06600,4.20300
156,13.71200,1.08100,4.99200
157,9.85100,1.07500,5.24100
158,13.25100,1.06700,5.31000
159,13.31600,1.30500,4.22600
160,12.55700,1.07800,5.50800
161,13.19600,1.06700,4.56600
162,11.61500,1.07100,5.18300
163,12.47400,1.07300,4.78200
164,12.88900,1.07300,4.89700
165,14.68400,1.07700,5.17900
166,11.53800,1.08400,5.15500
167,11.82000,1.07100,4.91600
168,11.12800,1.07000,4.02100
169,10.84700,1.06600,3.90800
170,11.69000,1.07300,4.26200
171,11.41800,1.08100,3.90000
172,10.56400,1.06200,4.13800
173,11.00500,1.06100,3.87100
174,11.10900,1.25400,4.06600
175,11.04300,1.05700,4.17500
176,10.43000,1.05800,3.93900
177,9.67900,1.06600,3.84400
178,9.63800,1.05000,3.83400
179,8.71400,1.05500,3.78300
180,9.81300,1.05300,3.73600
181,8.13100,1.04900,3.12200
182,7.24400,1.05800,3.40900
183,7.90300,1.05000,2.66900
184,10.77400,1.04200,2.69500
185,9.88400,1.03900,3.26500
186,11.38200,1.05300,3.98400
187,10.98000,1.21600,2.96400
188,10.55200,1.03100,4.10500
189,11.62400,1.04100,4.67300
190,11.56300,1.24300,3.06200
191,11.69400,1.04600,4.87200
192,10.92700,1.03500,4.49300
193,10.82600,1.03700,3.97700
194,11.44700,1.03000,4.17600
195,11.57900,1.04200,4.27800
196,10.71700,1.03800,3.60500
197,11.29900,1.03700,4.29600
198,10.22500,1.04400,3.99900
199,11.92900,1.03100,4.18200
200,12.53100,1.03200,3.48400
201,11.88000,1.04300,4.58400
202,13.64800,1.02900,4.47000
203,12.22900,1.05300,5.41700
204,13.25000,1.04000,5.49300
205,13.18500,1.03700,4.55400
206,12.56500,1.03400,4.96000
207,11.79700,1.04700,4.15400
208,11.84800,1.03700,4.61800
209,10.28200,1.24300,4.37300
210,11.31300,1.03100,4.54500
211,9.44200,1.04400,3.79400
212,9.34700,1.05100,3.89500
213,11.71300,1.04300,3.11300
214,12.22900,1.03300,3.22500
215,11.00400,1.04100,4.40400
216,10.87400,1.05000,4.33500
217,12.26700,1.03400,4.00500
218,11.42600,1.03800,3.67400
219,12.97100,1.04100,4.07200
220,12.46500,1.04700,4.74200
221,12.28900,1.04200,4.25000
222,13.10200,1.02500,4.88900
223,10.10400,1.05000,3.99700
224,11.95500,1.03700,4.23100
225,10.11100,1.03700,3.88700
226,11.20700,1.04100,4.05900
227,10.65000,1.03800,3.51300
228,10.74800,1.04100,3.69100
229,10.14600,1.04800,3.72800
230,11.41200,1.05000,3.94700
231,11.31500,1.03900,3.82600
232,8.57700,1.23600,3.59700
233,9.95600,1.03900,3.74800
234,12.90300,1.04500,3.70500
235,11.64000,1.05300,4.82400
236,10.81200,1.05500,4.04000
237,11.92700,1.05100,4.36100
238,10.39700,1.04300,3.80000
239,10.94300,1.04800,4.02400
240,12.44600,1.03800,3.77900
241,10.74800,1.05500,4.03000
242,10.95100,1.05000,3.88800
243,10.53400,1.03800,3.83600
244,11.16400,1.21300,4.04400
245,11.42900,1.04400,4.17400
246,10.63200,1.05800,4.23300
247,11.38000,1.05700,4.02400
248,8.39400,1.06100,3.81600
249,8.86700,1.04900,3.70400
250,8.72800,1.04200,3.33700
251,11.09600,1.04700,3.48700
252,13.01500,1.06900,3.44400
253,12.66600,1.24500,4.33500
254,12.13100,1.08100,5.04900
255,11.51100,1.06400,4.58900
256,11.55100,1.06100,4.40600
257,11.93100,1.28600,4.26000
258,11.91700,1.05800,4.18100
259,11.33300,1.07100,4.25300
260,13.72700,1.07300,4.43000
261,12.77500,1.06300,4.37700
262,15.41900,1.06700,5.09900
263,15.68700,1.07200,5.39600
264,14.86600,1.07200,5.82000
265,13.77300,1.05900,6.38100
266,14.34600,1.07900,5.32800
267,15.04900,1.06500,4.72700
268,15.44500,1.05800,5.98200
269,15.50400,1.06700,6.79000
270,14.16900,1.07300,6.29500
271,13.83700,1.07000,6.01000
272,13.46200,1.07900,5.18300
273,14.00900,1.07300,5.10900
274,13.07200,1.06900,4.70700
275,13.73500,1.07800,4.99700
276,13.98800,1.06500,4.59700
277,15.50500,1.21600,4.60900
278,13.23400,1.05100,4.26200
279,12.25400,1.04800,5.99700
280,11.86500,1.04700,4.49600
281,14.75200,1.04400,5.50100
282,12.91500,1.21200,4.91400
283,16.26500,1.04800,6.55600
284,16.56300,1.04900,3.95800
285,16.20300,1.05800,7.77600
286,13.05900,1.05100,6.45100
287,12.81600,1.04800,5.63800
288,14.70500,1.03100,5.16900
289,13.01700,1.04100,4.39500
290,13.45700,1.21600,5.34100
291,12.90400,1.03600,5.00600
292,12.57300,1.05000,4.72400
293,12.13400,1.03500,4.79600
294,13.47700,1.04400,4.37000
295,12.13900,1.02700,4.55900
296,13.81600,1.02100,5.17400
297,12.27400,1.02600,4.63100
298,13.80400,1.02600,4.93100
299,15.88300,1.03100,5.13000
300,14.99700,1.02600,4.89900
301,14.04200,1.00800,5.92200
302,12.58200,1.01300,5.77700
303,13.45400,1.00900,4.57100
304,13.63200,1.00800,4.64400
305,15.45500,1.00500,4.48800
306,11.84000,1.00900,6.00700
307,11.44900,0.99000,6.09900
308,12.34600,0.99300,4.32700
309,13.05200,0.99000,4.19000
310,16.71400,1.21500,4.51100
311,14.28700,0.99300,4.48000
312,11.71600,0.99700,6.65700
313,13.17900,0.99700,5.71200
314,15.12500,0.97600,3.64200
315,14.37000,0.99300,4.09400
316,13.87600,1.20600,5.42800
317,13.08000,0.99000,5.13600
318,13.85500,0.99100,4.94400
319,14.66700,0.98200,5.36700
320,12.99000,0.97700,5.18700
321,14.51500,0.99500,5.16300
322,13.66800,1.17300,4.73000
323,12.49100,0.97400,5.50900
324,14.00700,0.98300,4.95800
325,11.25800,0.96800,4.87500
326,12.60700,0.97100,4.57600
327,13.44100,0.96200,4.62000
328,13.43500,0.97700,4.72600
329,16.74400,1.14500,5.07600
330,15.34700,0.97500,5.15600
331,14.09700,0.97800,5.06000
332,13.37700,0.98200,4.99800
333,13.50500,0.97100,4.95700
334,12.10100,0.96900,4.41500
335,12.93600,0.95800,4.78700
336,13.00900,0.95900,4.84100
337,11.89600,0.96400,4.40000
338,14.61400,1.13700,4.82400
339,13.70100,0.96500,4.73000
340,11.62600,0.97100,5.75800
341,13.28800,0.94900,4.91500
342,14.59800,0.96400,4.56000
343,13.52600,0.95700,4.84500
344,13.46000,0.95500,7.07600
345,13.38700,0.95000,4.40200
346,12.25000,0.95100,4.52700
347,12.53400,0.95200,4.38400
348,13.57400,0.95300,5.04300
349,13.22900,0.93500,3.55200
350,12.10400,1.11800,4.93500
351,12.43800,0.93900,4.21900
352,11.43100,0.95800,4.55900
353,13.15400,0.93200,4.16200
354,12.29000,0.93100,4.37200
355,12.92300,0.93300,4.46000
356,11.51500,0.93300,4.42300
357,12.71500,0.92800,4.34700
358,14.43300,0.93000,4.50700
359,16.26300,0.93800,4.44800
360,13.19700,0.92900,4.99900
361,13.97300,0.93400,6.26200
362,12.99200,0.92500,5.23600
363,11.99800,0.92800,4.14000
364,13.55800,0.92600,4.39900
365,12.12200,0.91700,4.11900
366,11.78500,1.08600,4.70300
367,11.90200,0.90600,4.16000
368,14.61800,0.90600,4.75200
369,11.31900,0.91200,3.90900
370,12.01700,1.09500,4.61000
371,10.77700,0.91200,4.13400
372,11.56700,0.89700,3.98900
373,10.45600,0.90500,3.91900
374,12.55300,0.89800,4.02100
375,11.43500,0.89100,3.78400
376,12.27200,0.89100,3.93300
377,11.04000,0.90100,4.86800
378,10.43000,0.90700,4.25300
379,10.04400,0.89300,3.68300
380,9.25500,0.89700,3.99200
381,9.60700,0.88600,3.38500
382,10.21400,0.88200,3.54500
383,10.83900,0.89300,3.64700
384,10.49800,0.88700,3.75500
385,9.88400,0.88300,4.03700
386,10.29500,1.06800,3.40200
387,8.65200,0.88700,3.38200
388,9.56800,0.87400,3.42300
389,11.04000,0.87400,3.29100
390,12.98300,0.87800,3.88100
391,11.24000,0.86700,3.59200
392,11.59300,0.87400,4.54100
393,12.24700,0.88400,4.19200
394,10.80700,0.88300,4.05400
395,12.22500,0.87900,5.05500
396,10.50700,1.03300,3.93100
397,12.27400,0.87300,4.16700
398,10.55200,0.87300,3.80800
399,11.46900,0.88000,4.03100
400,11.55500,0.88600,3.36400
401,10.12500,0.87500,4.10300
402,9.02800,0.87300,3.45100
403,10.27600,0.86000,3.92700
404,6.90700,0.85800,3.23300
405,8.02400,0.86900,3.72100
406,6.95000,0.85500,2.21900
407,8.82100,0.86800,3.31600
408,10.05100,0.86600,2.71400
409,8.95800,0.86300,3.20400
410,9.98200,0.87900,3.32200
411,9.01900,0.86500,2.78100
412,9.51400,0.86200,3.09800
413,10.07300,1.04400,3.05500
414,10.37900,0.86400,3.49400
415,10.74900,0.86100,3.88400
416,11.04100,0.85900,3.73000
417,12.36500,0.86300,3.86000
418,10.71900,0.87400,3.68300
419,9.38600,0.87300,4.02200
420,9.50700,0.85700,3.55000
421,10.37400,0.87300,3.26300
422,10.06200,0.86300,3.44500
423,9.36300,0.87100,3.38300
424,9.65600,0.86300,3.24200
425,10.03500,0.85400,3.00200
426,10.96900,0.86800,3.32600
427,10.48000,0.87400,3.85300
428,9.80100,0.86400,3.82000
429,8.84100,0.86300,3.34900
430,8.83200,0.85000,3.08300
431,8.62300,1.03300,2.85400
432,9.28000,0.85200,2.94800
433,9.94000,0.86300,3.07400
434,11.57900,0.86100,3.58500
435,9.67800,0.86400,3.31000
436,10.28500,0.86200,3.53400
437,9.50700,0.85900,3.06200
438,9.53100,0.85800,3.80700
439,9.03400,0.85700,3.61500
440,7.27700,0.86200,2.68600
441,8.36700,0.85100,3.01100
442,6.72000,0.85800,2.73300
443,9.63500,0.86100,3.08100
444,9.23600,0.85300,2.60800
445,10.20700,0.85300,4.05700
446,10.67500,0.84700,3.43900
447,9.74400,0.85600,3.04400
448,9.78300,1.07100,3.53700
449,9.57500,0.87000,3.22900
450,9.70200,0.84800,3.34200
451,9.80900,0.86900,3.38800
452,9.76400,0.85400,3.59400
453,10.61700,0.85300,3.22000
454,11.67800,1.05400,3.65200
455,10.24000,0.85600,3.65700
456,7.93300,0.85200,3.39900
457,9.14100,0.86400,2.93600
458,8.74700,0.85000,2.56900
459,9.59100,0.85300,3.35600
460,10.39000,1.06400,3.31600
461,9.63400,0.84400,3.16100
462,11.95200,0.86300,4.31200
463,7.78200,0.85600,3.13000
464,8.97300,0.87100,4.03200
465,8.65200,0.85200,2.58200
466,8.27900,1.04100,2.71200
467,9.28700,0.85400,2.82500
468,9.61900,0.86000,2.87500
469,10.64600,0.87300,3.35100
470,10.46000,0.87500,3.65200
471,12.38300,0.85700,4.42200
472,10.79900,0.86200,3.70200
473,11.97200,0.85000,3.83800
474,10.71900,0.86300,3.97600
475,9.36900,1.02900,3.63500
476,9.94600,0.87800,3.71800
477,10.51800,0.86500,3.48000
478,11.13400,0.88000,3.71300
479,10.36300,0.89500,4.20000
480,10.00600,0.87300,3.96300
481,12.07100,0.87300,3.80200
482,11.50000,0.89300,3.47200
483,11.22100,0.90200,4.19900
484,11.70000,0.90500,4.39200
485,11.09500,0.89400,4.01100
486,13.17500,0.90000,4.50100
487,12.51300,0.89200,4.07500
488,12.33000,0.88800,4.66800
489,10.08500,0.91900,4.30900
490,10.23600,0.91800,3.94700
491,10.26400,0.91200,3.65900
492,13.87400,0.90400,3.97500
493,13.60600,0.91500,3.91800
494,15.38400,0.91800,5.46400
495,14.52500,0.92300,5.30000
496,14.14900,1.10300,5.65300
497,11.08200,0.95600,5.90500
498,10.28100,0.94500,5.05600
499,8.28600,0.93100,3.77100
500,13.97100,0.93100,3.82000
501,13.74300,0.94700,3.13800
502,14.81400,0.94200,5.31300
503,15.75300,0.95900,5.39400
504,13.29800,0.96000,5.79600
505,13.77700,0.95500,7.14500
506,11.59000,0.96700,4.69100
507,12.23500,0.97800,4.90400
508,11.46200,0.97200,4.30800
509,13.41100,0.99200,4.59600
510,15.43800,0.97800,4.79700
511,14.74700,1.00300,4.51200
512,12.50100,0.99700,5.41800
513,13.25100,0.99600,6.30100
514,12.16100,0.98800,4.45900
515,12.13300,1.00900,5.65200
516,13.92400,1.01000,4.39700
517,13.94800,1.00300,4.86700
518,13.81000,1.01600,5.14000
519,13.44400,1.21300,5.28400
520,12.94700,1.03600,5.07400
521,13.91900,1.02500,4.78600
522,13.41200,1.02100,5.12300
523,14.81700,1.02400,5.72000
524,15.25500,1.03800,5.37300
525,14.85600,1.04600,5.26000
526,14.11200,1.04100,5.65900
527,14.48700,1.05700,5.19800
528,15.82400,1.04700,5.52500
529,14.26600,1.20500,5.50700
530,13.78500,1.03600,6.64100
531,16.16900,1.06000,5.81100
532,13.75100,1.05000,5.48700
533,14.53000,1.06100,6.11000
534,15.47000,1.06100,5.70500
535,14.45100,1.05300,5.35600
536,14.19200,1.04600,5.63700
537,15.03100,1.07700,5.18600
538,17.42200,1.06300,5.20200
539,16.81600,1.06600,5.62700
540,16.11400,1.06800,7.63700
541,13.90700,1.06300,6.01900
542,13.60800,1.04900,6.77200
543,14.09800,1.05100,5.29100
544,14.54700,1.26700,5.29400
545,12.78100,1.07200,5.61800
546,14.31700,1.06900,5.27800
547,14.30500,1.06300,5.15800
548,13.59300,1.06300,5.61100
549,14.53600,1.06400,5.30400
550,13.35200,1.25900,5.66200
551,13.23900,1.06900,5.60100
552,17.28800,1.06400,5.31900
553,15.64500,1.06500,5.80100
554,15.13300,1.25000,7.62000
555,14.50400,1.08000,6.05200
556,15.16500,1.07500,5.96500
557,14.29100,1.07400,5.62700
558,13.30500,1.06400,5.31400
559,14.25200,1.24700,5.31200
560,14.53100,1.06500,5.33400
561,16.48000,1.05800,5.47500
562,17.98600,1.07100,5.53400
563,18.57400,1.28700,7.17200
564,18.13300,1.07000,7.90600
565,16.07300,1.07600,8.44900
566,17.83500,1.06400,6.94100
567,15.65500,1.06500,6.14700
568,13.75600,1.07800,6.85000
569,13.88900,1.06900,5.30100
570,13.69900,1.07500,4.82100
571,12.90000,1.05900,5.36100
572,12.39000,1.06300,4.88700
573,11.65400,1.25900,4.84500
574,12.57900,1.05100,4.40300
575,13.57100,1.06200,4.86900
576,14.42800,1.04700,5.11800
577,14.51200,1.06700,5.81400
578,14.16900,1.08300,5.61600
579,15.18700,1.05600,5.48400
580,13.53200,1.06200,5.11100
581,15.17800,1.10400,5.45700
582,16.92800,1.04500,5.72000
583,13.83500,1.04300,5.66100
584,13.69300,1.04400,6.50400
585,13.75600,1.04900,4.96100
586,12.08100,1.03500,5.06300
587,13.13900,1.04200,4.87500
588,12.75500,1.20900,4.46600
589,17.30500,1.01800,5.19200
590,17.31000,1.03100,5.05900
591,15.66000,1.02700,7.43300
592,13.83600,1.02900,7.35400
593,14.01700,1.03000,5.50300
594,13.05200,1.02100,5.21900
595,14.76400,1.01400,5.48900
596,16.06200,1.01400,4.67800
597,13.07500,1.01300,5.50700
598,13.63400,0.99900,6.66000
599,11.90300,1.00300,4.39500
600,13.06500,0.99600,4.92300
601,13.35600,1.01100,4.04900
602,14.00200,0.99200,5.28300
603,13.03000,0.97600,4.09500
604,13.44300,0.98200,4.38100
605,13.35400,0.99700,4.45800
606,12.99100,0.98300,4.44500
607,10.86200,1.17800,4.30700
608,11.28300,0.96900,4.44800
609,13.41100,0.96400,4.54300
610,11.11500,0.96600,3.57600
611,9.93200,0.96500,4.85900
612,10.30700,0.96300,3.73900
613,10.93500,0.95600,3.70400
614,10.57900,0.95500,3.66700
615,11.29200,0.95000,4.34200
616,8.73600,0.96000,3.43700
617,9.67200,0.94000,3.63300
618,9.28300,0.95300,3.06800
619,10.01400,0.93900,3.29000
620,10.47200,0.95000,2.99500
621,9.91500,1.13200,3.25600
622,10.14500,0.93700,3.61500
623,12.38400,0.94200,3.64700
624,11.37400,0.92800,3.34900
625,11.21500,0.94800,3.97800
626,12.91200,0.95200,4.28700
627,11.72100,0.94200,4.19600
628,9.71400,0.93300,4.90600
629,9.95600,0.96600,3.80600
630,10.10000,1.17700,3.24900
631,9.76700,0.95300,3.69900
632,8.14700,0.94000,3.53700
633,8.07600,0.94400,3.14400
634,7.52600,0.93300,2.84300
635,8.51900,0.93500,2.83900
636,8.48200,0.93600,2.80000
637,9.70800,0.93800,3.11000
638,9.47600,0.93000,3.40000
639,11.69500,0.95400,3.67900
640,9.90100,0.95100,3.54800
641,9.21200,0.95400,3.67900
642,10.67300,0.94300,3.36200
643,10.75600,0.94700,3.17200
644,8.49100,0.94500,3.42100
645,11.28200,1.12900,3.60300
646,11.35800,0.96100,3.64700
647,8.69600,0.94600,4.38400
648,9.00800,0.95400,3.76100
649,8.87600,0.94800,2.88900
650,10.57700,0.94100,2.84200
651,10.69000,1.12600,3.60200
652,8.68700,0.95100,4.27100
653,7.94400,0.93900,3.84700
654,8.11400,0.94300,3.76700
655,8.18400,0.94800,3.12200
656,10.02400,0.94600,3.82500
657,11.03600,0.94700,3.83100
658,10.87700,0.95100,4.05600
659,10.28900,1.14600,3.94700
660,12.17700,0.94800,4.11800
661,11.67200,0.95500,3.92200
662,8.53500,0.96000,3.88100
663,7.22600,0.95800,3.86900
664,10.53600,0.94600,2.95800
665,9.04700,0.94900,2.80800
666,8.22900,0.94800,3.63200
667,7.82100,0.96200,2.95100
668,7.68600,0.94900,2.85900
669,7.27900,0.95400,3.00400
670,10.15700,0.94600,3.42300
671,9.11200,0.95200,3.34900
672,9.49900,0.94800,3.49000
673,9.62700,0.95800,3.15100
674,9.46700,0.96200,3.20000
675,10.66200,1.13500,3.16300
676,10.39000,0.96100,3.74400
677,11.35200,0.95900,3.87700
678,11.13900,0.96600,3.90800
679,10.17700,1.14500,3.42600
680,9.64600,0.95700,4.03000
681,11.38800,0.95100,3.95900
682,9.06500,0.96700,3.08700
683,8.86300,0.96000,3.25500
684,10.06600,0.95800,3.39900
685,11.11200,0.95300,3.89800
686,10.84300,0.96100,3.88300
687,9.60400,0.96300,3.61700
688,10.09700,0.95800,3.62800
689,10.49100,0.96400,3.83200
690,11.37500,0.95900,4.11900
691,9.62300,0.97000,4.10900
692,9.86700,1.01700,4.15600
693,10.59200,0.96500,3.67600
694,10.21500,0.96600,3.77100
695,10.39800,0.96300,3.63900
696,10.47900,0.96100,3.64200
697,10.68300,0.97000,3.82800
698,11.06000,0.95800,3.79000
699,11.08900,0.97300,3.66900
700,11.89400,1.11000,3.97800
701,13.02900,0.96500,3.88200
702,12.44800,0.98300,4.36400
703,12.71900,0.96900,4.13900
704,10.80000,0.96600,4.45500
705,11.25900,0.95100,4.77400
706,12.30900,0.96800,4.25600
707,12.07000,1.16300,3.94200
708,12.22000,0.95700,4.24200
709,11.84100,0.95600,4.65500
710,13.43200,0.96500,4.25600
711,11.29700,0.97500,4.47900
712,13.15500,0.95900,4.60100
713,10.74300,0.96900,4.21000
714,12.79500,0.97700,4.68500
715,13.95500,0.97400,3.87300
716,12.33300,0.97800,4.56200
717,12.21900,0.97900,5.30400
718,12.90200,0.96500,4.08400
719,10.04700,0.96800,4.12500
720,11.91900,0.98600,4.41900
721,11.47700,0.97900,3.80100
722,11.33300,1.15400,4.00900
723,11.46700,0.97900,4.28900
724,11.10700,0.98000,4.05900
725,9.81000,0.98200,3.83200
726,9.20200,0.97300,3.61200
727,12.26300,0.98300,3.59000
728,12.34200,0.96900,3.34500
729,11.75800,0.97600,4.05700
730,12.01400,0.97500,4.69600
731,11.89500,0.98100,4.41800
732,12.32500,0.96900,4.96200
733,11.23000,1.15300,4.25100
734,13.05700,0.98000,4.71200
735,13.48600,0.98700,4.59500
736,12.06100,0.97600,4.92500
737,14.27500,1.13000,5.53800
738,11.34000,0.98600,4.80100
739,11.94400,0.99600,4.93200
740,11.60700,0.98700,4.16500
741,10.70500,0.97400,4.57700
742,11.75200,0.96800,4.00000
743,11.40100,0.97900,3.68800
744,12.23200,0.98300,3.93800
745,12.50900,0.97100,4.46200
746,10.41800,0.98800,4.09900
747,11.74800,0.97200,4.75300
748,10.62100,0.98200,3.99800
749,9.90700,1.14200,3.80600
750,11.48200,0.98200,3.92100
751,11.91000,0.97700,3.88700
752,12.30100,0.97600,3.85900
753,11.55000,0.98900,4.26200
754,12.74200,0.99200,4.31100
755,11.18200,0.98900,4.15300
756,9.98600,0.98500,5.87000
757,11.11400,1.12400,3.92500
758,11.49400,0.97800,4.11000
759,10.99400,0.97300,3.86800
760,11.83000,0.97800,4.41400
761,11.31300,0.97400,4.04300
762,13.00200,0.97700,3.99700
763,14.64400,1.13100,3.94800
764,13.15700,0.97500,5.64400
765,13.57200,0.97400,5.20000
766,10.41400,0.97900,4.95500
767,11.49900,0.97700,5.07900
768,9.96500,0.97900,3.68100
769,10.17500,0.96300,3.93300
770,11.79800,0.96900,3.96600
771,12.00400,0.97200,3.70400
772,12.82900,1.16100,4.31300
773,12.94000,0.96400,5.36200
774,11.23800,0.97400,3.98700
775,10.62500,0.96100,5.13500
776,10.02800,0.97200,4.23700
777,10.61100,0.95900,3.84900
778,10.18100,0.95100,4.14600
779,11.77600,0.96500,4.20400
780,11.61300,0.96300,3.51500
781,11.16100,0.97100,4.52900
782,11.47700,0.96600,3.87200
783,10.62800,1.10500,3.94400
784,10.33000,0.95900,3.75600
785,11.42500,0.97800,4.05000
786,11.15700,0.98300,4.13500
787,10.64900,0.96400,3.74600
788,11.37800,0.97800,4.40200
789,11.61200,0.96800,3.93800
790,12.18200,0.96300,4.24600
791,11.82100,0.97000,4.19800
792,11.58500,0.98000,4.72200
793,14.47200,0.96900,4.24000
794,11.43600,0.95600,4.25000
795,9.94900,0.97800,5.57600
796,12.22400,0.96600,4.76700
797,12.04800,0.96300,4.68100
798,11.28000,0.96800,4.51900
799,10.90000,0.96700,4.16400
800,11.26200,0.96000,4.22400
801,10.78600,0.95700,3.96800
802,10.83200,0.97300,3.59900
803,10.59400,0.96200,3.98200
804,11.24400,0.96300,3.94200
805,9.73700,1.15400,3.67300
806,9.65300,0.96000,3.71800
807,12.38700,0.95600,4.09200
808,10.83200,0.97300,3.88900
809,10.08100,0.96500,4.04100
810,10.22500,0.97000,4.08800
811,9.49500,0.97000,3.42400
812,10.61000,0.95500,3.79400
813,11.29200,0.95600,3.51900
814,11.12600,0.95500,4.03500
815,13.08500,0.96600,4.10600
816,11.61600,0.96500,3.29600
817,10.73100,0.95200,4.67200
818,10.16000,1.14100,4.49500
819,12.45400,0.94300,4.20100
820,11.15600,0.94800,4.10000
821,12.67200,0.94900,5.15500
822,13.26600,0.95000,4.92200
823,11.17200,0.96300,5.71500
824,11.40700,0.95000,4.37700
825,10.38300,0.96000,4.08600
826,10.59700,0.96700,4.18300
827,12.54100,0.95800,3.96500
828,12.79400,0.95800,4.16600
829,14.29300,0.96400,4.57100
830,12.69400,0.97600,4.67500
831,14.11100,0.97100,4.73900
832,11.74800,0.96800,4.87000
833,12.12000,0.95800,5.44800
834,11.90500,1.13600,4.17700
835,13.18200,0.95600,4.61500
836,12.44000,0.95900,4.40400
837,13.55600,0.97800,4.70500
838,11.31300,1.13500,4.42300
839,12.32800,0.96600,5.47000
840,11.79400,0.95200,4.19800
841,13.00700,0.95100,4.79400
842,11.53900,0.95900,4.72500
843,12.21500,0.96500,5.01400
844,10.93900,0.96100,4.28500
845,11.82100,0.96800,4.05400
846,10.86500,0.96700,4.08500
847,11.13800,1.14000,4.19300
848,11.21900,0.95800,4.06300
849,8.35300,0.96300,3.85600
850,9.90500,0.96900,3.82000
851,11.76600,1.13800,3.51600
852,11.85300,0.96100,3.45500
853,12.34800,0.97900,4.83700
854,12.18200,0.96200,4.05800
855,11.58000,0.94400,4.22800
856,11.86800,1.12700,4.97200
857,11.47600,0.96400,4.24100
858,12.12500,0.97800,5.34400
859,11.83600,0.97000,4.17600
860,11.40100,0.95200,4.28600
861,12.44000,1.12700,4.47100
862,11.51600,0.96700,4.79200
863,12.78300,0.95600,4.40000
864,12.34300,0.97200,4.09900
865,12.59900,0.97400,4.91900
866,12.88300,0.96600,4.08300
867,12.40300,0.95400,4.48900
868,12.53700,0.96100,4.39900
869,13.01100,0.97100,5.34500
870,14.41000,0.96800,4.78600
871,11.52600,0.96600,5.13900
872,14.28100,0.95900,6.23500
873,12.58500,0.97200,4.51100
874,12.03100,0.97400,5.81900
875,13.83100,0.97100,4.13400
876,14.61400,0.96700,4.80000
877,12.67500,0.96200,4.59700
878,11.51100,1.03200,6.16900
879,14.22300,0.96700,4.75500
880,11.96500,0.95200,4.16100
881,10.66100,0.96100,5.52200
882,11.26200,0.95700,3.97200
883,11.39900,0.97000,4.17200
884,11.86600,0.97000,4.27900
885,11.91800,0.97800,4.47700
886,13.54900,0.97100,4.43900
887,12.75200,1.19500,4.99900
888,12.99600,0.97200,5.11400
889,10.52100,0.97700,4.73100
890,9.48800,0.98300,3.73100
891,9.99300,1.17900,3.70800
892,9.73500,0.96900,3.96600
893,11.20300,0.95700,3.39800
894,13.75400,0.96100,4.30800
895,13.25300,0.97400,4.29600
896,13.73000,0.96300,5.56200
897,15.02400,1.03000,5.06700
898,13.80000,0.97000,6.54200
899,13.26400,0.97100,5.82200
900,12.87700,0.99000,5.63600
901,14.77400,0.99800,4.90000
902,14.50600,0.99000,4.55000
903,12.14700,1.00200,5.99500
904,12.43500,1.00100,5.24200
905,12.34400,0.99100,4.35700
906,12.43900,0.99100,5.13200
907,11.75200,0.99100,4.20700
908,11.53200,0.99200,4.47100
909,11.02500,0.98500,4.07300
910,13.30800,0.98900,4.32400
911,12.08400,0.97600,4.11900
912,12.69500,0.98400,5.16400
913,14.15800,0.98200,4.84200
914,16.23700,1.00000,5.13000
915,13.09300,1.00200,5.75800
916,12.74700,1.00600,6.14800
917,14.71700,1.00400,4.81400
918,12.76900,1.00400,4.58400
919,12.60600,1.17300,5.50300
920,13.21600,0.99200,5.56600
921,12.44200,1.00700,4.20000
922,11.79900,1.01000,4.67200
923,12.16800,1.20300,4.71500
924,15.01700,1.01100,4.43200
925,12.07800,1.01900,4.48100
926,12.60800,1.00700,5.84000
927,11.74200,1.01300,4.43100
928,11.42100,1.03600,4.39500
929,11.33600,1.04200,3.92700
930,11.18400,1.02400,4.18200
931,10.93100,1.02800,4.46200
932,9.35800,1.04500,3.92500
933,9.30100,1.02300,4.12200
934,9.19300,1.04300,3.72900
935,9.15700,1.03400,3.50600
936,8.88100,1.02800,2.84000
937,10.30000,1.22900,3.25400
938,9.91400,1.01700,3.13600
939,9.21200,1.01100,3.46200
940,9.07400,1.02100,4.45600
941,7.60000,1.01800,3.54700
942,11.88700,1.01900,3.49400
943,11.50500,1.02500,3.32300
944,10.48800,1.24400,4.14300
945,10.79200,1.02700,4.52200
946,10.45000,1.04900,3.72700
947,10.46400,1.02500,3.90400
948,11.10900,1.02500,4.09800
949,12.05000,1.02100,4.17000
950,11.02400,1.02400,4.16500
951,11.45200,1.03500,4.34000
952,11.62100,1.01900,4.03600
953,10.23400,1.02700,4.04800
954,11.13600,1.02400,4.80100
955,11.76800,1.02300,3.91000
956,11.06100,1.01800,4.00700
957,11.52100,1.01400,4.42000
958,11.59400,1.02300,4.01100
959,11.03000,1.02500,4.07500
960,12.11600,1.03800,4.26400
961,12.19200,1.02300,4.29400
962,12.46400,1.02400,4.23200
963,13.32500,1.03400,5.59400
964,12.87400,1.04200,4.84300
965,10.36900,1.04200,5.04500
966,13.65300,1.03000,4.36200
967,12.57100,1.02600,4.05400
968,12.87400,1.01800,5.07700
969,12.25600,1.03100,5.58000
970,13.25800,1.02200,4.71900
971,10.96100,1.03800,4.24800
972,12.54300,1.03600,4.16600
973,11.49500,1.03000,4.74500
974,12.03100,1.16200,3.91000
975,10.90300,1.03100,4.42600
976,11.05900,1.00400,4.28100
977,10.85700,1.02900,4.10500
978,12.66100,1.03200,4.20300
979,11.52600,1.02600,3.98400
980,11.73800,1.03000,4.14200
981,10.86800,1.01200,4.42000
982,10.60200,1.02900,4.08400
983,11.76600,1.01900,3.82800
984,9.78900,1.02600,4.19700
985,9.82600,1.01900,4.06000
986,10.36400,1.00500,3.24000
987,10.02600,1.01700,3.83500
988,10.00900,1.01900,4.07400
989,11.13000,1.00700,3.50300
990,11.49400,1.01700,3.97900
991,12.97900,1.03200,4.14100
992,11.82600,1.03400,4.73900
993,10.30300,1.02000,4.69900
994,8.65100,1.00900,3.87300
995,9.56400,1.05900,3.70500
996,8.29000,1.00300,3.18800
997,9.37400,0.98800,3.18700
998,11.28600,0.98700,3.19000
999,12.52700,1.00300,4.34000
1000,8.59000,1.00700,4.21300
1001,6.87800,0.99200,3.54300
1002,8.61200,0.98600,2.95400
1003,9.41000,0.99000,2.83300
1004,10.65600,0.99100,2.90900
1005,11.36800,0.98900,4.24100
1006,13.27600,0.98300,4.13000
1007,10.74700,1.00200,4.72500
1008,10.29600,0.99000,4.86000
1009,11.03500,0.99900,3.73300
1010,11.75400,1.17800,4.25800
1011,13.77700,0.98700,5.22100
1012,12.02800,0.99300,4.90900
1013,11.83700,0.98100,4.55600
1014,10.58600,0.98000,4.77300
1015,11.65900,0.96600,4.81700
1016,13.82300,0.97900,4.49400
1017,11.60600,0.99100,4.13400
1018,14.73600,0.99800,5.47000
1019,13.09200,0.99200,4.06900
1020,11.66100,0.99400,5.69600
1021,13.34700,0.98300,4.82500
1022,11.65900,0.96900,4.51100
1023,12.34900,0.97500,4.69400
1024,10.69000,0.96600,4.97900
1025,12.57300,0.95600,4.67100
1026,11.31000,0.96900,4.76700
1027,12.54100,1.11300,4.40600
1028,12.45700,0.94400,4.35400
1029,14.49900,0.94300,4.68300
1030,11.03800,0.94300,5.18700
1031,11.89900,1.10900,5.49500
1032,12.48400,0.95200,3.05400
1033,12.19900,0.94700,4.04600
1034,10.63600,0.93100,5.08400
1035,10.33900,0.92800,4.49200
1036,11.30000,0.93400,3.82700
1037,12.26100,0.92400,3.96500
1038,10.56500,0.93200,4.40500
1039,8.68500,0.93600,4.23400
1040,10.38200,0.92600,4.12600
1041,12.54800,0.90100,3.84800
1042,10.79900,0.91400,4.01700
1043,10.37000,0.90000,4.17300
1044,14.35200,0.91800,4.09300
1045,12.73400,0.91900,3.47400
1046,11.25000,0.91000,5.72000
1047,10.33500,1.09400,4.84700
1048,10.74000,0.90600,3.70200
1049,11.31300,0.91200,3.83600
1050,10.97300,0.90600,4.12300
1051,11.95800,0.92100,4.33700
1052,10.85400,0.91800,3.66100
1053,11.03300,1.10200,4.26200
1054,12.27900,0.92200,3.64400
1055,13.80100,0.90900,4.29800
1056,13.18700,0.90500,4.37400
1057,14.14100,0.93400,4.93400
1058,12.57300,0.91600,4.67000
1059,10.33300,1.09800,4.86600
1060,8.38500,0.90800,4.55300
1061,9.81400,0.90700,3.66300
1062,9.97800,0.90600,2.55500
1063,12.30500,1.04400,3.72800
1064,11.54300,0.91600,3.79500
1065,8.94400,0.90200,4.45900
1066,10.42200,0.90200,4.36600
1067,9.84200,0.92400,2.90200
1068,11.10000,0.90100,3.25400
1069,10.04100,0.90800,3.50600
1070,9.91400,0.90200,4.23100
1071,8.86500,1.07800,3.23100
1072,11.86700,0.89400,3.38500
1073,11.77900,0.90300,3.74900
1074,13.07900,0.93000,4.46800
1075,12.38600,0.92100,3.86700
1076,11.52800,0.91200,5.43200
1077,10.98800,0.90900,4.23800
1078,11.61200,0.89900,3.84900
1079,12.04100,0.90600,3.94600
1080,12.41900,0.91100,4.07000
1081,10.64200,0.92300,4.41100
1082,12.28500,0.91400,4.60100
1083,12.96200,0.90500,4.27600
1084,13.23500,1.08900,4.18400
1085,11.52100,0.90500,4.64100
1086,10.99500,0.90400,4.56100
1087,14.79700,0.90800,3.93100
1088,10.15300,0.90700,4.25200
1089,12.55800,0.90800,4.46500
1090,15.09700,0.89900,3.81900
1091,13.97700,0.90300,5.14200
1092,10.15900,0.92300,5.62700
1093,9.09900,0.91800,5.08100
1094,6.91500,1.12100,3.08900
1095,9.00200,0.90400,3.34400
1096,9.74400,0.89400,2.60200
1097,9.94300,0.91000,4.24200
1098,9.65700,0.91300,3.33000
1099,10.31600,0.90200,3.27400
1100,10.15900,0.90700,3.52700
1101,11.16900,0.91000,3.67700
1102,9.88300,1.10800,3.60800
1103,10.59100,0.90700,4.18600
1104,10.31600,0.91400,3.45600
1105,11.65800,0.91600,3.75100
1106,10.95000,1.12300,3.67600
1107,10.83500,0.90400,3.81100
1108,11.61800,0.91000,4.25800
1109,10.26500,0.92700,3.70800
1110,11.80000,0.90800,4.35300
1111,11.52500,0.91600,3.82000
1112,12.91600,0.92000,3.88600
1113,12.51900,0.91200,4.33700
1114,11.27300,0.91200,5.18300
1115,11.24500,0.91600,3.68300
1116,10.49900,0.91000,3.83900
1117,9.89000,0.90300,3.87200
1118,11.88900,0.90300,3.53300
1119,11.27900,0.90200,3.37700
1120,11.19400,0.90600,4.02000
1121,11.96700,0.90000,4.22600
1122,12.50100,0.90200,4.50700
1123,14.42400,0.91300,4.71600
1124,14.87400,0.92300,5.03700
1125,12.07900,0.91100,4.69100
1126,13.20300,0.91600,5.82900
1127,11.15000,0.90500,4.23900
1128,11.80100,0.90700,4.43600
1129,11.72300,0.92500,4.15200
1130,12.29000,0.96300,4.10300
1131,10.58200,0.90300,4.09100
1132,12.45800,0.90200,4.03300
1133,11.84400,0.90100,3.37100
1134,13.28100,0.92300,3.97400
1135,10.66900,0.91700,4.15500
1136,11.06700,0.91900,4.58000
1137,8.75800,1.13600,3.91900
1138,9.79200,0.90800,3.39900
1139,11.14500,0.91200,3.48700
1140,12.74000,0.91300,3.64900
1141,10.82700,0.91100,3.52600
1142,7.79700,0.91000,3.54400
1143,7.34700,0.90700,3.38100
1144,8.78200,0.93000,2.28500
1145,9.69900,0.91200,2.55200
1146,10.62000,0.91600,3.37000
1147,8.25000,0.91200,3.33600
1148,8.15000,1.11200,3.26900
1149,8.74400,0.91300,3.03100
1150,9.44900,0.90700,2.95300
1151,7.33900,0.91400,2.92000
1152,8.44400,0.90900,3.08400
1153,9.24000,0.96500,2.82200
1154,9.37400,0.91300,3.40300
1155,9.83000,0.91300,2.95800
1156,7.00900,0.92600,3.02500
1157,7.66900,0.91500,3.49800
1158,8.10400,0.91300,2.64500
1159,8.43300,0.92200,2.28000
1160,10.30500,0.91000,2.81900
1161,9.50900,0.90800,3.09700
1162,10.21400,0.90900,4.36400
1163,13.26600,0.93200,3.64600
1164,13.06300,0.92000,3.82900
1165,10.62500,0.93700,5.10900
1166,11.09000,1.07400,4.06800
1167,10.63600,0.92700,3.49300
1168,11.16100,0.92400,3.77300
1169,10.42800,0.92000,3.48300
1170,10.44700,0.92300,3.67700
1171,8.89000,0.91300,3.25200
1172,10.10300,0.92100,3.84000
1173,9.97300,0.92000,2.77700
1174,8.65000,1.13000,3.08300
1175,9.48700,0.92200,3.24200
1176,8.81400,0.91000,2.63000
1177,9.37400,0.91500,3.40000
1178,9.22000,0.91700,3.19200
1179,7.42200,0.92600,3.01300
1180,8.03700,0.93400,3.12700
1181,8.83300,0.92900,2.71900
1182,9.77300,0.94600,3.30700
1183,11.11800,0.93700,3.10800
1184,8.88100,0.93500,3.51400
1185,9.56700,0.95200,3.79500
1186,9.55900,0.93900,2.98700
1187,10.04800,0.93400,3.71700
1188,9.46400,0.95300,3.35100
1189,10.14100,0.94500,3.59300
1190,10.43600,0.93600,3.27900
1191,12.49700,1.15300,4.18600
1192,10.30700,0.94000,3.72400
1193,10.56300,0.93600,3.92300
1194,10.96700,0.94400,3.58500
1195,9.88600,0.93700,3.94300
1196,10.37800,0.94600,4.10300
1197,10.07900,0.93500,3.54800
1198,10.53600,1.12600,3.68000
1199,12.24700,0.94700,3.83000
1200,11.66500,0.95500,3.84600
1201,9.54000,0.94400,4.19400
1202,9.71100,0.93900,3.51600
1203,10.15900,0.96100,3.65400
1204,10.92500,0.94700,3.51400
1205,6.67100,0.94300,3.24800
1206,6.55500,0.95200,3.58700
1207,8.98400,1.18000,2.53800
1208,8.38500,0.95200,2.59000
1209,8.64300,0.95700,2.99100
1210,8.02900,0.95700,3.21400
1211,7.24300,0.95600,3.25300
1212,8.24400,0.96000,3.10400
1213,6.68800,0.96100,2.89300
1214,7.04000,0.95700,2.47000
1215,7.89300,0.96300,2.47100
1216,8.17900,0.95900,2.73600
1217,9.72100,0.96000,3.06000
1218,10.04500,0.97700,3.25900
1219,8.18200,0.96600,3.68000
1220,8.72700,0.96700,3.46800
1221,9.49400,0.97700,3.36600
1222,7.37900,0.97200,2.72300
1223,8.55600,0.96500,3.66200
1224,8.32700,0.97100,2.56900
1225,9.31200,0.97200,3.54000
1226,9.11400,0.97500,2.96600
1227,9.67000,0.98600,3.39300
1228,10.20800,1.12000,3.27300
1229,8.75000,0.98900,3.52000
1230,8.70100,0.97500,3.44900
1231,10.01700,0.98600,3.48800
1232,9.04400,0.98300,3.42500
1233,11.77300,1.00000,3.90600
1234,10.51300,0.99200,3.48000
1235,8.79700,0.99500,4.08300
1236,8.98700,1.16800,3.61500
1237,9.65500,0.98700,3.76800
1238,11.10500,0.98700,3.65900
1239,10.15900,0.99400,3.75400
1240,10.18600,1.18800,3.85700
1241,11.57900,0.99900,3.44600
1242,13.14600,0.99700,4.19500
1243,12.27100,1.00500,4.11000
1244,11.67900,0.99900,3.92000
1245,10.88000,1.02200,4.87800
1246,11.12300,1.01600,4.29400
1247,11.60200,1.01800,3.83900
1248,10.51400,1.00600,4.15600
1249,11.47300,1.01400,4.23600
1250,11.73400,1.01700,4.19000
1251,10.31100,1.24700,4.11400
1252,10.01700,1.00200,4.25800
1253,11.31600,1.03300,3.83900
1254,9.85700,1.01300,3.38800
1255,11.34800,1.01500,4.27000
1256,9.89500,1.02400,3.64300
1257,9.19000,1.02300,3.74800
1258,11.13600,1.01300,3.58100
1259,9.96200,1.01500,3.52600
1260,9.77100,1.00800,4.05100
1261,10.68200,1.01600,3.90000
1262,10.27200,1.00400,3.86500
1263,10.41600,1.20400,4.11000
1264,10.52300,1.01200,3.93900
1265,11.91000,1.01100,3.94600
1266,12.19900,1.01900,4.47400
1267,10.72400,1.01300,4.43300
1268,14.51200,1.02700,4.97800
1269,12.07300,1.19500,4.26300
1270,12.62500,1.03600,5.74600
1271,14.20100,1.04300,5.04000
1272,11.24500,1.02700,4.82800
1273,12.92800,1.02000,5.22900
1274,12.45000,1.01700,4.67600
1275,13.64100,1.01900,4.66800
1276,13.46600,1.01600,4.79600
1277,14.78800,1.03000,5.29300
1278,12.70900,1.21200,5.40200
1279,12.00600,1.02100,5.29900
1280,14.16000,1.01100,4.78200
1281,13.03700,1.03200,4.51400
1282,12.17100,1.01400,4.79100
1283,12.27800,1.18000,4.52800
1284,14.83200,1.01200,4.69600
1285,12.49900,1.01400,5.05100
1286,12.04800,1.01600,5.17600
1287,11.70800,1.01600,4.26700
1288,8.74300,1.02000,4.32800
1289,12.41300,1.01500,4.26100
1290,12.72500,1.02000,3.70200
1291,13.14100,1.01300,4.63200
1292,10.07600,1.02100,4.66400
1293,10.85500,1.01100,4.64100
1294,11.08400,1.01300,4.50200
1295,11.44700,1.02900,3.85700
1296,10.94700,1.00400,4.86700
1297,12.99500,1.01500,4.98500
1298,12.40800,1.00700,3.86100
1299,13.68500,1.02400,4.57800
1300,11.14000,1.01000,4.39400
1301,11.96700,0.99900,5.21900
1302,12.22600,1.00700,4.28200
1303,8.40100,1.01400,3.90900
1304,12.28200,1.01600,4.57100
1305,14.21800,1.01900,3.30800
1306,13.50300,1.01200,5.30200
1307,10.54900,1.01400,5.42500
1308,10.82600,1.17100,4.86200
1309,11.72600,0.99800,3.31200
1310,10.93500,1.00600,4.41400
1311,12.40300,1.00200,4.36900
1312,11.20700,0.99800,4.21100
1313,8.93500,1.00100,4.05500
1314,11.55700,1.01200,4.43000
1315,12.79600,1.00700,3.31900
1316,13.09100,1.00500,4.54300
1317,12.20600,1.01200,4.54900
1318,13.09800,1.01000,4.92100
1319,12.50700,0.99900,4.47000
1320,14.23800,1.00700,5.08500
1321,13.30700,1.00500,4.77300
1322,13.43500,1.00900,5.19400
1323,13.72700,1.00700,4.96500
1324,15.87800,1.02500,5.61900
1325,11.58000,1.01200,5.33500
1326,13.10100,1.00500,5.43100
1327,12.14100,1.22100,4.48800
1328,14.55600,1.02400,4.94700
1329,14.47500,1.02700,4.84300
1330,11.76300,1.01500,6.20300
1331,13.43300,1.01500,5.36800
1332,14.14600,1.24900,4.99500
1333,14.80400,1.01500,4.87900
1334,15.60700,1.01800,5.06100
1335,16.09000,1.02500,6.49600
1336,15.05100,1.02700,6.86200
1337,13.61100,1.02500,6.68000
1338,12.08400,1.01800,5.03500
1339,10.07400,1.03100,4.86600
1340,13.01500,1.01500,4.13500
1341,13.25000,1.20400,3.37500
1342,12.45000,1.02700,5.38300
1343,11.29600,1.01700,4.82000
1344,12.62700,1.02000,4.61200
1345,11.63400,1.21200,4.79600
1346,12.65600,1.00400,4.87400
1347,11.67200,1.00100,4.67500
1348,14.13500,1.00800,5.26100
1349,9.22200,1.02200,4.70800
1350,7.59100,1.00200,4.29100
1351,8.40400,1.01400,2.87000
1352,9.36800,1.01400,3.22300
1353,10.62600,1.00000,3.77200
1354,9.22600,0.99900,3.39500
1355,8.61200,1.01400,3.38200
1356,11.86800,1.23900,3.45500
1357,11.29400,1.01000,3.55500
1358,9.33000,1.00600,3.79300
1359,9.21200,1.00200,4.36800
1360,10.97900,1.18500,3.66900
1361,8.83900,1.00200,3.21300
1362,11.50100,1.00400,4.96700
1363,14.70700,1.01500,3.61200
1364,13.26600,1.00000,5.02800
1365,11.30600,1.01300,5.73100
1366,10.05100,1.01600,5.58000
1367,11.05200,1.00600,4.54300
1368,11.68800,1.01300,4.37400
1369,12.53400,1.01000,4.24800
1370,13.22400,1.01000,4.77500
1371,12.60400,1.01100,4.87300
1372,13.84500,1.01100,5.12200
1373,13.44300,1.07400,4.74100
1374,12.93000,1.02200,4.98300
1375,12.81600,1.01500,4.47200
1376,11.70300,1.01100,4.61100
1377,13.19500,0.99400,4.95300
1378,10.86800,1.01000,4.26800
1379,11.69800,1.00600,4.19600
1380,12.71600,1.00100,4.42900
1381,13.76100,1.01000,4.22000
1382,11.38400,1.01200,4.40300
1383,12.58400,1.01300,4.66000
1384,12.05700,1.01000,4.27600
1385,12.48700,1.00500,4.33600
1386,12.58200,1.01200,4.78300
1387,12.42200,1.00800,4.66900
1388,12.75400,1.00100,4.82900
1389,13.90600,1.01500,4.60700
1390,13.27700,1.01300,5.13900
1391,12.38000,1.00600,4.51900
1392,12.60100,1.00500,4.46200
1393,11.58700,1.00900,4.44600
1394,13.49800,0.99500,4.43600
1395,13.62100,1.01200,4.59800
1396,13.22200,1.00500,5.04100
1397,12.27100,0.98900,5.06200
1398,12.53000,0.99200,4.56900
1399,12.31400,0.99700,5.10400
1400,13.28600,1.00200,4.30500
1401,13.62200,1.01400,4.72600
1402,12.81800,1.00200,4.62200
1403,12.39800,0.98900,4.79500
1404,10.67200,0.98400,4.58600
1405,12.31100,0.98800,3.58300
1406,11.98600,1.00100,4.09300
1407,12.19400,1.00700,4.55500
1408,11.01800,1.20500,4.03800
1409,12.00000,0.99100,4.06200
1410,10.67300,0.99500,4.01300
1411,11.74300,0.98200,4.02100
1412,12.64500,0.97400,4.09200
1413,11.95200,1.19400,4.51000
1414,13.89800,0.97400,4.80500
1415,12.44800,0.99700,4.68600
1416,14.13200,0.99600,4.98300
1417,12.00200,1.00300,4.51800
1418,12.50900,1.00400,4.36400
1419,10.62300,0.99500,4.22800
1420,12.00600,0.98000,4.92400
1421,10.29000,1.14200,3.46600
1422,12.37800,0.99100,3.97800
1423,12.85000,0.97700,3.81400
1424,11.32800,0.99800,4.32900
1425,12.48100,0.97900,4.39300
1426,10.19800,1.14300,4.09100
1427,11.09900,0.97700,4.19400
1428,10.55000,0.98200,3.85500
1429,11.69000,0.97500,4.18900
1430,14.33000,0.96800,4.53300
1431,11.24100,0.97900,4.27600
1432,10.02100,0.98200,4.45400
1433,9.67900,0.97500,3.84300
1434,10.97100,1.13000,3.86800
1435,10.81600,0.97100,3.23500
1436,12.08700,0.98300,3.90500
1437,10.60400,0.97600,3.96300
1438,11.08900,0.97100,4.00800
1439,12.37700,0.97100,3.76900
1440,12.35500,0.97200,3.81700
1441,12.84800,0.97500,3.90300
1442,11.88400,0.97000,4.65400
1443,10.85500,0.97500,4.67500
1444,10.83800,0.97200,3.91500
1445,12.48200,0.97400,4.22600
1446,11.59100,0.97500,3.97900
1447,12.20200,0.97600,4.06300
1448,11.24100,0.98400,4.20600
1449,10.88100,0.97900,4.04400
1450,11.35500,0.97800,3.96000
1451,11.56900,0.96600,3.80900
1452,10.97200,0.97200,4.33100
1453,10.45700,0.97600,3.87200
1454,11.31900,0.97300,3.69200
1455,10.73000,0.96800,3.88300
1456,10.95000,0.97600,3.73700
1457,11.70300,0.95900,3.79400
1458,11.18900,0.97400,3.88700
1459,11.29500,0.96400,4.27100
1460,12.61200,0.96000,4.17500
1461,10.48600,0.96900,3.95700
1462,10.43200,0.96100,4.04600
1463,10.75300,0.96900,3.70500
1464,10.37800,0.97600,3.62000
1465,10.11700,0.97100,3.60900
1466,12.32200,0.97000,3.75400
1467,10.91400,0.97400,3.63500
1468,11.26700,0.97600,4.47600
1469,12.36400,0.97400,3.70900
1470,11.43900,0.96800,3.90500
1471,11.06800,0.97300,4.06000
1472,12.72000,0.97900,4.18800
1473,11.12800,0.97400,3.84600
1474,12.64100,0.98000,4.52600
1475,10.35500,0.98000,4.17900
1476,10.58300,0.98100,3.93400
1477,11.13700,0.96500,3.80800
1478,11.10900,0.96800,4.06900
1479,11.04600,0.97500,3.86600
1480,12.51300,0.96500,4.03500
1481,11.16100,0.97500,4.23000
1482,11.84700,0.97700,4.35200
1483,11.77800,0.97000,3.83700
1484,11.65200,1.17100,4.16100
1485,13.64400,0.97800,4.07100
1486,12.37300,0.97100,4.35900
1487,12.31900,0.96900,4.56900
1488,14.07000,1.15900,4.53100
1489,12.67500,0.97300,4.20900
1490,12.69700,0.97700,4.25600
1491,12.18700,0.96500,4.16700
1492,12.57500,0.97100,4.08800
1493,12.77300,0.97500,4.76300
1494,13.01400,0.97600,3.95900
1495,10.64000,0.97400,4.43200
1496,13.16900,0.96400,4.08800
1497,11.25000,0.97400,4.04800
1498,11.44500,0.98300,4.07400
1499,10.85300,0.96500,3.92600
1500,14.04400,0.96300,3.48600
1501,11.10500,0.98400,3.62600
1502,11.28500,0.96000,3.77400
1503,10.38900,0.98100,3.87300
1504,11.55200,0.97700,3.55900
1505,10.32200,0.96800,3.76300
1506,10.13100,0.96700,3.65900
1507,11.46700,0.95900,3.91100
1508,9.01000,0.97200,3.26100
1509,10.46700,1.15200,4.49800
1510,9.78900,0.96700,2.78800
1511,10.45300,0.96000,3.51300
1512,10.62900,0.95400,3.56200
1513,9.78000,0.95500,3.66100
1514,8.89900,1.13700,3.87000
1515,13.01400,0.94900,4.00200
1516,11.77200,0.97600,2.97200
1517,10.75200,0.97300,3.94700
1518,10.23200,0.97300,3.69100
1519,10.49100,0.94800,3.67300
1520,11.13300,0.95100,3.68000
1521,9.79900,1.11800,3.64000
1522,10.23100,0.96100,3.90600
1523,10.00800,0.96800,3.58400
1524,10.55500,0.96700,3.70600
1525,10.28800,1.14600,3.50000
1526,10.67600,0.95900,3.59600
1527,10.71200,0.96400,3.43700
1528,12.07200,0.96700,3.95800
1529,11.33900,1.21400,4.00500
1530,11.45000,0.97600,4.04700
1531,10.77100,0.96500,3.79000
1532,11.74100,0.96300,3.94900
1533,10.90300,0.95800,3.61600
1534,10.69900,0.96900,3.86500
1535,12.64400,0.95100,4.14400
1536,11.45900,0.97800,3.58000
1537,11.19600,0.97500,3.80100
1538,11.39600,0.97800,3.71000
1539,10.68400,0.95900,3.79900
1540,11.95200,0.96800,4.08800
1541,11.08700,0.95900,3.91500
1542,10.64600,0.95700,3.89300
1543,10.72900,0.97400,3.94500
1544,12.15900,0.95900,3.99700
1545,6.92600,0.97200,3.61000
1546,10.82800,0.97000,3.96500
1547,10.65500,1.17600,2.62700
1548,10.01000,0.95800,4.20400
1549,9.30200,0.96400,3.68700
1550,10.10200,0.96000,3.48400
1551,11.07900,0.95500,3.18800
1552,9.94100,0.97800,3.53300
1553,9.44800,0.96000,3.69100
1554,10.46500,0.97000,3.49800
1555,10.03300,0.95900,3.45800
1556,9.71600,1.14700,3.58500
1557,9.80900,0.95500,3.52500
1558,9.97000,0.95500,3.59500
1559,10.96200,0.96300,3.79700
1560,9.99900,0.95600,3.32000
1561,11.72700,0.95900,3.74600
1562,11.05100,0.96400,3.51600
1563,12.88900,0.96800,4.25800
1564,10.81300,1.12700,3.69500
1565,10.28100,0.96900,4.69300
1566,10.85500,0.97300,3.51600
1567,12.41400,0.96000,3.89900
1568,12.02900,0.96800,3.88000
1569,12.66400,0.97100,4.86600
1570,11.10200,0.96400,4.64500
1571,10.74800,0.96200,4.37600
1572,10.81800,0.97000,3.83500
1573,11.44400,0.95900,3.90400
1574,11.86700,0.96000,4.06300
1575,10.72500,0.97700,3.83500
1576,10.99900,0.95400,3.81700
1577,10.25700,0.95300,3.82600
1578,10.32600,0.96200,3.89000
1579,10.54400,0.95000,3.90100
1580,9.54300,0.96200,3.65600
1581,9.96000,0.95100,3.44500
1582,9.22800,0.96500,3.50500
1583,7.15500,0.94500,3.39200
1584,10.11600,0.95200,2.86600
1585,9.50700,0.96100,2.33500
1586,9.69200,0.95600,3.62400
1587,10.36000,0.97200,3.46400
1588,9.68300,0.94000,3.61100
1589,10.66300,1.11100,3.68600
1590,9.70700,0.95800,3.26000
1591,10.60000,0.97100,3.42300
1592,10.32100,0.96400,3.64000
1593,11.54400,0.95900,3.64200
1594,11.83000,0.96900,3.64400
1595,10.15300,0.96700,3.99000
1596,10.12300,0.94900,4.40900
1597,10.95900,0.96600,3.78900
1598,10.24500,0.95500,3.80600
1599,10.09200,0.96500,3.83200
1600,10.15800,0.95100,3.59000
1601,10.49600,0.96300,3.44800
1602,9.96900,0.95800,3.72200
1603,9.66200,0.96400,3.64200
1604,10.85400,0.94600,3.28100
1605,12.53900,1.12700,3.68500
1606,11.87900,0.96300,4.04300
1607,11.56300,0.96400,4.12700
1608,12.25100,0.96500,4.42900
1609,12.37300,0.96600,4.29700
1610,11.12400,1.16600,4.30200
1611,11.83300,0.96000,4.09800
1612,11.13800,0.95900,3.61800
1613,10.21800,0.95800,3.90800
1614,11.12700,0.97100,4.33700
1615,11.03500,0.96000,3.82300
1616,10.65100,0.95300,3.77700
1617,10.76100,0.95800,3.72400
1618,9.70900,0.93700,3.45400
1619,10.78600,0.95400,3.32600
1620,11.52500,0.95200,3.67700
1621,10.42400,0.95600,4.32100
1622,10.23300,0.94400,3.54300
1623,14.10500,0.96800,3.65700
1624,13.50900,0.95900,3.58400
1625,10.48500,0.96700,4.91200
1626,10.46500,0.95900,4.84200
1627,11.06400,1.21800,3.44700
1628,11.72100,0.95500,3.58200
1629,10.20900,0.95900,4.01500
1630,10.65900,0.95200,3.87900
1631,11.27000,0.95700,3.45900
1632,10.19700,0.95000,3.53900
1633,11.59900,0.94500,3.90400
1634,11.46300,1.14600,3.72000
1635,11.11000,0.94100,4.01400
1636,11.08900,0.94900,4.01500
1637,11.52500,0.95500,3.72600
1638,11.55700,0.95200,3.98300
1639,11.31700,0.95000,3.94900
1640,11.43300,0.95700,4.12800
1641,11.77300,0.93800,4.09000
1642,12.48000,1.09700,4.23200
1643,10.46500,0.95700,4.00000
1644,9.63500,0.94800,3.87400
1645,10.52400,0.94500,3.58300
1646,11.06100,0.93400,3.29100
1647,12.35800,0.95600,4.09700
1648,12.78900,0.94100,3.77700
1649,11.04400,0.94500,3.92300
1650,13.59300,0.94200,3.88600
1651,12.22600,0.94800,3.75000
1652,11.61300,0.94000,4.91200
1653,11.83100,0.94600,4.65800
1654,11.29200,0.95600,4.14100
1655,12.79300,0.94200,4.13700
1656,14.13600,0.95400,4.43400
1657,14.78500,1.12300,4.92300
1658,14.93300,0.94600,4.98900
1659,13.07000,0.94800,4.93000
1660,13.72200,0.94700,6.32900
1661,14.90100,0.95000,5.05200
1662,12.65500,0.93900,4.31900
1663,13.23100,0.92600,5.53500
1664,13.13600,0.94500,4.75700
1665,12.23600,0.93400,4.69100
1666,11.57900,1.12300,4.85500
1667,13.33600,0.94000,4.12000
1668,12.16900,0.93000,4.45100
1669,11.13700,0.92200,4.91700
1670,11.92100,0.93200,3.75100
1671,12.20500,0.93800,4.10400
1672,13.47600,0.94200,4.37000
1673,12.65100,0.94400,4.19800
1674,11.65200,0.94400,4.03500
1675,11.68700,0.93400,4.10200
1676,12.14500,0.93300,4.02500
1677,11.58100,1.11500,4.24400
1678,12.43000,0.93500,3.90700
1679,11.47300,0.94100,4.37300
1680,12.57800,0.93900,4.23600
1681,10.65500,0.92800,4.20600
1682,9.94100,0.94500,4.28500
1683,10.38000,0.93000,3.64200
1684,10.76000,0.92900,3.85700
1685,11.94300,1.10600,3.63000
1686,12.38100,0.93200,4.19900
1687,11.17800,0.93400,4.19100
1688,11.64000,0.92400,4.00700
1689,12.53700,0.91200,4.34300
1690,11.55900,0.91400,4.50300
1691,10.61500,0.92400,4.75000
1692,7.39400,0.92100,4.00000
1693,11.87600,0.92500,3.53700
1694,10.17600,0.92600,3.00200
1695,9.76700,0.92800,4.85700
1696,11.10700,0.92600,3.61000
1697,10.30400,0.92400,3.43500
1698,12.05300,0.90900,3.90100
1699,9.84300,0.92300,3.88700
1700,11.70400,0.92000,4.63800
1701,11.93500,1.11800,3.91800
1702,13.66800,0.91800,4.47600
1703,12.56900,0.92800,4.11400
1704,12.13100,0.91400,5.48900
1705,11.77800,1.13500,5.07900
1706,12.31900,0.91600,4.23400
1707,11.81500,0.91500,4.45300
1708,10.93400,0.91900,4.14500
1709,10.89600,0.92100,4.60600
1710,12.21600,0.92200,3.87800
1711,10.21100,0.91500,3.65000
1712,10.59000,0.90700,4.78700
1713,9.87700,1.12400,3.25700
1714,9.82000,0.91200,3.79300
1715,12.33800,0.92000,3.63400
1716,13.46600,0.91000,3.89800
1717,10.21500,0.92200,4.23600
1718,12.87200,0.92200,4.60100
1719,13.08300,1.09500,4.28900
1720,11.97400,0.91400,4.28300
1721,11.26000,0.92100,4.72400
1722,13.33400,0.91800,4.32100
1723,13.52300,0.91300,4.05200
1724,10.02300,0.92200,4.77500
1725,13.15400,0.91000,4.76300
1726,11.81200,0.91500,3.79100
1727,13.18400,0.91700,5.37500
1728,13.24300,0.91900,4.97400
1729,13.10400,0.89500,5.24400
1730,12.25100,0.90500,4.08300
1731,12.09200,0.91600,5.10300
1732,11.69800,0.90800,4.28300
1733,12.69000,1.06500,5.05000
1734,12.64400,0.92100,4.40600
1735,11.57300,0.91000,4.95600
1736,12.22700,0.90900,4.14500
1737,12.28100,0.90500,4.33100
1738,12.18000,0.90500,4.10700
1739,10.59700,0.91000,4.42000
1740,10.95900,0.92400,4.61700
1741,10.83500,0.90200,4.05200
1742,10.13600,0.89800,3.88800
1743,10.23100,0.91500,3.94800
1744,8.27300,0.90000,3.32800
1745,9.08000,0.91200,3.43800
1746,9.02300,0.91500,2.86700
1747,11.18900,0.90400,3.45900
1748,11.18500,0.93000,3.50100
1749,12.29900,0.92100,3.28400
1750,15.41500,0.91600,4.83300
1751,13.96900,0.92800,4.89400
1752,11.56200,0.92200,5.24900
1753,11.90700,0.91500,5.55100
1754,10.69200,0.92900,3.85000
1755,10.54800,0.90600,4.07400
1756,12.07000,0.90800,4.07100
1757,9.37600,0.91100,3.64500
1758,9.46400,0.90100,3.44100
1759,9.82400,0.89800,4.20100
1760,9.34500,0.90100,3.62000
1761,9.88900,0.91700,3.00600
1762,10.04900,0.89600,3.70900
1763,11.83800,1.06800,3.70900
1764,9.80300,0.91400,3.54900
1765,9.92200,0.91600,4.05500
1766,10.38700,0.89900,3.73300
1767,10.07400,1.09800,3.61100
1768,10.34400,0.93600,3.75900
1769,10.54800,0.92000,3.65800
1770,11.64300,0.91000,3.69700
1771,11.46900,0.92100,3.95100
1772,10.37800,0.91900,3.70900
1773,12.02700,0.90900,3.65400
1774,10.41600,0.89400,3.64800
1775,10.27500,0.90500,3.86500
1776,11.51400,0.89300,3.89300
1777,10.49300,0.89500,3.48200
1778,10.08300,0.90200,4.35700
1779,11.78500,0.90100,3.87000
1780,12.92600,0.88700,3.61500
1781,12.56400,0.89700,4.57200
1782,12.55400,0.89100,4.54600
1783,12.34400,0.91200,4.57200
1784,10.67200,0.88900,4.41500
1785,10.80500,0.89700,4.59600
1786,11.61800,0.90200,3.72000
1787,10.77100,0.89400,3.65600
1788,10.76100,0.89700,3.66500
1789,11.76200,0.88800,3.97300
1790,10.74300,0.89500,4.08800
1791,9.94900,0.90600,4.44300
1792,11.13400,0.89800,4.15000
1793,10.85900,0.88600,3.47800
1794,9.92400,0.89100,4.15700
1795,9.69800,0.88200,4.06600
1796,9.76500,0.87900,3.61800
1797,11.14100,0.88900,3.39000
1798,10.09100,0.88700,3.69400
1799,10.72600,0.88900,4.03300
1800,10.41100,0.89100,3.48900
1801,11.86200,0.88700,4.17000
1802,12.91000,0.89700,4.38700
1803,12.22600,0.89600,3.94000
1804,10.08900,0.89000,4.38600
1805,11.28200,0.88600,4.30100
1806,10.06700,1.04700,3.51200
1807,9.84200,0.91000,3.68700
1808,10.64800,0.88400,3.54400
1809,11.06400,0.88400,3.69700
1810,12.03100,0.89600,3.67400
1811,11.33500,0.88500,4.68400
1812,9.49300,0.89200,4.88100
1813,10.48900,0.89000,3.78900
1814,9.03900,0.87700,3.46500
1815,10.34200,0.88500,4.29800
1816,9.91200,0.87700,3.66700
1817,9.87500,0.88800,3.38600
1818,10.93800,0.88900,3.75400
1819,8.57800,0.88800,3.88300
1820,9.28800,0.88000,4.06300
1821,9.12900,0.89200,2.95800
1822,9.20000,0.90000,3.31600
1823,10.31300,0.88200,3.48400
1824,10.78100,0.89000,3.49000
1825,11.05900,0.89300,3.55300
1826,9.39200,0.89600,3.93700
1827,11.19500,0.90200,3.92300
1828,8.69800,0.89200,3.02800
1829,8.37100,0.89300,4.15800
1830,10.32000,0.89200,3.30500
1831,10.42500,0.88900,3.04800
1832,10.73300,0.90200,4.50800
1833,10.90900,0.88900,4.26500
1834,11.46800,0.90000,3.57600
1835,10.82800,0.88700,3.81800
1836,10.52400,0.89000,3.87700
1837,11.12300,0.89500,3.85000
1838,10.30900,0.89300,3.59300
1839,11.68000,0.88900,3.79900
1840,11.67700,0.91400,3.89100
1841,11.38200,0.89400,3.95300
1842,10.91000,0.90300,3.66000
1843,12.13400,0.90300,4.32200
1844,13.05700,0.90300,4.08800
1845,13.46500,0.91000,4.37700
1846,12.98100,0.90300,5.17700
1847,12.87400,0.91300,4.87200
1848,10.82900,0.90300,4.60400
1849,12.08700,0.92200,4.13300
1850,11.01000,0.90600,4.22100
1851,12.58800,0.92000,3.96600
1852,12.32500,0.89900,4.00700
1853,10.85100,1.07400,4.49100
1854,10.87200,0.89900,4.94600
1855,11.30900,0.92600,3.72500
1856,12.66800,0.92000,4.17000
1857,10.31500,0.90900,3.67700
1858,11.20400,1.08300,4.11900
1859,12.79300,0.92800,3.86900
1860,13.90400,0.92300,4.31500
1861,12.02300,0.93100,4.29100
1862,12.47000,0.93900,5.34200
1863,11.71200,0.93300,4.66600
1864,12.08500,0.92900,4.21000
1865,11.69700,1.11300,3.72200
1866,11.83400,0.91800,3.88800
1867,10.88900,0.93400,4.28700
1868,11.35300,0.92200,4.01300
1869,11.23500,0.92600,3.94600
1870,9.91400,1.06700,3.74200
1871,11.16800,0.91700,3.80200
1872,10.71600,0.92300,3.73000
1873,11.31500,0.92400,3.73100
1874,13.16000,0.92000,4.05000
1875,14.25400,0.93200,4.08500
1876,13.86800,0.93200,3.97900
1877,14.05500,0.92900,5.55600
1878,14.67600,0.93800,5.49700
1879,12.79600,0.93500,4.77800
1880,9.92400,0.93800,5.05900
1881,10.23900,0.94600,4.26100
1882,10.57800,0.92400,2.94700
1883,12.79600,0.92800,4.01700
1884,12.42700,0.93400,3.87800
1885,12.82500,0.94100,4.22000
1886,11.97800,0.93600,4.91200
1887,11.54100,0.93800,4.86200
1888,10.77400,0.94300,4.65700
1889,11.44900,0.93300,3.74800
1890,11.92400,0.93200,3.97300
1891,11.53900,0.95100,5.21800
1892,11.97100,0.92800,5.34700
1893,12.70300,1.10100,5.02600
1894,11.98500,0.94200,4.11700
1895,10.34100,0.95500,4.46300
1896,9.54700,0.93200,3.93700
1897,11.39900,0.93800,3.97800
1898,10.03000,0.94300,3.05000
1899,9.64100,0.93200,3.65800
1900,12.66300,0.93300,4.03300
1901,14.65600,0.93500,4.18400
1902,11.64700,0.94900,4.24900
1903,11.26600,0.93400,5.65700
1904,12.77300,0.93100,4.02500
1905,12.07900,0.93100,4.13900
1906,11.15600,0.93200,5.00600
1907,10.98400,0.92800,4.30900
1908,11.95600,0.93600,4.21000
1909,12.10600,0.95000,3.94000
1910,12.09800,0.92200,4.14200
1911,11.74100,0.94400,4.88300
1912,9.84100,0.93800,4.46300
1913,11.74600,1.10000,4.34100
1914,10.76800,0.93500,3.45700
1915,11.33400,0.93000,3.91600
1916,11.74600,0.95500,4.21200
1917,11.65100,0.95600,3.82200
1918,12.56000,0.92800,3.99800
1919,10.59800,1.12500,4.54000
1920,10.31400,0.94800,5.43800
1921,12.01100,0.94400,4.05600
1922,10.76800,0.96600,3.19500
1923,13.40000,0.95000,4.03200
1924,13.00000,0.96400,4.15100
1925,11.68000,0.94900,5.03500
1926,11.49800,0.95000,4.85600
1927,12.36700,0.95300,4.46300
1928,10.10700,0.94100,3.77800
1929,15.83100,0.96000,4.77000
1930,12.21500,0.95100,3.63300
1931,12.52400,0.97400,4.80300
1932,12.85300,0.96100,4.61600
1933,12.02200,0.95700,4.32200
1934,11.32700,0.94900,4.77500
1935,14.49900,0.95800,4.35700
1936,13.09300,0.95500,4.37100
1937,13.85300,0.94700,5.20400
1938,13.31200,0.96200,4.83200
1939,13.31200,0.96200,5.17200
1940,14.33800,0.94500,4.56700
1941,13.86500,0.97600,5.27700
1942,12.54800,0.94400,5.10100
1943,14.62100,0.95100,4.48100
1944,12.83500,0.96700,4.65800
1945,12.30300,0.96800,4.96900
1946,13.09100,0.97300,4.59200
1947,12.49400,0.96500,4.38000
1948,11.96200,1.78000,4.63600
1949,11.74500,0.95500,4.57600
1950,12.82100,0.95200,4.10900
1951,14.42300,0.95900,4.17800
1952,13.86300,0.96400,5.06200
1953,16.71400,0.97500,6.40900
1954,16.41300,0.97700,5.54900
1955,14.58100,0.96700,5.03500
1956,11.54700,0.96900,6.60600
1957,12.16000,1.14400,5.69200
1958,11.58900,0.96400,4.13900
1959,13.29900,0.98300,4.29000
1960,14.73600,0.98200,4.39800
1961,11.15800,0.97100,4.59400
1962,12.91200,0.97900,5.71600
1963,11.80900,0.99000,4.32600
1964,11.38600,0.98300,4.43400
1965,11.66600,0.98400,4.43500
1966,12.29400,0.98200,4.29300
1967,11.39600,0.96800,3.60000
1968,14.17100,0.97300,4.55000
1969,12.41600,0.97500,4.72300
1970,12.69000,0.99800,5.21500
1971,11.28700,1.00100,4.90700
1972,13.23800,0.98900,4.49800
1973,12.10600,0.97900,4.52200
1974,11.76200,0.98400,4.85700
1975,12.52000,0.99900,4.62000
1976,14.35600,0.98500,4.13300
1977,14.47000,0.99100,5.68200
1978,12.79900,1.00600,5.81100
1979,12.23400,1.17400,4.89500
1980,12.58100,1.00300,4.60700
1981,12.92700,1.00300,4.26500
1982,11.27000,1.00200,4.55900
1983,12.74700,1.00300,4.04200
1984,11.61700,1.01300,4.38300
1985,11.91500,1.15600,4.51800
1986,10.82200,1.01400,4.52000
1987,12.57500,1.01000,4.55300
1988,11.09100,1.00000,4.19400
1989,12.64900,1.00300,4.93900
1990,13.23500,1.21000,4.31200
1991,15.27300,0.99300,5.12900
1992,15.94800,1.00200,5.02600
1993,14.62300,1.00100,6.33900
1994,13.76800,1.02700,6.43900
1995,14.89900,1.01700,5.69500
1996,15.32000,1.00300,5.19100
1997,14.82700,1.20200,6.08100
1998,15.92400,1.00800,6.68500
1999,14.69000,1.02400,5.77800
2000,12.85400,1.02600,6.09700
2001,13.63500,1.02500,5.84000
2002,15.33600,1.02600,5.49000
2003,13.68900,1.03000,5.00300
2004,13.90500,1.02100,5.17000
2005,15.64800,1.03600,4.97000
2006,16.73600,1.01700,5.34500
2007,14.03000,1.03300,6.11100
2008,14.73600,1.01500,6.50100
2009,13.21500,1.03600,5.83400
2010,13.85600,1.19500,4.80800
2011,14.01000,1.02500,5.30300
2012,14.23900,1.03200,4.86400
2013,15.27100,1.02500,5.37000
2014,15.56600,1.02700,5.45000
2015,14.89500,1.03800,6.11500
2016,15.11500,1.02000,6.15200
2017,16.61200,1.01500,5.82600
2018,15.16300,1.01700,5.33200
2019,12.18900,1.04100,5.92300
2020,13.44300,1.03400,4.83400
2021,11.24000,1.01700,4.56300
2022,13.78900,1.42400,5.09700
2023,12.60900,1.03800,4.41300
2024,13.66900,1.02900,5.30900
2025,13.43700,1.02000,4.43300
2026,14.16500,1.03400,4.90500
2027,12.98100,1.03100,6.20300
2028,12.55600,1.05900,5.00600
2029,11.28700,1.02800,4.39200
2030,11.88000,1.03200,4.16300
2031,13.66300,1.01500,4.95800
2032,13.96200,1.02300,4.65300
2033,13.13800,1.02600,5.08800
2034,13.10200,1.01400,5.26300
2035,13.08200,1.02000,5.34900
2036,12.56600,1.03600,4.79000
2037,13.76300,1.02000,5.16700
2038,13.23100,1.03300,4.74500
2039,14.44200,1.02000,5.24400
2040,12.59500,1.03200,5.27600
2041,15.07700,1.03300,5.18600
2042,15.14600,1.03100,4.90100
2043,14.99100,1.02600,5.47900
2044,15.25300,1.03200,6.19800
2045,13.79000,1.02200,5.27500
2046,13.66400,1.03300,6.17300
2047,16.21400,1.03800,6.31100
2048,16.12700,1.02200,4.80800
2049,14.49800,1.04000,6.24200
2050,12.56900,1.02700,5.54300
2051,12.09300,1.04700,4.95100
2052,12.53400,1.04300,5.45700
2053,12.28400,1.02700,4.42100
2054,14.05000,1.03700,4.98500
2055,14.27300,1.04300,4.62700
2056,14.88900,1.02800,5.87100
2057,14.61400,1.02600,5.19000
2058,12.00600,1.03200,5.68100
2059,11.16600,1.04300,6.17300
2060,11.31100,1.02400,4.36500
2061,14.97600,1.02700,3.58900
2062,15.81900,1.02700,5.50400
2063,13.79800,1.02300,6.57100
2064,14.69800,1.04900,5.58600
2065,12.05400,1.04300,5.22700
2066,12.62200,1.05700,6.04900
2067,11.35500,1.02600,4.37900
2068,9.14700,1.03100,4.41700
2069,9.19300,1.03100,4.55200
2070,10.46700,1.03100,3.02300
2071,13.15400,1.04300,3.95000
2072,13.25100,1.04200,4.57400
2073,14.18300,1.03200,5.44100
2074,13.85800,1.03400,5.19600
2075,14.50100,1.04400,5.90600
2076,13.80600,1.04100,5.54800
2077,12.93200,1.05200,5.47100
2078,12.17600,1.04500,5.56500
2079,12.25700,1.03300,4.74700
2080,12.35000,1.03900,4.55900
2081,14.14900,1.02900,4.21600
2082,15.37300,1.06200,4.83500
2083,15.45600,1.05700,5.59800
2084,15.49900,1.03900,5.99100
2085,14.31200,1.04800,6.00300
2086,13.07700,1.04000,5.75800
2087,11.95400,1.04400,5.45200
2088,11.63500,1.25200,4.62500
2089,11.73400,1.05200,4.34700
2090,12.16400,1.03400,4.48300
2091,16.38900,1.02800,5.28700
2092,16.22700,1.05000,4.85600
2093,14.29400,1.05000,7.09300
2094,16.35000,1.04500,6.41500
2095,14.45800,1.20300,4.95300
2096,15.74200,1.06200,7.23500
2097,13.05100,1.05700,6.24000
2098,12.43000,1.04700,5.43500
2099,13.66500,1.05000,4.97700
2100,13.12100,1.05400,5.09300
2101,13.79100,1.05500,5.75400
2102,14.28000,1.04900,5.66000
2103,14.21800,1.05100,6.10300
2104,13.02400,1.04800,5.25600
2105,14.27900,1.04300,5.29100
2106,13.71300,1.05100,5.19800
2107,13.00100,1.04500,4.73600
2108,14.86900,1.05100,5.24000
2109,13.86900,1.05300,5.28700
2110,17.12100,1.04200,5.28600
2111,13.28500,1.05300,5.91400
2112,13.09800,1.06300,7.97800
2113,11.64500,1.05000,4.24200
2114,8.91300,1.03900,4.27000
2115,11.71800,1.03000,5.71100
2116,10.79700,1.03000,3.66900
2117,8.74900,1.19200,4.56000
2118,11.69400,1.03800,4.42300
2119,11.72000,1.03600,3.99100
2120,12.80400,1.04500,4.98800
2121,11.01700,1.03700,4.57500
2122,12.27200,1.03200,4.81300
2123,11.01400,1.20900,3.87900
2124,10.48600,1.03800,4.51700
2125,11.33500,1.03700,4.36000
2126,10.81900,1.05700,4.07700
2127,12.34800,1.04200,4.36200
2128,12.85100,1.03300,5.02500
2129,12.02600,1.04500,5.08500
2130,11.60200,1.03200,5.08600
2131,12.88500,1.04400,4.59100
2132,11.41000,1.03600,4.48100
2133,11.74000,1.23600,4.97100
2134,11.72900,1.03800,4.03200
2135,13.67300,1.04100,5.36500
2136,13.80800,1.06700,4.07400
2137,12.72000,1.19000,5.67200
2138,12.56800,1.03700,5.09800
2139,14.36100,1.04800,4.48300
2140,14.98400,1.04600,5.22100
2141,13.92500,1.05800,5.06400
2142,16.12100,1.19600,5.98800
2143,15.86400,1.05200,5.11800
2144,14.50500,1.05600,6.46100
2145,13.81400,1.05000,6.40100
2146,15.57000,1.05200,6.24400
2147,13.64300,1.22000,6.31800
2148,12.92900,1.04500,5.73800
2149,13.04400,1.04800,4.91300
2150,12.72200,1.05100,5.30600
2151,12.99500,1.05400,4.92800
2152,12.84700,1.04600,4.47500
2153,13.66100,1.04500,4.84700
2154,14.05400,1.04900,5.16200
2155,12.94100,1.06100,6.04300
2156,13.42600,1.06000,5.17000
2157,16.94300,1.05400,5.56600
2158,15.23800,1.06700,5.51800
2159,14.59200,1.06700,7.58200
2160,13.54100,1.04700,5.27300
2161,12.68900,1.05400,5.50900
2162,12.76300,1.25400,6.12300
2163,13.69600,1.05100,5.08600
2164,12.12100,1.04700,5.04500
2165,13.28000,1.07100,5.59900
2166,12.20500,1.08000,4.52800
2167,12.16500,1.26800,5.04400
2168,13.58400,1.07800,4.61900
2169,12.64200,1.05300,5.67500
2170,14.10000,1.07700,5.14900
2171,13.92500,1.07900,4.91700
2172,13.66000,1.07700,5.04500
2173,13.82100,1.06600,5.56900
2174,13.26400,1.07800,5.74900
2175,13.18100,1.05700,5.44600
2176,14.02200,1.28500,5.34600
2177,14.25800,1.07200,5.56100
2178,15.39800,1.08400,5.69300
2179,14.86600,1.07500,5.74200
2180,15.95800,1.08700,5.78700
2181,15.89000,1.07200,6.14600
2182,13.81500,1.09400,5.93500
2183,16.79600,1.07000,5.94800
2184,17.03400,1.07800,5.38700
2185,15.23400,1.27600,7.30800
2186,15.23800,1.09100,6.13900
2187,15.22500,1.09200,5.75000
2188,14.60400,1.08600,5.74400
2189,14.80700,1.08200,6.00200
2190,16.23600,1.08200,5.81800
2191,16.45900,1.08100,6.12600
2192,15.20900,1.08000,6.71600
2193,14.75900,1.08600,6.33700
2194,16.34800,1.09200,5.86500
2195,16.15000,1.08800,5.96600
2196,14.87900,1.09100,6.15400
2197,13.09000,1.09300,6.25100
2198,15.03200,1.09400,4.65200
2199,13.64700,1.25700,4.84500
2200,10.04000,1.08900,6.09900
2201,16.25700,1.07400,5.72100
2202,16.40800,1.08100,4.94900
2203,14.67700,1.07600,6.36300
2204,13.74800,1.09400,5.61800
2205,15.21300,1.10100,5.62800
2206,14.87900,1.26300,5.53300
2207,14.78200,1.08500,6.38400
2208,14.33800,1.08400,5.45800
2209,14.65100,1.08600,5.87600
2210,14.54400,1.07300,5.61700
2211,15.41600,1.08700,5.80900
2212,17.36200,1.07100,5.12100
2213,17.66400,1.09200,6.23000
2214,16.03300,1.07500,7.51300
2215,14.90700,1.06600,6.76400
2216,14.79700,1.05600,6.92100
2217,14.94800,1.08200,6.23800
2218,15.56000,1.09200,5.78000
2219,15.43600,1.09200,5.90300
2220,15.07500,1.08400,6.20300
2221,15.34400,1.08600,5.81100
2222,15.76800,1.08100,6.25000
2223,18.59700,1.07700,6.84700
2224,15.86800,1.09300,6.28300
2225,15.72100,1.06700,7.88600
2226,15.89100,1.08300,5.89200
2227,17.81500,1.07900,6.75000
2228,15.81700,1.23700,6.23100
2229,14.86200,1.08300,7.66600
2230,14.37000,1.06400,5.87600
2231,14.29300,1.07500,5.65100
2232,13.64500,1.06500,5.38700
2233,15.07200,1.26100,5.24000
2234,14.76300,1.08100,5.14000
2235,14.18100,1.06700,5.84800
2236,14.21800,1.06600,5.33900
2237,14.13100,1.05000,5.33600
2238,14.83000,1.07000,5.47400
2239,14.68800,1.07100,5.53700
2240,15.79100,1.07500,5.54100
2241,14.81900,1.05300,5.83000
2242,13.84700,1.04900,6.04300
2243,13.41300,1.06400,5.64000
2244,13.49200,1.04800,5.03800
2245,14.43800,1.04200,5.67500
2246,14.02600,1.05600,5.42000
2247,12.82700,1.03600,4.98500
2248,14.16900,1.03600,5.43700
2249,13.40500,1.04500,4.75500
2250,13.74500,1.03500,5.04000
2251,13.14900,1.04200,4.87100
2252,11.74500,1.02700,4.71800
2253,14.29700,1.03300,4.57700
2254,12.70700,1.03100,4.58000
2255,13.44000,1.02500,5.57400
2256,13.32300,1.02800,4.74000
2257,13.38000,1.03500,4.85800
2258,13.40600,1.03000,5.25800
2259,11.64900,1.02400,4.60700
2260,11.90300,1.01100,4.52700
2261,10.88300,1.02000,4.36900
2262,13.00600,1.01300,4.29400
2263,12.20200,1.01700,4.31400
2264,13.18800,1.01700,5.31800
2265,11.34600,1.01700,4.07800
2266,11.06700,1.01800,4.27600
2267,13.23600,1.01500,3.88200
2268,12.41200,1.01000,3.93400
2269,12.42100,1.00700,4.57000
2270,11.78400,1.00700,4.70700
2271,13.24800,1.01200,3.99000
2272,11.16100,1.00800,4.28900
2273,11.60200,1.01800,4.81200
2274,10.86100,0.99800,3.72900
2275,9.79900,0.99500,3.69500
2276,10.72600,1.01000,4.10700
2277,8.66800,0.99300,3.61400
2278,9.21300,0.98600,3.86000
2279,11.42000,0.98800,3.27000
2280,10.36800,0.99300,3.63800
2281,11.49000,1.00400,4.09900
2282,10.85800,0.99100,3.65700
2283,10.57200,0.98500,3.64900
2284,10.33900,0.99700,3.66200
2285,11.99400,0.98900,4.12300
2286,9.86100,0.99000,3.84900
2287,8.37600,1.00000,3.28100
2288,10.45500,0.98000,3.54200
2289,9.69800,0.98300,3.06900
2290,9.67900,0.99200,3.57000
2291,10.22800,0.98500,3.61200
2292,10.83600,0.98300,3.41700
2293,9.16800,0.98000,3.69300
2294,11.38700,0.98300,4.02000
2295,11.05300,0.98800,3.54700
2296,11.23000,0.99100,3.73900
2297,11.11000,0.98400,3.85600
2298,12.83900,0.98900,4.21200
2299,11.13500,0.97700,4.09100
2300,10.81200,0.98400,4.14500
2301,12.23500,0.97300,4.42100
2302,13.31200,0.99100,4.11400
2303,12.77000,0.96600,4.15200
2304,12.86200,1.20700,4.63000
2305,10.53600,0.99900,4.86500
2306,11.72800,0.98000,4.25900
2307,10.86600,0.97900,4.32700
2308,10.25600,0.97600,3.64300
2309,11.53700,0.98300,3.96800
2310,10.04200,0.97700,3.70400
2311,10.65400,1.13400,4.16500
2312,10.14800,0.99100,3.33600
2313,11.31900,0.98700,3.71700
2314,12.16800,0.97400,3.83800
2315,10.81700,1.13800,4.14400
2316,10.83800,0.97200,4.07300
2317,9.73800,0.97700,4.12400
2318,10.30400,0.97500,3.43900
2319,9.67900,0.98000,3.44700
2320,10.40600,0.97000,3.83400
2321,9.42200,0.96100,3.79500
2322,8.89200,0.97200,3.45000
2323,9.97800,0.97800,3.08500
2324,9.68900,0.97600,3.12700
2325,10.39000,0.97800,3.66700
2326,11.77400,1.42400,3.49100
2327,9.77600,0.97500,3.32100
2328,10.01900,0.98100,3.79900
2329,10.46600,0.96600,3.41300
2330,10.06900,0.96800,3.61500
2331,11.64300,0.96300,3.85300
2332,11.21900,1.12800,3.57400
2333,11.94800,0.97100,3.91700
2334,11.22500,0.98800,4.09900
2335,12.81300,0.98300,3.83800
2336,11.97200,0.97900,3.61900
2337,9.93500,1.14600,4.60600
2338,11.43200,0.96400,3.76300
2339,11.90900,0.96400,3.72900
2340,11.99400,0.96300,3.91200
2341,13.07600,0.97600,4.29800
2342,10.13000,0.97200,4.21000
2343,10.91300,0.97800,4.53000
2344,11.43300,0.96500,3.99800
2345,11.11200,1.12400,3.52100
2346,12.13000,0.96800,3.67000
2347,11.47100,0.97400,4.09200
2348,13.48700,0.97700,4.16600
2349,13.07300,0.97700,4.39100
2350,10.71300,1.12500,4.57000
2351,10.04600,0.96300,4.37500
2352,10.59100,0.96300,3.53700
2353,12.60700,0.96600,3.62200
2354,11.89100,0.96100,3.89200
2355,12.88000,1.15600,4.15100
2356,11.50000,0.95800,4.40600
2357,11.00800,0.95100,4.96300
2358,11.55200,0.97300,4.89200
2359,10.81500,0.96500,4.07200
2360,10.93700,0.98000,3.31500
2361,10.37900,0.97300,3.65800
2362,10.33200,0.96800,3.67100
2363,10.99500,0.96300,3.64700
2364,9.49500,0.97100,3.31900
2365,9.71200,0.95700,4.02800
2366,9.32400,0.96400,3.50400
2367,9.68400,0.96000,3.06900
2368,10.08000,0.96300,3.18500
2369,10.00700,1.00600,3.38600
2370,9.36900,0.96100,3.45300
2371,12.45200,0.95700,3.77000
2372,10.48100,0.97000,3.37700
2373,11.51800,1.15100,4.49900
2374,9.68600,0.96600,3.79700
2375,9.59700,0.97000,3.57100
2376,10.86900,0.98100,3.27600
2377,9.80300,1.15000,3.22300
2378,11.53500,0.96900,3.68400
2379,11.23700,0.96200,3.59200
2380,13.19500,0.96800,4.80900
2381,15.22000,0.97600,3.92200
2382,12.10300,0.98100,5.33000
2383,10.86400,0.97900,4.62100
2384,12.21700,0.97700,4.62800
2385,11.43000,0.97300,4.07300
2386,11.88900,0.97600,4.44300
2387,11.67300,0.97900,5.03100
2388,12.94800,0.97200,4.04500
2389,11.74400,1.16900,4.13300
2390,10.94400,0.98500,4.05900
2391,9.40100,0.98000,4.22800
2392,7.75000,0.97300,3.54200
2393,10.45300,0.97100,3.70400
2394,11.24900,0.98800,2.92000
2395,11.75400,0.98600,4.14700
2396,11.49600,1.18100,3.78500
2397,12.23000,1.00300,4.59600
2398,11.47400,0.98800,4.13200
2399,12.12000,0.99000,3.85300
2400,11.78300,0.98500,3.92200
2401,13.51900,0.99000,5.10900
2402,13.32800,0.99800,4.06300
2403,14.02800,0.98400,4.72500
2404,12.59700,0.98900,5.67200
2405,13.99400,1.19300,4.77100
2406,12.60200,1.01200,4.64400
2407,10.89900,0.99700,5.24600
2408,11.91700,0.99300,4.42400
2409,11.85800,0.98900,4.04900
2410,13.49700,0.99900,4.73200
2411,12.33800,1.01700,4.69400
2412,13.32700,1.01600,4.59400
2413,12.36100,1.01700,4.67400
2414,12.41700,1.02100,4.59900
2415,11.55700,1.01200,4.48200
2416,12.61900,1.01400,4.18500
2417,11.73800,1.00600,4.33700
2418,13.53400,1.02000,4.59800
2419,11.48600,1.01200,4.67200
2420,13.07800,1.01000,5.28000
2421,14.05000,1.01500,4.13500
2422,15.06900,1.01900,4.54500
2423,13.64800,1.01600,5.45100
2424,12.44500,1.01700,5.09800
2425,12.57800,1.20000,4.96500
2426,9.50300,1.01200,4.39700
2427,10.35700,1.00300,5.11200
2428,10.45800,1.02100,3.80000
2429,10.98600,0.99800,3.74500
2430,11.19000,0.99600,4.24000
2431,13.98800,1.00300,4.35300
2432,13.95400,1.02000,4.35000
2433,11.10700,1.03000,5.08300
2434,12.20400,1.00500,4.53600
2435,11.47100,1.16700,4.32200
2436,13.65000,1.01300,4.77800
2437,12.55900,1.00100,4.41500
2438,13.46600,0.99800,4.76500
2439,14.00400,1.17000,5.38000
2440,12.17100,1.00500,5.39000
2441,9.81200,1.00100,5.23100
2442,10.74000,1.00800,3.98000
2443,11.36400,1.18300,3.89500
2444,9.81700,1.00400,4.43300
2445,12.71500,1.00300,4.22200
2446,11.78400,0.99100,3.25900
2447,13.65500,0.99900,4.88000
2448,10.87300,1.01000,5.11700
2449,12.17600,0.99500,4.99200
2450,11.05800,1.00100,4.65900
2451,11.49500,0.99400,4.42800
2452,13.15600,1.00200,4.39600
2453,11.48100,0.99900,4.27100
2454,12.95100,1.00000,4.52100
2455,10.68500,1.00400,5.05600
2456,11.64800,0.99900,4.08800
2457,11.31200,0.99300,4.21500
2458,11.44100,1.01000,4.59100
2459,12.41900,1.01300,4.37400
2460,11.17900,0.99700,4.57700
2461,10.59700,1.00900,4.08100
2462,11.70700,1.00400,4.26100
2463,9.95500,1.00300,4.03600
2464,9.74900,1.01100,3.54100
2465,9.33300,1.01200,3.37100
2466,11.47400,0.99500,4.01300
2467,12.67500,0.99900,4.54000
2468,13.70400,1.00200,5.19700
2469,11.55900,1.00800,4.99100
2470,9.35400,1.00800,4.59800
2471,10.81100,0.99000,5.06100
2472,10.78700,1.00900,3.15800
2473,11.31100,1.20200,3.89300
2474,11.17200,1.00200,3.64500
2475,9.90700,0.98900,4.18600
2476,10.90200,1.01000,4.05600
2477,11.04500,1.00100,3.81800
2478,11.82500,0.99300,4.25100
2479,10.81800,1.01900,4.49700
2480,10.66600,1.01400,3.96800
2481,11.31300,0.99600,4.10000
2482,11.13900,1.00600,4.21000
2483,12.05400,1.01900,4.42200
2484,12.15800,1.00800,4.45700
2485,11.21400,1.01600,4.42200
2486,11.45300,0.99800,4.23000
2487,11.86400,0.98500,4.54100
2488,11.17400,1.00400,4.38900
2489,11.25600,0.99800,4.21800
2490,11.34600,1.00500,4.30700
2491,11.85700,1.01500,4.75300
2492,10.16200,0.99100,4.12500
2493,11.33300,0.99300,4.53900
2494,11.71700,1.00000,3.97400
2495,11.19900,0.99500,4.85500
2496,12.03600,1.00300,4.90200
2497,13.03900,0.99400,4.39500
2498,11.50200,1.00000,4.20700
2499,12.29900,1.00000,4.29200
2500,12.36000,1.00000,4.91600
2501,12.79700,0.99000,4.19400
2502,10.66500,1.00500,4.86200
2503,13.66000,0.99800,5.11600
2504,11.29400,0.99200,4.01400
2505,12.89700,0.98300,5.32000
2506,13.69000,0.99600,4.35500
2507,14.80700,1.19000,5.16000
2508,13.41500,0.99400,5.22100
2509,13.77200,0.99500,5.42800
2510,13.91800,1.00600,6.17000
2511,11.61500,1.00300,5.02600
2512,12.89800,0.98800,4.54000
2513,12.52500,0.99600,4.74600
2514,13.14000,0.99500,4.90600
2515,12.19200,0.99300,4.95900
2516,12.71200,1.00700,4.83100
2517,13.24300,0.99900,4.90400
2518,13.29100,0.99300,4.49100
2519,13.74900,0.99800,5.33600
2520,10.93600,0.98900,4.96200
2521,12.70100,0.98700,5.10400
2522,10.10400,0.98700,3.67300
2523,12.10900,0.99700,4.72400
2524,8.93600,0.99100,3.81900
2525,11.74900,0.98300,4.53800
2526,10.11600,0.99500,3.71500
2527,7.65600,1.00700,3.60700
2528,8.68800,0.98900,4.74100
2529,11.36100,0.98500,3.06900
2530,9.93900,0.98800,3.75600
2531,8.77700,1.00900,3.82400
2532,8.08600,0.98200,3.15000
2533,8.97400,1.00600,3.02300
2534,13.09400,0.99300,3.47900
2535,13.22500,1.00200,3.42400
2536,9.69500,0.99500,5.38300
2537,11.40100,1.02700,4.74500
2538,11.55200,0.99200,3.85400
2539,11.75800,0.98700,4.83000
2540,11.39100,0.99100,4.72100
2541,13.31800,0.98100,4.54100
2542,12.13700,0.99400,4.68400
2543,11.70100,0.97300,4.85200
2544,11.23200,0.97400,4.42100
2545,10.97300,0.99000,4.11800
2546,11.54300,0.97400,4.32500
2547,10.63200,0.98600,3.88700
2548,11.65000,0.99200,4.64200
2549,10.98800,0.98100,4.26800
2550,9.67700,1.00000,3.90100
2551,8.12200,0.97200,4.38700
2552,6.80100,0.98200,3.40000
2553,7.83900,0.97700,3.09800
2554,8.37700,0.97500,3.13900
2555,9.21800,0.97200,3.55300
2556,8.14800,0.98300,2.68900
2557,7.98800,0.97700,3.67000
2558,8.58200,0.97900,3.24900
2559,8.50500,0.99100,3.16900
2560,7.32600,0.98100,2.91100
2561,10.43700,0.97900,3.70900
2562,11.72200,0.98900,2.89400
2563,10.21800,0.98500,3.84800
2564,10.64400,0.98000,5.07000
2565,10.59500,0.98400,4.20800
2566,13.70600,0.98100,4.54000
2567,13.29300,0.99300,5.02100
2568,13.74500,0.99100,5.30400
2569,13.97600,0.97800,5.23200
2570,12.87600,0.98200,5.32700
2571,14.04500,0.99900,5.07300
2572,13.62300,0.99900,4.93800
2573,12.22100,0.99600,5.86700
2574,12.98600,0.99800,4.93800
2575,12.03400,1.00200,4.69500
2576,13.30200,1.00400,5.14600
2577,13.18400,0.99800,4.59000
2578,12.69800,0.99800,4.65200
2579,13.34100,0.99900,4.85800
2580,11.92000,1.00000,3.91100
2581,12.91300,0.99200,5.32700
2582,13.08000,1.01000,4.34200
2583,12.04600,1.16800,4.67900
2584,14.96800,1.00100,4.62900
2585,12.58300,1.01200,4.86600
2586,11.75200,0.99900,5.82800
2587,12.75000,1.00500,5.59300
2588,14.46200,0.99600,5.29600
2589,15.66700,1.04400,4.42700
2590,12.41500,1.02100,5.58900
2591,13.30400,1.01300,5.89400
2592,11.87100,1.02000,4.83400
2593,11.10000,1.01800,4.70400
2594,14.15400,1.04100,4.97800
2595,12.18000,1.02000,4.60100
2596,12.92400,1.06800,5.22600
2597,12.55200,1.08200,4.98800
2598,13.97600,1.08500,4.92300
2599,13.17200,1.07400,5.23400
2600,11.72100,1.06600,5.48400
2601,12.72000,1.07800,5.09500
2602,12.55100,1.07800,5.11900
2603,12.13100,1.24000,5.42400
2604,13.68600,1.07700,4.75900
2605,15.49100,1.08600,4.45300
2606,17.07000,1.11100,5.49900
2607,15.46700,1.12700,5.68600
2608,15.62500,1.12800,6.75200
2609,13.16600,1.13800,6.12100
2610,14.09200,1.14300,5.78900
2611,14.15300,1.14200,5.46200
2612,13.38000,1.15300,5.80500
2613,12.58400,1.16500,5.55500
2614,12.81100,1.15900,5.78400
2615,14.76200,1.15200,5.11500
2616,15.99500,1.18400,6.00000
2617,15.76600,1.18800,5.95400
2618,16.26000,1.19100,6.66800
2619,15.79400,1.17500,6.14000
2620,14.94900,1.20200,6.18600
2621,15.57100,1.18300,7.06400
2622,13.56800,1.21700,6.45800
2623,14.03600,1.37400,6.19600
2624,15.05100,1.19800,5.69100
2625,15.98800,1.22100,6.05900
2626,16.90000,1.23500,7.01700
2627,14.63600,1.39700,6.43100
2628,14.42500,1.22400,6.67200
2629,14.49900,1.23900,6.57700
2630,12.08100,1.22700,5.78200
2631,13.81500,1.23800,5.30700
2632,13.73500,1.24900,5.42600
2633,13.85300,1.23200,5.48900
2634,15.60300,1.24600,6.21700
2635,15.08500,1.26500,5.87300
2636,17.05200,1.26300,6.32400
2637,16.21600,1.29000,6.64100
2638,16.38000,1.28600,6.81200
2639,17.24100,1.29100,6.54100
2640,18.87400,1.30500,7.08900
2641,17.42700,1.29200,7.90600
2642,17.00000,1.37200,7.60700
2643,17.76100,1.37000,7.54800
2644,17.68700,1.38700,7.78900
2645,17.45900,1.37000,8.15800
2646,17.79400,1.38600,7.95600
2647,18.30000,1.39200,7.91800
2648,18.80100,1.39000,8.23400
2649,20.11200,1.39600,8.70400
2650,17.84100,1.42000,7.45200
2651,18.13500,1.44200,8.46900
2652,18.60000,1.44500,7.92300
2653,18.62200,1.42200,8.00700
2654,18.50700,1.43300,8.34800
2655,18.00800,1.60700,8.30700
2656,17.74100,1.42900,7.90500
2657,16.03400,1.42400,8.05200
2658,17.21900,1.43800,8.36200
2659,16.45300,1.42800,7.38700
2660,16.58600,1.39600,7.22000
2661,16.75000,1.39600,7.56700
2662,16.75100,1.40500,7.91800
2663,16.37800,1.41900,7.60100
2664,15.68200,1.42300,7.15700
2665,17.05500,1.41300,6.76300
2666,15.24000,1.41800,6.66200
2667,16.58600,1.42200,7.09500
2668,17.85400,1.41800,6.73400
2669,16.39000,1.40400,7.04400
2670,16.27800,1.40500,7.22700
2671,14.65300,1.41000,7.30600
2672,13.89000,1.41000,7.09500
2673,13.88200,1.53300,6.72000
2674,13.64800,1.39800,5.29500
2675,13.51400,1.42900,5.59800
2676,14.44300,1.56600,6.55800
2677,13.56900,1.40300,5.56400
2678,13.88700,1.40200,5.94700
2679,16.72600,1.57000,6.79900
2680,14.23800,1.39200,5.56800
2681,14.19800,1.40300,6.31300
2682,15.70400,1.40400,6.60600
2683,14.31600,1.41600,7.49800
2684,14.93400,1.58900,7.86800
2685,14.20100,1.39700,6.03700
2686,13.67400,1.40200,6.32800
2687,14.43800,1.42600,6.46400
2688,14.49500,1.42700,6.29600
2689,17.01000,1.43400,6.19900
2690,19.07900,1.41500,7.01500
2691,15.82800,1.41900,6.83000
2692,14.96600,1.47100,8.01200
2693,14.47400,1.47100,6.92100
2694,16.65400,1.45500,7.30900
2695,18.05500,1.50100,6.81000
2696,18.01600,1.47700,7.67600
2697,19.35000,1.47600,8.09800
2698,16.87400,1.46300,7.57400
2699,18.61200,1.44700,7.78400
2700,18.95100,1.46500,8.25600
2701,20.07800,1.49500,9.50300
2702,18.67900,1.50400,8.26200
2703,19.50500,1.49600,9.44400
2704,20.88800,1.48900,8.07600
2705,19.17300,1.53100,8.04200
2706,18.21900,1.48200,9.63500
2707,22.07600,1.63700,8.91000
2708,20.42400,1.46200,7.94700
2709,16.03200,1.46400,10.37900
2710,17.95000,1.48300,7.58000
2711,18.22400,1.46100,6.92200
2712,19.36500,1.49100,7.67100
2713,15.94900,1.41300,7.78400
2714,15.96800,1.43900,7.80800
2715,16.96900,1.43800,6.70100
2716,17.58700,1.45400,7.19200
2717,19.19800,1.44300,7.73100
2718,18.87000,1.43700,7.72900
2719,18.49800,1.44700,8.69900
2720,18.87800,1.44500,8.71500
2721,17.44300,1.44200,7.63600
2722,17.44000,1.42500,7.26600
2723,20.91500,1.43400,7.80100
2724,17.60100,1.45700,7.72000
2725,17.35400,1.46000,8.95900
2726,21.89600,1.43000,8.00000
2727,24.04300,1.40000,8.89300
2728,17.03800,1.43500,9.44400
2729,17.30900,1.46400,8.77000
2730,18.32100,1.45300,7.38300
2731,19.42400,1.44300,7.75800
2732,16.61400,1.45700,8.00200
2733,16.68700,1.43700,7.52000
2734,16.49600,1.62900,7.51500
2735,17.88100,1.43300,7.59800
2736,17.19900,1.42400,7.20100
2737,18.27500,1.44400,7.68100
2738,15.96700,1.49000,7.22400
2739,17.26800,1.42600,8.21700
2740,15.53200,1.42900,6.89300
2741,16.87600,1.42300,8.58600
2742,16.04700,1.41500,7.31900
2743,17.64300,1.41400,7.60000
2744,17.80100,1.41400,7.62000
2745,15.97100,1.42000,7.88300
2746,17.15500,1.41600,7.67500
2747,17.73900,1.42000,7.78700
2748,16.53100,1.42600,7.38300
2749,15.73500,1.40400,7.43900
2750,14.58300,1.39600,7.72200
2751,14.83700,1.37800,6.99100
2752,14.89900,1.38500,6.50800
2753,15.33600,1.38300,7.17200
2754,16.23900,1.36200,7.12900
2755,14.35400,1.36200,6.77200
2756,15.94100,1.35400,6.29600
2757,15.97900,1.38400,6.68800
2758,15.74000,1.36900,6.56200
2759,15.01300,1.41500,6.92100
2760,14.72100,1.37100,6.87800
2761,14.72900,1.36300,6.57800
2762,13.94200,1.38700,6.22000
2763,14.96000,1.37900,6.73200
2764,13.94200,1.35300,5.78400
2765,14.21700,1.35400,6.40900
2766,13.70600,1.36100,5.52500
2767,15.29500,1.35900,5.97800
2768,13.78200,1.30000,5.84900
2769,12.94300,1.33200,6.21100
2770,13.46100,1.30900,5.38900
2771,11.82600,1.30200,5.64300
2772,13.02600,1.29500,5.50900
2773,11.84300,1.29600,5.32000
2774,12.32900,1.29900,5.18400
2775,10.96800,1.29200,5.32000
2776,11.16600,1.28900,4.71700
2777,12.01800,1.28100,5.45600
2778,13.07300,1.45100,4.56400
2779,13.69200,1.24800,4.52600
2780,12.82800,1.25000,5.76000
2781,14.03700,1.23100,5.64200
2782,12.68000,1.25300,5.96900
2783,11.17000,1.25500,6.37200
2784,11.05500,1.24000,5.62000
2785,11.89400,1.22600,4.50000
2786,9.84200,1.39500,4.56700
2787,12.27900,1.23200,5.55300
2788,10.40500,1.24300,4.74400
2789,12.39200,1.22600,4.71600
2790,14.12800,1.23200,4.62800
2791,14.22000,1.23000,5.32800
2792,11.89400,1.23400,5.33700
2793,11.37900,1.23600,5.71000
2794,11.27900,1.23300,4.74600
2795,9.89400,1.23200,4.79100
2796,10.91900,1.22800,5.04600
2797,11.09000,1.21800,4.29600
2798,10.36600,1.41600,3.66700
2799,11.22400,1.23000,4.85200
2800,11.65000,1.21300,4.33500
2801,11.22200,1.20800,4.68900
2802,10.77100,1.20800,4.40300
2803,14.08300,1.20300,4.76000
2804,13.25400,1.21300,5.04500
2805,12.32300,1.19500,5.53300
2806,12.67200,1.21500,4.81300
2807,12.04900,1.19700,5.02100
2808,9.80000,1.19800,5.18900
2809,11.49200,1.20800,4.96100
2810,11.97600,1.20000,3.30100
2811,13.35800,1.18800,4.89800
2812,11.14800,1.18300,5.02200
2813,10.81600,1.16800,5.23000
2814,11.19300,1.16100,4.42900
2815,10.97600,1.16500,4.83000
2816,12.74000,1.18800,4.01000
2817,12.16700,1.17400,4.09700
2818,12.41300,1.34100,5.22500
2819,11.50400,1.15700,4.75500
2820,9.62200,1.14200,4.98400
2821,10.43700,1.13400,4.29900
2822,11.37900,1.10100,4.02400
2823,10.41500,1.11500,4.13900
2824,9.73300,1.10800,3.67400
2825,11.38800,1.10300,3.84600
2826,10.26000,1.09500,3.96500
2827,10.66100,1.11000,4.29300
2828,11.53800,1.10500,4.18500
2829,11.62000,1.10900,4.12700
2830,10.83900,1.11400,4.52500
2831,9.20100,1.10100,4.05100
2832,9.69300,1.09000,4.07400
2833,10.54600,1.09700,3.69400
2834,10.08800,1.09900,4.00700
2835,9.46400,1.10000,3.79300
2836,9.80300,1.10500,3.47400
2837,9.45500,1.12300,3.33800
2838,10.71500,1.10100,4.00800
2839,10.32600,1.09000,4.03500
2840,10.41600,1.28800,3.71900
2841,11.47800,1.09100,4.04900
2842,11.20000,1.09300,3.90600
2843,10.80800,1.09300,4.75800
2844,10.12100,1.11900,3.95800
2845,10.60200,1.09800,4.09800
2846,10.79800,1.09900,4.37800
2847,14.09200,1.24800,4.62000
2848,10.70400,1.09600,4.17500
2849,11.19100,1.11200,5.18700
2850,13.37200,1.09300,3.97800
2851,11.40600,1.10100,4.16700
2852,9.99400,1.11800,4.39700
2853,8.62600,1.09100,4.46200
2854,9.62600,1.07900,4.12600
2855,11.58100,1.09700,3.07100
2856,11.50700,1.11300,4.51400
2857,12.76600,1.10900,4.46200
2858,11.30200,1.10200,4.27300
2859,11.74800,1.10400,4.41900
2860,11.24400,1.09400,4.29100
2861,10.78300,1.26400,4.29800
2862,11.12100,1.10500,4.36200
2863,10.89400,1.08800,4.18500
2864,13.58200,1.10300,3.57000
2865,11.93300,1.10200,3.90100
2866,10.15000,1.28400,5.60700
2867,10.98300,1.10600,4.24600
2868,9.13600,1.10400,3.99700
2869,11.09400,1.11000,3.72900
2870,12.09000,1.29000,3.56000
2871,11.59600,1.09700,4.43400
2872,11.18300,1.10700,4.77400
2873,11.67800,1.11300,4.27000
2874,9.89900,1.09100,4.20100
2875,11.47500,1.10600,4.62900
2876,10.81100,1.10600,4.20900
2877,9.98200,1.09500,4.20500
2878,11.96000,1.09200,4.03600
2879,10.50000,1.27700,3.82800
2880,11.03300,1.09200,4.27400
2881,11.86900,1.08900,4.14900
2882,10.13100,1.10200,3.96500
2883,9.40000,1.09100,3.97500
2884,10.56800,1.09200,3.86400
2885,10.83800,1.09000,3.66900
2886,10.55000,1.28400,3.58400
2887,10.06700,1.09600,4.45000
2888,8.24800,1.08700,4.32400
2889,7.37000,1.10700,4.07000
2890,9.91900,1.08200,2.93300
2891,13.03300,1.10400,3.73400
2892,13.65600,1.09300,3.63300
2893,11.34400,1.08700,5.14000
2894,9.97900,1.24800,6.27400
2895,10.06700,1.09600,4.65500
2896,9.79700,1.09300,3.95100
2897,10.26600,1.09000,4.16100
2898,11.24700,1.24400,3.61300
2899,10.92400,1.08500,3.97100
2900,8.46800,1.08200,3.86700
2901,8.51000,1.09200,3.91800
2902,10.12500,1.08700,3.20600
2903,10.82100,1.08900,3.25500
2904,9.29600,1.08500,3.49700
2905,8.60900,1.08700,3.47100
2906,9.56700,1.07800,3.94800
2907,9.62600,1.08000,4.03900
2908,8.47100,1.07600,3.50700
2909,9.53100,1.09100,3.09100
2910,8.52600,1.26600,3.06500
2911,10.40100,1.08600,3.00100
2912,9.08900,1.08500,3.08600
2913,9.68400,1.08000,4.32300
2914,9.24700,1.08100,3.24300
2915,9.69100,1.06900,3.70400
2916,11.23100,1.07400,4.02200
2917,10.97700,1.07500,3.49000
2918,10.06900,1.06600,4.16000
2919,11.49100,1.06500,4.11200
2920,11.76400,1.07400,4.25600
2921,10.35600,1.06100,5.34300
2922,10.98000,1.06800,4.59600
2923,10.20700,1.07500,3.72600
2924,10.84700,1.10900,3.87600
2925,12.84600,1.06400,3.55200
2926,9.22100,1.07600,4.47200
2927,11.50700,1.07100,4.76800
2928,11.80500,1.06200,3.29500
2929,9.29200,1.06400,4.84700
2930,10.07700,1.27000,4.02800
2931,9.06800,1.07000,3.70700
2932,10.88900,1.05700,3.76700
2933,10.70500,1.06300,3.85600
2934,10.69800,1.06600,3.97300
2935,10.87600,1.22600,3.93500
2936,12.47700,1.07100,4.16400
2937,11.64500,1.05800,4.39400
2938,11.13100,1.06500,4.98000
2939,10.83300,1.05200,3.92200
2940,9.48900,1.04700,3.83000
2941,10.69100,1.06700,3.47800
2942,12.13600,1.06000,3.99700
2943,11.91700,1.04600,4.10300
2944,10.33100,1.22200,3.94500
2945,9.85400,1.04400,3.97800
2946,10.37500,1.05600,4.10000
2947,9.46000,1.05600,2.70500
2948,10.51300,1.06800,3.52400
2949,10.53600,1.05400,3.87000
2950,10.89000,1.04600,3.89400
2951,9.75200,1.05500,3.70900
2952,11.50100,1.06500,3.98400
2953,9.50000,1.04400,3.21600
2954,8.43500,1.04300,4.50800
2955,10.08900,1.04600,3.95500
2956,8.91300,1.03700,3.27100
2957,10.70100,1.24900,3.21600
2958,10.72400,1.03800,3.51800
2959,11.27100,1.04700,4.04500
2960,11.58700,1.04300,4.30000
2961,10.35300,1.05300,3.81700
2962,11.28400,1.04400,4.47400
2963,11.45700,1.03600,4.27600
2964,10.47000,1.03400,4.36100
2965,10.41500,1.04300,4.33900
2966,11.73600,1.02700,4.45200
2967,11.22800,1.04100,4.09000
2968,11.21100,1.03700,4.36300
2969,10.00300,1.03800,4.55100
2970,10.17600,1.03500,4.41400
2971,10.91300,1.05200,3.53200
2972,11.98000,1.05300,3.93200
2973,11.69800,1.04200,3.63700
2974,12.07300,1.04600,4.63700
2975,11.38800,1.03700,3.98300
2976,11.70700,1.04700,4.70100
2977,13.08200,1.04500,4.03700
2978,9.88400,1.05500,4.82800
2979,9.99700,1.05100,4.62200
2980,11.03700,1.04300,3.69800
2981,10.68600,1.04200,3.95100
2982,10.17100,1.04900,3.70400
2983,9.55200,1.03300,3.62500
2984,11.06000,1.03700,3.68300
2985,10.25700,1.03700,3.53200
2986,10.24900,1.04800,3.71100
2987,10.70400,1.04800,3.69500
2988,8.47400,1.05800,3.75300
2989,10.63400,1.05200,4.17700
2990,9.63900,1.04500,3.07800
2991,9.83500,1.21900,3.87100
2992,10.85400,1.06300,3.75400
2993,10.50600,1.05200,3.48900
2994,10.36700,1.04300,4.39100
2995,10.26100,1.05400,3.91200
2996,9.82300,1.04200,3.86600
2997,10.14400,1.04100,3.64900
2998,11.16000,1.04000,3.61300
2999,11.25300,1.05200,3.89200
3000,11.56300,1.05300,3.92000
3001,10.00800,1.06300,4.05500
3002,12.51600,1.05000,4.24400
3003,11.06600,1.05500,3.52600
3004,11.43500,1.04900,4.26800
3005,11.65300,1.04800,4.20100
3006,10.57100,1.05600,4.17200
3007,9.52900,1.05200,3.89600
3008,10.26700,1.05800,3.79500
3009,10.97400,1.06000,3.46200
3010,10.55300,1.05100,3.86200
3011,10.74700,1.05400,3.96400
3012,12.26100,1.05700,4.22600
3013,10.19800,1.06200,3.89700
3014,10.22100,1.05200,4.05300
3015,9.79100,1.05100,3.45000
3016,10.83200,1.05900,3.69800
3017,11.34300,1.04600,3.38800
3018,11.62100,1.04700,4.12000
3019,10.63000,1.06200,4.00600
3020,10.96500,1.06400,4.35400
3021,10.12100,1.06100,3.90400
3022,10.71200,1.05800,3.95000
3023,9.66400,1.06000,3.82600
3024,11.22100,1.05900,4.26200
3025,10.94100,1.06700,3.59000
3026,11.27800,1.05900,3.65300
3027,11.60800,1.07300,4.24700
3028,11.53500,1.06200,3.93500
3029,8.92500,1.07200,3.80600
3030,10.50800,1.06400,4.25900
3031,10.14100,1.05900,4.50100
3032,10.81000,1.06500,3.23000
3033,12.61600,1.26300,3.28400
3034,11.34700,1.06000,3.74600
3035,11.01200,1.04800,4.99800
3036,13.43500,1.07300,4.19800
3037,11.35200,1.05500,4.14900
3038,10.84700,1.20400,5.10500
3039,11.88600,1.06200,4.20600
3040,12.07700,1.06700,4.28600
3041,13.77600,1.07300,4.45700
3042,13.30800,1.06000,4.49200
3043,14.18800,1.06200,4.53700
3044,15.49400,1.05400,5.47400
3045,10.54600,1.05500,4.71800
3046,11.36100,1.06000,5.33400
3047,11.36500,1.04000,4.19700
3048,11.67900,1.23300,3.97000
3049,11.31200,1.04300,4.29400
3050,13.22000,1.04400,4.60900
3051,11.85400,1.04400,4.24900
3052,12.14100,1.02200,5.35300
3053,11.11900,1.03900,4.44300
3054,12.68800,1.03600,4.67700
3055,10.79200,1.04100,4.08600
3056,12.36600,1.02700,3.94200
3057,11.16100,1.02400,3.74800
3058,8.21900,1.03300,4.06900
3059,11.87800,1.02100,4.97900
3060,11.32100,1.02600,3.02600
3061,11.84200,1.20700,4.01400
3062,14.32000,1.02600,3.74000
3063,11.97400,1.03900,5.57500
3064,11.99800,1.02400,5.11500
3065,12.37600,1.02800,4.83700
3066,11.87400,1.02200,4.46400
3067,11.27900,1.01900,4.26100
3068,12.71400,1.02200,4.54800
3069,10.89900,1.00400,4.34300
3070,11.46000,1.00600,4.29100
3071,12.39600,1.01100,4.15200
3072,12.19900,1.00100,4.50400
3073,13.54200,1.00600,4.35100
3074,14.05500,0.99800,4.92900
3075,13.48700,1.01000,4.59000
3076,13.53100,1.16000,5.78000
3077,11.16400,0.97900,5.20700
3078,13.56800,0.98400,4.31600
3079,11.56700,0.97300,4.64500
3080,12.75300,0.99000,4.76100
3081,12.86100,0.98700,4.85800
3082,13.38000,0.97600,4.32700
3083,12.08800,0.97300,4.32900
3084,14.20400,0.98000,4.67000
3085,12.25800,0.97200,4.76000
3086,12.67200,0.98500,4.40400
3087,13.93000,1.14500,4.24000
3088,12.64600,0.98100,4.78500
3089,12.68200,0.97600,4.75000
3090,12.18500,0.98300,4.81200
3091,14.96100,0.97500,4.54200
3092,13.41300,0.97700,4.48800
3093,14.98200,0.98200,5.16600
3094,12.32300,1.15700,4.94400
3095,11.72600,0.97600,4.67000
3096,12.70300,0.96300,4.94600
3097,11.65100,0.97200,4.16500
3098,12.83100,0.96800,4.44800
3099,11.46900,0.96900,4.34700
3100,13.36200,0.96900,4.48100
3101,12.29100,0.94900,4.52100
3102,13.60900,0.96200,4.27500
3103,12.85700,0.95900,4.72100
3104,13.60800,0.96900,5.03500
3105,14.98300,0.95800,5.09800
3106,12.01800,0.97000,4.76500
3107,14.10200,0.93800,5.12900
3108,11.97200,0.95400,4.93900
3109,13.97300,0.96600,4.50800
3110,14.88700,0.97000,4.50900
3111,12.46000,0.96100,4.46900
3112,16.33700,0.96100,6.15100
3113,15.76900,0.95200,4.66700
3114,13.00000,0.96100,6.45500
3115,11.85300,0.94700,5.37000
3116,12.87400,0.96000,4.48200
3117,14.58600,0.94400,4.81600
3118,11.71000,0.93200,4.41400
3119,13.08000,0.94000,5.05900
3120,13.35500,0.96300,4.47900
3121,12.59700,0.95700,4.54300
3122,13.12900,0.94000,4.38400
3123,13.13200,0.93800,4.49600
3124,12.06800,0.94600,4.45400
3125,13.43100,0.95400,4.45400
3126,12.59500,0.93700,4.65300
3127,12.41100,0.93200,4.84700
3128,12.40800,0.94100,4.69400
3129,12.54100,0.94300,4.18700
3130,14.13300,0.92800,5.33500
3131,14.63100,0.94100,4.31700
3132,12.90700,1.08400,5.42900
3133,11.30100,0.92600,5.85700
3134,11.87700,0.91600,4.68300
3135,11.95500,0.91900,4.19700
3136,12.02900,0.91100,3.96600
3137,13.04900,0.92800,4.41300
3138,11.16500,0.91600,4.21400
3139,12.85700,0.89300,4.73700
3140,11.91200,0.91500,4.35600
3141,12.36400,0.91200,4.27100
3142,11.61100,0.90700,4.55800
3143,12.17000,0.90000,4.04300
3144,10.84300,0.89500,3.78700
3145,11.21900,0.90900,4.06200
3146,11.82200,0.89700,3.85900
3147,10.16800,0.89600,4.32200
3148,11.20000,0.90100,3.84700
3149,11.28400,0.90800,3.57100
3150,11.11300,0.91800,4.33300
3151,10.68800,0.89300,3.77800
3152,10.89200,0.89200,3.86400
3153,11.77000,0.88400,3.80800
3154,12.23400,1.08200,3.98100
3155,12.07700,0.89400,4.00500
3156,12.89400,0.89200,4.07500
3157,10.78000,0.89800,3.92000
3158,14.31100,0.88900,4.54000
3159,12.96900,0.88600,3.86500
3160,14.70900,0.89100,4.84800
3161,13.16400,0.88500,4.71400
3162,12.25200,0.91500,5.37400
3163,12.06600,0.90200,4.75500
3164,12.37900,0.87400,3.83200
3165,11.39300,0.87900,4.69800
3166,11.08800,0.87700,4.20400
3167,12.36800,0.87100,3.97300
3168,10.36600,1.05300,3.32500
3169,12.13300,0.88400,5.07100
3170,10.11700,0.86100,3.65700
3171,11.75600,0.86400,3.73000
3172,11.23900,0.87000,3.73300
3173,12.96300,0.87000,3.84200
3174,11.14800,1.03800,3.44100
3175,11.24000,0.86300,3.87800
3176,10.66200,0.89100,4.02300
3177,10.66600,0.86300,3.57600
3178,11.48700,0.87800,3.81200
3179,11.31100,0.86700,3.57400
3180,11.15000,0.86400,3.70900
3181,10.29700,0.86800,3.76600
3182,10.68200,0.89200,3.97200
3183,11.24300,0.86700,3.62400
3184,11.36500,0.86900,3.69500
3185,11.97100,0.87300,3.73500
3186,10.75100,0.87300,3.43900
3187,12.56500,0.85900,4.05600
3188,11.18400,0.86000,3.72600
3189,11.31400,0.88300,4.17100
3190,11.20700,0.86400,4.05100
3191,11.59300,0.86200,4.42200
3192,10.81200,0.86500,3.83000
3193,13.08000,0.86500,4.11200
3194,11.94500,0.87100,4.02700
3195,10.32100,0.87800,3.90300
3196,11.43300,0.87100,4.13400
3197,11.40400,0.86300,3.46900
3198,10.25200,0.86600,3.54100
3199,9.76700,0.86200,3.22400
3200,9.40200,0.86600,3.43400
3201,9.97600,0.85600,3.12000
3202,10.14800,0.87800,3.61300
3203,10.84000,0.86500,3.27500
3204,10.67700,0.85600,3.78500
3205,10.60500,0.85000,3.02700
3206,11.76700,0.85900,3.53600
3207,9.70300,0.86000,3.26300
3208,11.92200,0.85100,3.72300
3209,10.98800,0.85600,3.30000
3210,10.62100,0.86000,3.97600
3211,11.27100,0.85400,3.76600
3212,10.42800,0.85000,3.68000
3213,10.50000,0.86300,3.98500
3214,10.28900,0.86000,3.22200
3215,11.53600,0.85600,3.45600
3216,10.60300,0.86000,3.56000
3217,9.40300,0.85400,3.32600
3218,9.67400,0.86300,3.25900
3219,10.52700,0.89700,3.40200
3220,10.07000,0.86000,3.08800
3221,10.11000,0.86200,3.27300
3222,9.66000,0.86700,3.53300
3223,10.25800,0.86800,3.41000
3224,10.91200,0.87200,3.38200
3225,9.97700,0.87800,3.59900
3226,9.61800,0.87200,3.34100
3227,11.19300,0.87500,3.48200
3228,12.30400,0.86600,3.47900
3229,11.29700,0.87300,3.63400
3230,11.29300,0.87300,3.78000
3231,9.34700,0.87600,3.98000
3232,9.98600,0.88100,3.80600
3233,12.18100,0.88200,3.02500
3234,9.77100,0.88700,3.41900
3235,10.51500,0.88600,3.90200
3236,9.69600,0.90000,3.58200
3237,10.87300,0.89200,3.68800
3238,10.83200,0.90400,3.56300
3239,10.18200,0.90100,3.44900
3240,11.01000,0.89600,3.41800
3241,11.71700,0.91700,3.90300
3242,11.67300,0.89800,3.96900
3243,11.09800,0.90500,4.03000
3244,12.26400,0.91400,3.86400
3245,11.84000,0.90600,3.94500
3246,11.11500,0.91900,3.99500
3247,12.54200,0.92600,4.45900
3248,11.65200,0.92300,3.91600
3249,11.43900,0.92600,4.09200
3250,11.00200,0.92900,4.07800
3251,11.34800,0.93700,3.76100
3252,11.05600,0.93800,4.22400
3253,11.22600,0.95000,4.45500
3254,11.30400,0.94400,3.36800
3255,12.31400,0.95300,4.32300
3256,12.23500,0.94000,4.82900
3257,12.83500,0.94900,4.38500
3258,12.81200,0.94300,4.33500
3259,12.14500,0.95300,4.31500
3260,12.00400,0.96500,4.78300
3261,13.58800,0.95900,4.41400
3262,12.69400,0.96700,4.86800
3263,12.43300,0.97500,4.45700
3264,12.60900,0.96200,4.96000
3265,12.44300,0.98200,4.64100
3266,14.46900,0.97100,4.53400
3267,14.24200,1.00400,4.78900
3268,13.25700,0.98200,6.01700
3269,12.83700,0.99000,6.11100
3270,13.17600,1.01300,4.50100
3271,13.54000,1.00700,4.83600
3272,12.62700,1.01100,4.69000
3273,13.23600,1.00300,5.30200
3274,12.63600,1.00900,4.78500
3275,15.06000,1.01500,5.15600
3276,13.82500,1.02200,4.87600
3277,15.09300,1.02600,5.83700
3278,15.02600,1.03900,5.16500
3279,15.00100,1.02600,5.92300
3280,15.46400,1.03900,5.87900
3281,13.37800,1.05500,5.56400
3282,14.68700,1.04600,5.55400
3283,15.53800,1.25400,4.98000
3284,15.02900,1.05200,5.89600
3285,14.78400,1.05700,6.13700
3286,14.47000,1.06500,5.42600
3287,15.25500,1.04900,5.83700
3288,15.51500,1.21300,5.72900
3289,14.99400,1.05600,5.76300
3290,15.47400,1.06400,5.78400
3291,17.17900,1.08000,5.93100
3292,15.67400,1.05400,5.45600
3293,13.47100,1.05900,6.62400
3294,13.44800,1.07100,6.17600
3295,15.63200,1.22800,5.32900
3296,13.35500,1.07500,5.11000
3297,14.95300,1.07600,5.35500
3298,15.94700,1.06900,5.26300
3299,17.46700,1.06100,6.03900
3300,17.38500,1.07900,6.37700
3301,14.85100,1.06700,6.92100
3302,13.62600,1.08100,7.00600
3303,15.49700,1.06800,6.26300
3304,17.26600,1.06800,5.15200
3305,13.64500,1.07500,6.57500
3306,14.28000,1.06900,7.31300
3307,15.34300,1.08500,5.63100
3308,14.50400,1.08400,5.07900
3309,13.84600,1.06500,5.78600
3310,14.20700,1.06400,5.41300
3311,12.69600,1.06600,5.09300
3312,14.08900,1.07000,5.92400
3313,13.91900,1.08000,4.70100
3314,14.18700,1.07300,5.58100
3315,13.23600,1.07200,5.02700
3316,14.70500,1.05700,5.42100
3317,13.73700,1.05900,5.35700
3318,13.39900,1.06200,5.68900
3319,13.19500,1.07900,5.11400
3320,12.70200,1.06700,4.92600
3321,14.61900,1.05900,4.56500
3322,13.28400,1.06100,5.25700
3323,10.60700,1.07500,5.08500
3324,13.05600,1.06500,5.17600
3325,12.81300,1.05500,4.31600
3326,12.27400,1.20400,5.00200
3327,12.38700,1.04600,4.92700
3328,11.06200,1.05800,5.19800
3329,13.55700,1.05300,5.12500
3330,11.09000,1.07300,3.86500
3331,11.48900,1.05600,4.55000
3332,11.05600,1.05200,3.97300
3333,13.40400,1.05200,4.33100
3334,11.40400,1.04600,4.43700
3335,13.01300,1.05100,4.51300
3336,13.87100,1.05600,4.76800
3337,12.93500,1.05000,5.70000
3338,12.17000,1.06200,5.80600
3339,11.37700,1.04300,3.83200
3340,10.87800,1.05400,4.74100
3341,9.45000,1.04700,4.33900
3342,9.69100,1.03800,4.65400
3343,9.00100,1.03900,3.53600
3344,11.76500,1.03200,3.65800
3345,8.75200,1.03200,3.49400
3346,10.53100,1.04200,4.62900
3347,12.06100,1.01700,3.87400
3348,13.84100,1.02500,5.34700
3349,12.45100,1.03300,5.65400
3350,13.81300,1.02200,5.20000
3351,14.44000,1.04200,4.89500
3352,11.70600,1.02800,5.17900
3353,11.29100,1.01300,4.93400
3354,10.85400,1.17200,4.44400
3355,12.40400,1.01800,3.97600
3356,10.46900,1.01400,4.20800
3357,10.33300,1.01600,4.29100
3358,9.76800,1.01000,3.54700
3359,8.85800,1.01200,3.77900
3360,12.06400,0.98600,3.11600
3361,11.42600,1.00200,3.28400
3362,10.40000,0.99800,4.47000
3363,11.70000,0.98700,4.32100
3364,11.77600,1.00200,3.53500
3365,9.85700,1.00300,3.66800
3366,11.39500,1.00000,4.55200
3367,11.24600,1.01100,2.85300
3368,12.65500,0.99100,4.21600
3369,11.42200,0.99900,4.04100
3370,12.39500,1.18900,4.51600
3371,11.49200,0.99000,4.06900
3372,11.78800,0.97900,4.50800
3373,12.28600,0.98200,3.76400
3374,10.80800,0.99500,4.40900
3375,9.99600,0.97600,3.87600
3376,11.27500,0.95800,3.79300
3377,9.18200,0.98300,3.48900
3378,9.77400,0.95200,3.49600
3379,10.02000,0.96000,3.20200
3380,10.83100,0.95100,3.66300
3381,9.82300,0.94600,3.65400
3382,9.37100,0.95200,3.14100
3383,10.66400,1.11600,3.38800
3384,10.34200,0.95300,3.26600
3385,9.94100,0.95700,3.70700
3386,9.61800,0.93900,3.64400
3387,7.33200,0.94500,3.03600
3388,9.31500,1.08800,2.95300
3389,9.32500,0.93900,2.69400
3390,9.65900,0.94100,3.09800
3391,9.46100,0.94200,3.11000
3392,9.91200,0.94400,3.75400
3393,9.29800,0.94600,3.55100
3394,9.93100,0.94400,3.83000
3395,9.36800,0.95100,2.71600
3396,7.73200,1.11500,2.94200
3397,9.01200,0.95000,3.46900
3398,8.42600,0.96100,2.71700
3399,10.96600,0.94400,2.62000
3400,10.60000,0.95200,3.16400
3401,10.62100,0.94600,4.06700
3402,10.63800,0.94800,4.14200
3403,10.37600,1.11000,3.27200
3404,10.99400,0.94600,4.08700
3405,11.12700,0.94600,3.79600
3406,8.67300,0.94400,3.81300
3407,11.35800,0.95500,3.87900
3408,11.54900,0.95300,2.97400
3409,11.16700,0.95600,4.34000
3410,8.06000,0.94300,3.05300
3411,9.06200,0.95200,3.85900
3412,9.27700,0.94900,2.92700
3413,10.18800,0.95300,3.86000
3414,10.69000,0.94600,3.52200
3415,9.43100,0.93800,3.58700
3416,8.51200,0.96800,3.11500
3417,8.46300,0.94800,2.95000
3418,8.55700,1.16200,2.35700
3419,9.03900,0.94200,2.76100
3420,10.27000,0.95700,3.55000
3421,8.44400,0.94900,3.39300
3422,9.20900,0.94700,4.33600
3423,8.70800,0.95700,3.42100
3424,8.68100,0.95800,4.08300
3425,9.41000,0.94800,3.18400
3426,10.39200,0.95700,2.93500
3427,9.88900,0.94300,3.01600
3428,9.82100,0.96100,3.55000
3429,9.14000,0.95900,3.64300
3430,8.63600,0.94700,3.68200
3431,9.67300,0.94900,4.09900
3432,8.00000,0.94900,2.75000
3433,9.28400,0.95800,3.66400
3434,9.75400,0.95900,2.51200
3435,9.52100,0.95300,2.64800
3436,9.79300,1.14500,3.62500
3437,10.72100,0.95800,3.40600
3438,10.02800,0.96200,3.87000
3439,9.86500,0.95900,4.24000
3440,10.41000,0.95500,4.12800
3441,10.61300,0.96300,3.49400
3442,8.75300,0.96600,3.35400
3443,9.18300,0.94100,3.81300
3444,9.27200,0.95600,3.47400
3445,9.02200,0.95100,3.49200
3446,8.13100,0.95200,3.32100
3447,8.77500,0.96900,3.38900
3448,11.15700,0.95600,3.70800
3449,7.99700,0.96900,3.08100
3450,7.25100,0.96800,2.78900
3451,10.97800,0.95000,3.16600
3452,9.92300,1.13600,2.94800
3453,8.79700,0.95900,3.72900
3454,11.23900,0.95600,4.42400
3455,11.06900,0.97000,3.33100
3456,10.07700,0.97000,3.70100
3457,8.87300,0.97300,3.10700
3458,10.30600,0.96600,3.53000
3459,10.27600,0.96700,3.60900
3460,10.67600,0.97300,3.46900
3461,9.37700,1.12900,3.44100
3462,9.69600,0.95900,3.53000
3463,9.62700,0.96400,3.11300
3464,10.00500,0.96100,3.85600
3465,7.55000,0.95900,3.53600
3466,8.30400,0.97800,3.32600
3467,10.16400,0.96500,2.58600
3468,11.61000,0.97100,2.63600
3469,10.94000,0.97600,4.01500
3470,9.16100,0.97200,4.00600
3471,10.80700,0.97900,3.93400
3472,9.12000,0.96500,3.15500
3473,9.44500,0.95700,3.50700
3474,9.99800,0.96900,3.31600
3475,8.68600,0.96600,3.51400
3476,8.21200,0.96300,3.58300
3477,9.27900,0.96600,3.48100
3478,9.51400,0.97100,3.06200
3479,7.79200,0.97200,3.34800
3480,7.12400,0.97000,3.31000
3481,9.20600,0.96400,2.77600
3482,8.34300,0.96300,2.49100
3483,8.33800,0.96900,2.76600
3484,7.48100,0.98000,2.74700
3485,9.91000,0.96400,3.30100
3486,10.15800,0.97500,2.63800
3487,10.55900,0.96500,3.51500
3488,12.23300,0.96800,3.88100
3489,14.36100,0.98100,4.10100
3490,12.54300,0.97900,5.10500
3491,12.32400,0.97100,4.81500
3492,11.29900,0.98200,4.69700
3493,11.79400,0.96700,4.72500
3494,9.43000,0.96400,4.33600
3495,9.28500,0.97300,4.20500
3496,8.02400,0.97900,3.41000
3497,8.69000,0.96400,3.44400
3498,10.63300,0.95700,3.69900
3499,9.26300,0.97100,2.89700
3500,8.33500,0.97800,3.23200
3501,9.10900,0.97200,3.28300
3502,10.57000,0.97400,2.90100
3503,10.87700,0.97500,3.48900
3504,9.21700,0.98200,3.77500
3505,9.29400,0.97600,3.60300
3506,9.60700,0.96500,3.36000
3507,11.52400,0.98300,3.64200
3508,10.18300,0.97700,3.12900
3509,8.45400,0.97500,4.66100
3510,8.82900,0.97600,3.57100
3511,11.42000,0.97500,3.24300
3512,11.14500,0.98200,3.88300
3513,11.36900,1.15100,4.72200
3514,10.15900,0.97700,4.26400
3515,10.34200,0.98000,4.12900
3516,11.89800,0.97700,3.19100
3517,15.40900,0.98500,4.03700
3518,10.79800,0.98200,4.61100
3519,12.20600,0.98400,5.58600
3520,11.29900,0.98300,4.05300
3521,13.72600,0.98400,4.47000
3522,9.49900,0.99300,4.50200
3523,7.79900,0.99500,5.36600
3524,10.06900,0.97800,3.58100
3525,10.28800,0.98100,3.32800
3526,8.56100,0.97500,4.24300
3527,11.79800,0.97700,3.79000
3528,11.93600,0.97300,3.21400
3529,9.57800,0.99000,4.33000
3530,9.31600,0.98700,3.91000
3531,10.31200,0.96900,3.42200
3532,10.05300,0.97900,3.80300
3533,11.20500,0.97900,3.88200
3534,10.58200,0.97200,3.88500
3535,10.38900,0.96500,4.38700
3536,11.03800,0.97900,3.76300
3537,10.85300,0.97700,3.72500
3538,11.28800,0.96300,4.25000
3539,9.45800,0.98300,4.53100
3540,6.51600,0.97200,3.59300
3541,6.47200,0.98300,2.95900
3542,9.02900,0.97600,2.74100
3543,10.43800,0.97300,2.68500
3544,13.79700,0.97700,4.74300
3545,13.09100,0.98800,3.96500
3546,12.48100,0.98200,5.54900
3547,12.92400,0.97900,4.69900
3548,14.38300,0.97600,4.71200
3549,13.36800,0.97200,4.79700
3550,10.88000,0.97300,5.57700
3551,10.89000,0.98200,4.96700
3552,11.64300,0.98700,3.93600
3553,11.44100,0.96800,4.29200
3554,11.98800,0.97300,4.31800
3555,9.34800,0.97000,3.96000
3556,12.21800,0.96500,4.46700
3557,11.34000,0.98200,3.80900
3558,9.82000,0.96000,3.88600
3559,9.14700,0.96900,4.31300
3560,10.35800,0.99000,3.30100
3561,9.30800,0.99000,3.00400
3562,10.16200,1.14200,3.52300
3563,10.58000,0.97400,3.35500
3564,13.50800,0.98200,3.95100
3565,13.51900,0.97200,4.11900
3566,10.47000,0.98700,3.83200
3567,12.72300,0.98400,5.81900
3568,11.57700,0.98900,4.29300
3569,10.54900,0.97300,5.51800
3570,11.15600,0.97400,3.94300
3571,11.42500,0.98300,4.06400
3572,11.34700,0.96600,4.34500
3573,8.88500,0.96900,3.86800
3574,8.88800,0.97300,4.05600
3575,9.99200,0.95900,3.76900
3576,10.32800,0.96400,3.90400
3577,9.56000,0.95900,3.18300
3578,11.96700,1.16100,3.75000
3579,11.40900,0.96900,3.71900
3580,9.83700,0.95400,5.10000
3581,10.24900,0.97100,3.73300
3582,10.66900,0.97600,3.60900
3583,10.57200,0.97600,3.66900
3584,10.58800,0.96800,4.29500
3585,10.17800,0.96600,3.76200
3586,11.12600,0.97100,3.83300
3587,11.77600,0.94500,4.34100
3588,10.51000,0.96400,3.96300
3589,9.76900,0.98400,3.82500
3590,11.77900,0.97600,4.29000
3591,11.20800,0.95700,3.88000
3592,9.84900,1.11200,3.77100
3593,11.06800,0.95800,3.86100
3594,11.14000,0.95700,3.80600
3595,10.36100,0.97100,3.76100
3596,12.56000,0.96200,3.94600
3597,13.43200,0.97500,4.25800
3598,11.14500,0.97300,4.91100
3599,12.81300,0.96300,4.86700