frame,wall_ms,gpu_ms,render_cpu_ms
0,6.56500,1.85100,2.16400
1,10.24500,1.86200,2.33400
2,9.92100,1.86900,3.10000
3,10.11300,2.10700,4.72000
4,10.42400,2.27000,4.60000
5,10.73800,2.08400,5.14500
6,12.36700,2.09400,5.36700
7,10.78600,2.09700,5.36800
8,10.74000,2.10000,5.59100
9,10.16600,2.09400,5.57400
10,11.85000,2.09100,4.98500
11,10.83500,2.28000,4.69900
12,11.59800,2.09000,5.32400
13,10.56700,2.06100,5.30500
14,9.91600,2.11300,5.17600
15,8.63100,2.06800,5.37100
16,9.30700,2.07500,4.35100
17,8.91600,1.99800,3.84100
18,8.23600,1.99600,4.72200
19,7.80800,1.99200,3.78800
20,8.03000,2.00300,3.98700
21,7.15300,1.98100,3.50500
22,8.30100,1.99000,3.85400
23,7.58000,1.98900,3.37100
24,8.47100,1.98800,4.21200
25,9.87300,1.99600,3.56800
26,8.77100,1.98400,4.01400
27,11.78300,1.97900,5.05200
28,12.42600,1.96200,4.63600
29,10.44500,2.41600,5.39500
30,9.68100,1.96900,6.02700
31,12.06300,2.16100,4.67100
32,11.62000,2.20100,4.45500
33,8.53100,1.94900,5.07400
34,10.44300,2.10400,5.25700
35,8.68300,2.10200,4.09700
36,9.35600,2.19800,5.05400
37,8.85800,2.08600,4.02000
38,9.98400,1.91500,4.19300
39,11.55800,1.91300,4.04000
40,12.40300,1.91000,4.42100
41,12.86300,2.31600,4.47100
42,9.86700,1.89200,5.40900
43,10.15700,2.09500,5.42700
44,11.60900,1.89500,4.32200
45,9.23100,1.91000,4.06200
46,11.77900,1.88700,5.07700
47,10.27800,1.91100,4.00600
48,11.04900,1.88600,5.32800
49,8.70600,1.81800,4.29800
50,8.72000,1.81300,4.73600
51,7.26000,1.80000,3.40200
52,7.55400,1.80400,3.40400
53,6.87200,1.80700,3.07000
54,7.50900,1.79400,3.21500
55,7.80500,1.78900,2.95300
56,6.18600,1.78900,2.86300
57,8.33900,1.79700,3.69400
58,7.13200,1.69700,2.68100
59,8.16700,1.78300,3.39400
60,7.80300,2.10200,2.97800
61,7.83800,1.77000,3.43000
62,7.76300,1.94300,3.26300
63,8.98700,1.77600,3.28900
64,7.93000,1.77500,3.27100
65,7.94600,1.77000,4.21800
66,8.84200,1.77000,3.36700
67,8.66000,1.76300,3.59500
68,6.50500,1.76600,2.84600
69,7.96400,1.94800,3.63000
70,6.77200,1.66100,2.75200
71,7.43500,1.75500,3.61600
72,6.29600,1.75200,2.80200
73,7.35400,1.76300,3.31100
74,7.15700,1.79700,2.70200
75,6.74200,1.75600,3.09700
76,7.31000,1.73900,2.94100
77,7.79300,1.74500,2.71300
78,5.73700,1.74900,3.04300
79,7.28800,1.73500,3.60700
80,7.93800,1.64800,2.65000
81,7.38500,1.93900,3.43500
82,6.93900,1.75100,3.65000
83,6.58600,1.72400,3.17700
84,6.22300,1.72000,2.88600
85,4.83100,1.72500,2.43200
86,6.83500,1.71600,2.74400
87,6.33700,1.61800,2.35800
88,4.67400,1.71100,2.86000
89,8.36100,1.71100,2.82800
90,7.36300,1.82900,2.22800
91,7.22600,1.72200,3.32300
92,4.98900,1.72100,2.68500
93,6.77600,1.70800,2.79600
94,6.86600,1.61600,2.41900
95,6.61400,1.89800,2.79000
96,5.37300,1.70800,2.49600
97,6.36300,1.71100,2.68500
98,6.75700,1.61000,2.69600
99,5.27500,1.69500,2.30000
100,6.40600,1.87200,3.06200
101,6.30800,1.60000,2.37400
102,5.75500,1.68800,2.69400
103,4.81000,1.88900,2.29400
104,7.06700,1.69000,2.44400
105,7.38300,1.60200,2.41000
106,7.15400,1.68400,2.73700
107,6.46600,1.87300,2.64400
108,7.13900,1.67100,3.10800
109,7.02500,1.59600,2.67500
110,6.28300,1.65200,2.76100
111,4.89700,1.64700,2.81000
112,6.35200,1.65200,2.71300
113,6.17000,1.57900,2.35700
114,6.53900,1.66100,2.78100
115,6.78200,1.64700,2.17700
116,6.88200,1.81800,2.54200
117,6.99800,1.58400,3.05300
118,6.78400,1.64900,2.84700
119,5.36500,1.61900,2.67400
120,6.74700,1.58200,3.00800
121,5.91000,1.78300,2.44300
122,6.30600,1.56800,2.42700
123,5.26000,1.56700,2.08700
124,6.36900,1.57300,2.54000
125,6.13000,1.76400,2.49500
126,5.64000,1.59100,2.46900
127,4.65900,1.56900,2.20600
128,6.30100,1.73900,2.23400
129,6.40600,1.56600,2.17900
130,7.00600,1.57200,2.78700
131,5.89500,1.57400,1.96600
132,6.92800,1.77900,3.01300
133,6.85400,1.56600,2.77200
134,5.91700,1.56700,2.63600
135,5.39600,1.59300,2.53500
136,6.69400,1.56600,2.53500
137,6.41400,1.56800,2.71600
138,6.70400,1.56700,2.97300
139,5.37300,1.56500,2.21700
140,7.13500,1.56400,2.96300
141,6.46800,1.56500,2.45900
142,6.75100,1.56100,2.66700
143,5.51400,1.56300,2.38100
144,6.73200,1.56300,2.69700
145,6.59400,1.56400,2.82900
146,6.49400,1.57000,2.60200
147,5.91200,1.57500,2.35300
148,6.73700,1.57900,2.56300
149,8.03400,1.71300,2.97200
150,6.53400,1.56400,2.94900
151,7.19200,1.55700,3.29100
152,5.45900,1.56800,2.38300
153,6.77000,1.56900,2.82600
154,8.42300,1.76000,2.83800
155,7.79700,1.56100,2.68200
156,7.88100,1.56800,3.33600
157,6.55000,1.56200,2.83600
158,7.88100,1.56500,3.07800
159,5.60100,1.56200,2.19900
160,8.23100,1.56100,3.40700
161,7.77300,1.55800,2.47600
162,7.07700,1.56900,3.21900
163,7.50500,1.75100,3.24500
164,7.28900,1.55500,2.80400
165,7.40600,1.55100,2.86000
166,7.12300,1.55300,2.99600
167,5.15600,1.55300,2.84400
168,5.92000,1.55300,3.07100
169,5.95900,1.72800,2.46200
170,6.43200,1.55300,2.29000
171,6.86600,1.55400,2.40200
172,7.35100,1.55700,2.69700
173,5.84800,1.72500,2.56700
174,6.85200,1.55800,2.40100
175,7.39700,1.56300,2.29000
176,8.04400,1.56000,3.34000
177,6.17700,1.57400,2.62000
178,5.88600,1.56100,2.83100
179,5.31200,1.77100,2.40400
180,4.54300,1.56500,2.05400
181,6.24800,1.55600,2.25000
182,6.64300,1.72700,2.51300
183,8.01600,1.56000,2.51100
184,5.44000,1.56000,2.25900
185,5.95900,1.56500,3.08900
186,7.27700,1.56100,2.75600
187,6.37900,1.56400,2.47900
188,7.64500,1.55500,2.90800
189,5.27400,1.55900,2.24400
190,6.77900,1.55400,3.11400
191,6.92300,1.73000,2.48100
192,5.41400,1.56300,2.54400
193,4.52100,1.55200,2.48700
194,5.35500,1.55800,2.15200
195,5.41500,1.55900,2.17500
196,5.24800,1.54900,1.88900
197,6.47700,1.55300,2.19100
198,5.48400,1.55200,2.61000
199,5.40700,1.55900,2.28600
200,6.71900,1.57200,2.23600
201,6.41000,1.56300,2.43700
202,5.84700,1.55700,2.33800
203,6.46700,1.56200,2.79900
204,6.71500,1.56500,2.58900
205,5.55600,1.55400,2.39600
206,6.68800,1.56400,2.53400
207,8.01900,1.56200,2.77000
208,10.35400,1.55100,2.65400
209,7.91200,1.73200,2.71700
210,9.65400,1.56800,4.09400
211,10.10700,1.56400,3.54200
212,9.65400,1.56400,3.67600
213,9.14500,1.55600,3.74600
214,6.45300,1.57700,3.80400
215,6.95300,1.72500,3.17300
216,6.33500,1.55700,2.49600
217,7.19900,1.55200,2.96100
218,6.40400,1.54600,2.52000
219,6.26900,1.53600,2.52400
220,7.21200,1.73700,2.84500
221,6.24200,1.54700,2.49500
222,6.11500,1.55200,2.48500
223,7.05800,1.55300,2.62500
224,5.99500,1.72800,2.38000
225,6.43000,1.55700,2.64700
226,4.79000,1.55600,2.16300
227,5.86300,1.54500,2.51300
228,5.92600,1.83400,2.20700
229,4.80500,1.54400,1.87600
230,6.51200,1.54700,2.39100
231,6.85300,1.72100,2.47500
232,6.78000,1.55100,2.75600
233,5.74200,1.55000,2.45200
234,6.46300,1.55500,2.96800
235,6.11300,1.73300,2.37700
236,6.34300,1.55900,2.37700
237,5.10000,1.55700,2.17200
238,6.54400,1.55500,2.66200
239,6.52800,1.55600,2.45200
240,6.32000,1.54800,2.29000
241,7.32100,1.55100,2.67900
242,6.83800,1.55200,2.84100
243,6.35400,1.55100,2.67400
244,5.24400,1.70800,2.45100
245,6.98600,1.54200,2.61000
246,6.02200,1.54300,2.48700
247,5.87000,1.54500,2.46500
248,4.62500,1.73400,2.14600
249,5.60800,1.54300,2.33600
250,5.95000,1.54300,2.26900
251,4.40300,1.54700,1.98800
252,5.61500,1.54700,2.28000
253,6.82200,1.54400,2.36100
254,5.87700,1.54300,2.36500
255,5.19200,1.54600,2.22900
256,6.39200,1.54800,2.31700
257,6.04900,1.70100,2.25800
258,5.88500,1.55000,2.20600
259,6.47500,1.54300,2.47200
260,6.81400,1.53700,2.84900
261,6.20400,1.71900,2.40300
262,4.39100,1.53900,1.97800
263,5.72800,1.53200,2.53500
264,6.06500,1.72800,1.98800
265,4.49200,1.53400,1.82000
266,5.71200,1.52400,2.60600
267,5.87100,1.68200,2.03400
268,4.27700,1.52900,1.97000
269,5.38500,1.53700,2.43000
270,5.60200,1.53500,1.94700
271,4.58900,1.53500,1.86200
272,5.43400,1.53700,2.13800
273,4.59700,1.53100,2.05100
274,5.41400,1.52400,2.29600
275,5.39900,1.69600,2.04700
276,4.50100,1.52600,1.89400
277,5.50900,1.52200,2.22400
278,4.58100,1.52300,1.77100
279,5.77000,1.52600,2.20000
280,5.16300,1.76500,1.96700
281,4.53700,1.55700,1.96700
282,5.16600,1.52700,2.02600
283,4.28200,1.52900,1.67900
284,5.10500,1.51400,2.07700
285,5.06800,1.69600,1.89900
286,4.43400,1.52100,1.74000
287,5.23700,1.51200,2.02100
288,4.39500,1.51500,1.87700
289,5.18300,1.51400,2.04000
290,5.63700,1.68900,2.14500
291,4.79900,1.51500,1.81600
292,4.94200,1.51300,2.06800
293,4.07200,1.51200,1.84300
294,5.18800,1.51500,1.88400
295,4.23400,1.50000,1.62600
296,5.23600,1.51600,2.10900
297,5.63900,1.66300,1.93200
298,4.44800,1.51000,1.77600
299,5.06400,1.51000,2.24200
300,4.37900,1.50900,1.75800
301,5.53500,1.51000,2.05000
302,5.14500,1.68600,2.00800
303,4.40900,1.51300,1.88100
304,5.94000,1.50400,2.13300
305,4.51300,1.51000,1.82500
306,5.56800,1.51600,2.27600
307,4.88600,1.66200,1.72800
308,5.37700,1.50900,2.13200
309,5.13700,1.50900,2.14900
310,4.55700,1.67800,1.84400
311,5.54300,1.51200,2.03100
312,4.19000,1.51300,1.72300
313,5.61600,1.51100,2.28500
314,5.39900,1.51500,1.96400
315,4.68100,1.66300,1.79700
316,5.55600,1.50900,2.20700
317,4.37800,1.51400,1.81600
318,5.14000,1.50300,2.12200
319,4.60200,1.50700,1.74000
320,5.45500,1.70000,2.03300
321,5.37300,1.50800,2.10200
322,4.61000,1.50000,1.81400
323,5.56100,1.50000,2.31200
324,4.31100,1.50400,1.92000
325,5.12600,1.65600,1.97500
326,5.12900,1.50300,1.95600
327,4.31100,1.50000,1.79600
328,5.18100,1.50100,2.10100
329,4.96500,1.50100,1.76300
330,5.19900,1.50700,1.96400
331,5.31300,1.50600,2.04400
332,4.18500,1.50100,1.70800
333,5.24300,1.49900,2.18000
334,4.27500,1.49800,1.68600
335,5.08400,1.65000,1.99900
336,4.96500,1.49800,1.96000
337,4.13200,1.49800,1.76700
338,5.52000,1.49600,2.10900
339,4.12900,1.49900,1.61000
340,5.08900,1.49200,2.24500
341,4.61900,1.49200,1.67600
342,5.08200,1.49600,1.99700
343,5.01000,1.48500,2.07800
344,4.52900,1.48900,1.64500
345,5.63900,1.48600,2.00000
346,4.46100,1.49500,1.69300
347,6.31900,1.49800,2.32100
348,5.96100,1.49600,2.14200
349,4.56800,1.49900,1.75400
350,6.08900,1.49500,2.43400
351,4.94800,1.48800,1.81900
352,5.69600,1.48600,2.30700
353,6.01400,1.48700,2.28600
354,5.37200,1.48900,1.94000
355,5.77700,1.49500,2.49700
356,6.33800,1.48500,2.26800
357,4.84600,1.48900,1.87000
358,5.32800,1.49100,2.71400
359,4.37700,1.48900,1.85100
360,5.42900,1.48900,2.05200
361,4.95500,1.65500,1.97300
362,4.35000,1.47900,1.82500
363,5.24600,1.48600,1.93200
364,5.02200,1.48800,2.11400
365,4.42600,1.49000,1.81800
366,6.04200,1.65800,2.03000
367,4.48700,1.48600,1.77600
368,5.21600,1.48200,2.63200
369,5.63100,1.48600,2.11000
370,4.54300,1.48100,1.79600
371,5.20300,1.48400,2.13200
372,5.83900,1.48900,2.09700
373,4.65400,1.48200,1.86100
374,5.22600,1.66400,2.09400
375,4.66100,1.48100,1.76300
376,5.93400,1.48600,2.12300
377,5.67400,1.48100,2.17200
378,4.99700,1.49200,2.04300
379,5.96100,1.48600,2.35000
380,5.57300,1.48400,2.23500
381,4.82500,1.48700,2.15900
382,5.54400,1.48400,2.24700
383,4.45600,1.48900,1.85700
384,5.24400,1.48100,2.24500
385,6.26800,1.48500,2.25400
386,4.56500,1.49100,1.71800
387,5.53700,1.48600,2.40100
388,6.80100,1.48100,2.25200
389,6.26600,1.47900,1.82000
390,5.54100,1.49900,2.70500
391,6.02000,1.66600,3.00900
392,4.61400,1.48100,1.88700
393,5.31400,1.48800,2.35400
394,5.96600,1.67000,2.06000
395,4.87600,1.49000,1.79700
396,5.23700,1.48500,2.12400
397,5.89700,1.48300,2.25400
398,4.94100,1.48700,1.78800
399,5.41600,1.49500,2.24100
400,6.10400,1.48400,2.37100
401,4.76400,1.49600,1.73300
402,5.03800,1.48900,2.19400
403,5.92100,1.49100,2.23000
404,5.30700,1.49100,1.75000
405,5.34000,1.65200,2.19000
406,6.80800,1.48300,2.63900
407,4.89300,1.50500,1.81600
408,5.77600,1.48800,2.35700
409,5.14600,1.49100,2.18200
410,4.25400,1.48700,2.16300
411,4.72900,1.48300,1.96100
412,4.90900,1.48600,1.92400
413,4.67000,1.47700,1.55300
414,5.63600,1.48700,2.15100
415,5.30000,1.48300,2.18000
416,4.59000,1.66000,1.79300
417,5.37300,1.48800,2.00200
418,4.37700,1.48400,1.78200
419,5.07300,1.48400,2.10200
420,5.37200,1.48300,1.96200
421,4.56300,1.65800,1.70000
422,5.51000,1.48400,2.11500
423,5.78200,1.48300,2.01000
424,4.64300,1.49000,1.96600
425,5.29800,1.48800,2.20000
426,5.42400,1.67200,1.95000
427,4.44600,1.48400,1.78000
428,5.00100,1.48900,2.10900
429,4.14700,1.48800,1.67200
430,5.06700,1.48800,1.90100
431,4.66600,1.48700,1.83900
432,4.04000,1.48900,1.76200
433,4.83700,1.48600,1.74800
434,4.62000,1.48500,1.61900
435,4.86700,1.49200,1.88800
436,4.16000,1.48800,1.78700
437,5.72900,1.49100,2.00100
438,5.84300,1.48300,1.90200
439,4.51600,1.49500,2.01100
440,6.01000,1.48400,2.46100
441,4.94100,1.48700,1.85900
442,5.59900,1.48000,2.35400
443,6.01500,1.65200,2.17400
444,4.39200,1.49300,1.96400
445,5.62900,1.49300,2.36600
446,5.10700,1.65600,1.70900
447,5.70000,1.50000,2.08300
448,5.49400,1.48900,2.18400
449,4.87500,1.69300,1.99200
450,5.36600,1.49400,2.10800
451,4.09400,1.49600,1.77400
452,5.38800,1.49800,2.07800
453,6.39200,1.49400,1.89600
454,4.73900,1.66200,1.77800
455,5.83500,1.48600,2.39700
456,4.90800,1.49700,1.99900
457,5.24400,1.69300,2.23200
458,5.51700,1.49000,2.18300
459,4.55400,1.50100,1.78700
460,4.89800,1.65400,2.05700
461,5.44100,1.49400,1.76600
462,5.69600,1.49500,1.97800
463,5.36200,1.48800,2.62400
464,4.85700,1.48900,2.03700
465,5.82800,1.65800,1.99200
466,4.43900,1.49400,1.89800
467,5.47700,1.49000,2.23800
468,5.14700,1.49200,1.96600
469,4.49200,1.49000,1.81400
470,5.19200,1.49500,1.97600
471,5.18700,1.50300,1.89800
472,5.73600,1.49900,2.03900
473,5.32900,1.67200,2.39100
474,4.55000,1.49300,1.99000
475,6.01000,1.49100,2.13900
476,6.10700,1.49400,2.32100
477,4.62600,1.49600,2.12700
478,5.58000,1.49300,2.22600
479,4.51800,1.48400,1.91800
480,5.42800,1.49700,2.12600
481,5.85800,1.68800,2.00000
482,4.91100,1.49800,1.85100
483,5.51500,1.50200,2.32600
484,5.67900,1.67400,2.05900
485,4.69500,1.50300,1.87300
486,5.28700,1.50500,2.10800
487,6.94400,1.50300,2.13400
488,5.38800,1.51000,1.80100
489,5.73500,1.49800,2.40000
490,6.48100,1.66300,2.50500
491,5.37500,1.50300,2.04900
492,6.33300,1.49800,2.71400
493,6.43800,1.50100,2.38100
494,5.35400,1.49900,2.38300
495,4.60000,1.50000,1.97500
496,5.57400,1.50000,2.08400
497,5.37600,1.50200,2.08200
498,4.73400,1.50100,1.99000
499,5.64400,1.51600,2.05900
500,5.29200,1.50800,2.05000
501,4.55600,1.51400,2.06300
502,5.46500,1.67900,2.03500
503,5.58300,1.50200,2.03100
504,5.12300,1.51000,1.97800
505,6.30400,1.50900,2.42900
506,5.35500,1.51400,2.19100
507,4.77100,1.50600,2.04400
508,5.43700,1.66700,2.13800
509,5.60300,1.51000,2.23800
510,4.60000,1.50200,1.86400
511,5.43300,1.50100,2.29500
512,6.03200,1.49700,2.20900
513,4.83900,1.67100,1.99700
514,5.45100,1.51000,2.42500
515,5.58800,1.50300,2.19400
516,4.71400,1.68000,1.92000
517,5.49100,1.51300,2.23400
518,5.71100,1.50500,2.05200
519,4.93100,1.50500,2.04900
520,6.31400,1.51300,2.29100
521,7.01300,1.51600,2.16400
522,4.99800,1.51000,2.57800
523,5.96300,1.50700,2.63800
524,6.13800,1.50700,2.26300
525,4.55900,1.50300,2.02200
526,5.35700,1.49900,2.36500
527,6.16700,1.50900,2.10800
528,4.67100,1.70000,1.94000
529,5.66300,1.49700,2.44200
530,5.79500,1.50100,2.06900
531,4.51600,1.69100,1.97500
532,5.69800,1.50100,2.28000
533,6.45100,1.49100,2.27400
534,4.83000,1.49900,2.08200
535,5.75200,1.49400,2.55700
536,5.99900,1.49500,2.13400
537,4.65000,1.68100,2.17600
538,6.13300,1.48800,2.37400
539,5.91200,1.49300,2.07900
540,4.52000,1.65400,2.19200
541,6.14800,1.48300,2.41700
542,6.29300,1.48300,2.11300
543,4.77900,1.65300,2.30600
544,5.65400,1.48200,2.51900
545,6.16100,1.47700,2.21900
546,4.79300,1.64100,2.16500
547,5.56200,1.48000,2.41200
548,5.84600,1.47600,2.15400
549,4.85400,1.48300,2.04300
550,5.68700,1.48200,2.33400
551,6.27900,1.47500,2.19600
552,4.80200,1.47200,2.22600
553,5.55700,1.46700,2.51600
554,6.16300,1.47100,2.19000
555,5.08600,1.46700,2.11500
556,6.06500,1.47200,2.57400
557,6.62700,1.46600,2.42100
558,5.04100,1.64100,2.32000
559,6.09200,1.47300,2.67100
560,6.07200,1.46300,2.31700
561,4.80800,1.64000,2.18900
562,6.39600,1.46400,2.56100
563,6.60600,1.46000,2.31000
564,4.78700,1.47300,2.04600
565,6.11000,1.63200,2.35200
566,5.62000,1.45500,2.16500
567,4.62000,1.45900,2.25200
568,6.16400,1.64400,2.25700
569,5.77000,1.45300,2.17900
570,4.81900,1.45000,2.29900
571,6.06700,1.45500,2.40000
572,5.80300,1.44900,2.20200
573,5.38600,1.44300,2.18500
574,7.22500,1.58100,2.43800
575,6.53200,1.44400,2.29300
576,6.51400,1.44400,3.03300
577,6.08000,1.44700,2.37500
578,6.09600,1.62200,2.41600
579,7.16400,1.43600,2.65700
580,5.60700,1.44500,2.48200
581,6.46300,1.44200,2.62900
582,6.22700,1.60300,2.61200
583,6.08100,1.43500,2.41800
584,5.47600,1.44200,2.31800
585,6.42300,1.42700,2.56900
586,7.03800,1.42800,2.78600
587,5.82000,1.43800,2.31100
588,5.23500,1.43400,2.80300
589,7.07700,1.43300,2.44500
590,6.09900,1.42500,2.36300
591,4.89200,1.42500,2.26300
592,5.48700,1.42300,2.40000
593,5.37100,1.60000,2.07700
594,5.85400,1.42500,2.19700
595,5.08300,1.42600,1.95100
596,6.23800,1.58300,2.38700
597,6.17000,1.41500,2.34000
598,5.34800,1.40300,2.32900
599,4.69300,1.40400,1.96000
600,5.41100,1.40500,2.15800
601,5.22400,1.40000,2.14300
602,4.87200,1.60300,1.88900
603,5.92600,1.40200,2.13100
604,5.86400,1.40600,2.28200
605,6.73000,1.40200,2.45100
606,4.86900,1.40000,2.01000
607,6.01000,1.39600,2.64900
608,6.34200,1.58400,2.22500
609,4.72800,1.39100,2.06600
610,5.73600,1.39700,2.63600
611,5.67400,1.39800,2.12600
612,4.65300,1.39500,2.09900
613,5.99100,1.38700,2.35700
614,6.01100,1.57400,2.12900
615,4.73400,1.38600,2.21400
616,6.55200,1.39100,2.65100
617,5.48500,1.55100,2.15000
618,4.83700,1.39200,2.04900
619,6.92000,1.38100,2.23400
620,6.61300,1.57900,2.28500
621,5.85600,1.38400,2.43600
622,6.84400,1.39200,2.67900
623,6.68000,1.39200,2.59700
624,5.97900,1.38400,2.24200
625,7.86500,1.54200,3.06600
626,5.93000,1.39000,2.54500
627,5.97300,1.38500,2.80100
628,5.96000,1.38600,2.13600
629,6.03900,1.56400,2.41800
630,6.34900,1.38900,2.84200
631,5.36400,1.38100,2.16400
632,5.59300,1.38600,2.42100
633,6.72200,1.38700,2.48700
634,5.17500,1.38400,1.94300
635,5.98900,1.37800,2.59700
636,6.39000,1.57400,2.40400
637,6.04000,1.37600,2.30500
638,4.98600,1.37900,2.44700
639,6.63000,1.37700,2.36600
640,5.86800,1.36700,2.31500
641,5.40600,1.37700,2.42600
642,6.53300,1.37300,2.29800
643,6.28900,1.37200,2.51100
644,6.46500,1.37200,2.52800
645,6.91200,1.37300,2.47100
646,6.49200,1.37000,2.84900
647,6.19200,1.53900,2.64400
648,5.88100,1.36800,2.69700
649,6.33200,1.36200,2.30500
650,6.91500,1.36700,2.25900
651,6.48200,1.54200,2.99800
652,6.44100,1.36900,2.72400
653,5.61300,1.36500,2.35200
654,6.37800,1.37000,2.72900
655,6.11000,1.38200,2.42200
656,7.88100,1.36800,2.75000
657,6.79300,1.37400,2.47300
658,5.40800,1.36400,2.77100
659,7.33000,1.36400,2.78400
660,7.93900,1.55100,2.36300
661,8.44100,1.37000,3.05700
662,8.95100,1.36300,3.19300
663,8.51300,1.35400,3.57600
664,7.72500,1.36300,3.92600
665,8.32800,1.36300,3.78000
666,7.34300,1.36000,3.61000
667,6.21300,1.35400,3.66200
668,6.47400,1.34400,2.58300
669,5.43900,1.35200,2.18700
670,6.21300,1.34700,2.58100
671,6.18000,1.51900,2.51600
672,5.83600,1.34700,2.53100
673,6.77300,1.33700,2.37100
674,6.47100,1.34600,2.34800
675,6.31300,1.51800,2.85700
676,7.33100,1.34400,2.34800
677,6.71300,1.35400,2.42000
678,8.40300,1.34700,2.92900
679,6.57000,1.34700,2.75100
680,6.44900,1.34600,3.37700
681,6.39700,1.52000,2.52000
682,5.55200,1.34000,2.29900
683,4.94000,1.34100,2.37400
684,6.96100,1.34200,2.46600
685,6.60900,1.34200,2.46100
686,8.68400,1.34000,2.35700
687,8.40700,1.34400,2.89500
688,7.82200,1.51500,3.90700
689,8.85600,1.34700,3.72200
690,6.35600,1.33800,2.97800
691,8.33100,1.33800,3.06300
692,10.54700,1.33800,2.92200
693,9.01700,1.32400,3.01000
694,7.44200,1.34100,4.00900
695,5.75600,1.34300,3.51500
696,5.96300,1.32500,2.69900
697,5.72400,1.32000,2.19400
698,5.33600,1.32300,2.50000
699,5.77400,1.32000,1.93500
700,6.37600,1.31700,2.16700
701,5.84900,1.31900,2.75200
702,5.48800,1.30800,2.31600
703,6.01400,1.31700,2.32000
704,6.43500,1.48700,2.46000
705,6.57200,1.31600,2.33600
706,5.20800,1.31500,2.14000
707,6.76900,1.31000,2.76600
708,7.15900,1.31000,2.54600
709,7.16900,1.31300,2.55400
710,5.66900,1.31200,2.71800
711,6.29300,1.32000,3.14200
712,7.48900,1.48500,2.57800
713,5.56600,1.32500,2.43400
714,6.73700,1.31200,2.59700
715,6.71400,1.30600,2.57200
716,6.36000,1.31000,2.52000
717,5.28000,1.49700,2.41900
718,5.70800,1.30500,2.42600
719,5.34300,1.30600,2.51600
720,5.30900,1.30200,2.16400
721,5.14000,1.30700,1.83900
722,6.49400,1.30400,2.14300
723,6.18600,1.47500,2.37300
724,5.91000,1.30200,2.15700
725,6.21800,1.29900,2.44500
726,6.26600,1.29900,2.39300
727,6.36400,1.47000,2.55600
728,4.98800,1.29900,2.14500
729,6.10700,1.30000,2.47900
730,6.93200,1.45800,2.21300
731,6.79400,1.29700,2.51600
732,7.64600,1.29700,2.46300
733,7.09300,1.29200,2.48300
734,6.74600,1.28900,3.40700
735,6.38300,1.29000,2.78400
736,5.99500,1.46000,2.16300
737,6.01800,1.29300,2.48100
738,5.69300,1.28600,2.49200
739,4.97800,1.28800,2.11200
740,6.21300,1.28200,2.08700
741,7.13400,1.28100,2.37600
742,7.59000,1.28500,2.31500
743,4.89700,1.28400,2.30300
744,5.51100,1.48000,2.49700
745,5.01700,1.28000,2.12700
746,5.84500,1.28100,2.32200
747,4.47800,1.44900,1.66100
748,5.26900,1.28300,2.39600
749,5.95400,1.28400,2.25600
750,4.90100,1.28400,1.79700
751,6.65900,1.27900,2.37000
752,6.12100,1.40800,2.19000
753,5.84600,1.28100,2.39400
754,4.39000,1.27900,2.12600
755,5.17200,1.27700,2.12400
756,5.28100,1.27800,1.93900
757,4.15100,1.28100,1.71600
758,5.09200,1.28000,1.93100
759,5.10300,1.36100,1.75000
760,5.43800,1.28400,1.97100
761,5.99000,1.28200,2.41800
762,4.86400,1.27600,1.77100
763,5.88900,1.28100,2.11400
764,6.42000,1.28000,2.16200
765,5.49200,1.26300,1.98900
766,6.16300,1.26400,2.36900
767,5.88100,1.42000,2.59000
768,4.73600,1.26500,1.83900
769,6.01600,1.27500,2.29900
770,5.20800,1.26700,1.83300
771,4.90200,1.27500,2.25100
772,5.14200,1.27300,2.12100
773,4.64400,1.26500,1.67200
774,4.95100,1.26800,2.09200
775,4.57500,1.41700,1.81600
776,4.14000,1.26200,1.59700
777,4.65800,1.26200,1.69500
778,4.06600,1.26000,1.73100
779,5.22000,1.25700,1.81800
780,4.00300,1.26100,1.60400
781,6.60100,1.26200,2.07100
782,6.37800,1.25600,1.84900
783,4.68200,1.25700,2.59800
784,5.13200,1.26000,2.67400
785,4.49600,1.41100,1.61000
786,4.99500,1.26200,1.87400
787,4.96100,1.26000,1.75100
788,4.03400,1.25500,1.68300
789,5.63500,1.25400,1.87200
790,4.08000,1.26100,1.53700
791,6.24600,1.25600,2.12100
792,5.46600,1.41800,1.71000
793,6.08000,1.26100,2.39100
794,6.45600,1.25900,2.33200
795,4.78300,1.26400,1.96600
796,5.01100,1.26400,2.24900
797,4.49500,1.25800,1.77300
798,5.86400,1.25900,1.92600
799,5.28800,1.25600,1.99300
800,4.46700,1.25800,1.82000
801,5.97600,1.40900,2.03300
802,5.28400,1.26100,1.87900
803,5.89500,1.26000,2.30700
804,4.83100,1.25400,2.15600
805,4.08200,1.25600,1.78200
806,4.95600,1.25700,1.71100
807,3.96400,1.25200,1.58600
808,4.57700,1.25200,1.95500
809,4.72600,1.25100,1.68800
810,4.30800,1.25200,1.48600
811,4.78000,1.24700,1.70800
812,4.92700,1.24800,1.75000
813,6.18600,1.24800,2.03900
814,5.33600,1.24700,2.08300
815,4.11900,1.24700,1.90700
816,5.10600,1.24100,1.94400
817,4.04000,1.24700,1.58200
818,4.42400,1.40500,1.80500
819,3.95400,1.24200,1.46500
820,4.46900,1.24400,1.59200
821,5.03300,1.24300,1.68100
822,4.03200,1.25400,1.45500
823,6.31100,1.24600,1.92400
824,4.49200,1.39800,1.51300
825,4.82300,1.24900,2.26000
826,5.24000,1.24900,1.80500
827,4.07000,1.40300,1.47900
828,4.68200,1.25500,1.83300
829,3.54500,1.25300,1.51100
830,4.90800,1.24900,1.85700
831,3.37900,1.39500,1.33900
832,4.39800,1.24300,1.56400
833,4.73200,1.24800,1.48600
834,4.84000,1.24400,1.53400
835,5.34100,1.24700,1.88700
836,4.04600,1.24700,1.82300
837,4.88700,1.24800,1.95200
838,3.84200,1.24600,1.49600
839,4.83700,1.24700,1.79000
840,5.16800,1.24800,1.65200
841,4.04500,1.25100,1.49700
842,4.59400,1.25300,1.73100
843,4.37500,1.25300,1.55100
844,5.09400,1.24900,1.67200
845,4.96700,1.24600,1.73000
846,5.58100,1.24900,1.90700
847,5.29600,1.24400,2.16800
848,4.16600,1.25200,1.79600
849,4.86900,1.24800,1.91600
850,4.04600,1.24600,1.59700
851,4.92100,1.24700,1.81200
852,3.77400,1.24200,1.45900
853,4.77400,1.24400,1.75700
854,4.59500,1.24100,1.37700
855,5.27100,1.24500,1.89500
856,6.03200,1.24400,2.28400
857,4.23400,1.24900,1.69800
858,5.07300,1.24500,2.14200
859,4.02300,1.24400,1.55800
860,5.24200,1.23300,1.90300
861,3.70100,1.24300,1.51800
862,4.43500,1.24300,1.84800
863,3.96500,1.41000,1.47200
864,5.01800,1.24000,1.77700
865,4.40900,1.24200,1.60400
866,3.94100,1.24700,1.43900
867,5.26000,1.41500,1.62400
868,4.63500,1.23800,1.49300
869,5.24800,1.24600,2.03200
870,3.82700,1.24200,1.73100
871,4.66300,1.23700,1.83800
872,3.74000,1.24300,1.38500
873,5.33400,1.24100,1.67200
874,4.94000,1.23000,1.62200
875,3.86600,1.23600,1.82600
876,4.59900,1.28100,1.81200
877,4.18500,1.24200,1.49000
878,4.78200,1.23700,1.61400
879,4.99000,1.23200,1.58400
880,6.72600,1.23600,2.01900
881,5.99500,1.23900,2.08600
882,6.81300,1.23400,2.68200
883,4.87000,1.23900,2.26300
884,3.80300,1.23700,2.03100
885,4.62800,1.24000,1.69400
886,4.39500,1.23200,1.34900
887,4.53900,1.24300,1.76400
888,3.78000,1.23600,1.58400
889,4.89400,1.24200,1.67900
890,4.11200,1.24100,1.52200
891,5.76500,1.23800,2.04500
892,5.56700,1.23500,1.72500
893,3.89900,1.41100,1.80300
894,4.64100,1.23100,2.20100
895,3.66900,1.23300,1.37600
896,4.80600,1.23300,1.67300
897,3.66600,1.24000,1.31600
898,5.10000,1.23600,1.87000
899,4.23300,1.23300,1.31800
900,4.86200,1.23200,1.76600
901,4.71200,1.23900,1.99200
902,3.59500,1.22900,1.46300
903,6.23200,1.23400,2.00000
904,4.39500,1.23600,1.35300
905,4.68000,1.23400,2.10000
906,4.31800,1.23200,1.57200
907,4.92300,1.23700,1.72900
908,3.84200,1.23400,1.66800
909,4.58500,1.23100,1.86200
910,4.80000,1.22800,1.68100
911,3.75700,1.23000,1.39800
912,5.00400,1.23200,1.63300
913,4.38900,1.23200,1.35700
914,5.19100,1.23300,1.64100
915,4.67000,1.40300,1.73900
916,5.31500,1.23800,1.95900
917,3.92600,1.23200,1.63700
918,4.37800,1.22900,1.74000
919,5.59400,1.23200,1.98000
920,4.13700,1.22700,1.34400
921,4.82900,1.22800,2.18000
922,3.74000,1.38500,1.50800
923,4.74300,1.23300,1.70400
924,3.66500,1.23000,1.33900
925,5.18100,1.23200,1.68400
926,4.81100,1.41200,1.35600
927,4.93200,1.23200,1.75600
928,4.50100,1.23100,1.94700
929,3.77700,1.23300,1.55900
930,5.06800,1.23200,1.83800
931,3.96200,1.23400,1.36000
932,4.94400,1.23200,2.04100
933,3.86200,1.23700,1.54700
934,4.90100,1.23500,1.68900
935,3.91600,1.23600,1.33700
936,6.30300,1.23100,1.77800
937,6.00400,1.41700,1.88900
938,4.71200,1.23800,2.07400
939,5.11700,1.24100,2.14100
940,3.84000,1.24500,1.63400
941,4.72400,1.23500,1.73800
942,4.02900,1.23900,1.36300
943,4.74800,1.23700,1.69800
944,4.44000,1.23200,1.35000
945,4.37900,1.24100,1.66300
946,4.40700,1.23900,1.68300
947,3.67600,1.23600,1.28000
948,5.30000,1.23600,1.75200
949,4.19500,1.23800,1.39000
950,6.52900,1.23900,2.43000
951,4.14100,1.23200,1.58100
952,4.96000,1.42400,2.55400
953,3.92600,1.23800,1.48600
954,4.94200,1.23600,1.94700
955,4.45500,1.24200,1.76300
956,4.03600,1.24300,1.40900
957,4.69800,1.25000,1.66400
958,3.75500,1.24200,1.36200
959,5.56400,1.24500,1.72300
960,3.95700,1.24600,1.39000
961,5.01000,1.24500,2.06400
962,4.68100,1.41200,1.54000
963,4.83800,1.26100,1.82600
964,4.57700,1.24900,1.85400
965,3.73300,1.24300,1.43000
966,5.82400,1.24800,1.98800
967,4.30100,1.24400,1.45700
968,5.34900,1.24800,2.34600
969,4.79900,1.43300,1.51300
970,5.19200,1.24300,1.85600
971,4.36800,1.25500,1.71000
972,4.90900,1.24800,1.93900
973,7.12800,1.25200,2.61300
974,5.04600,1.26200,1.62400
975,5.35500,1.25500,2.51700
976,4.15400,1.25600,1.89100
977,4.57600,1.43100,2.12200
978,3.86100,1.26400,1.50000
979,5.53100,1.26700,1.73800
980,4.94400,1.27300,1.75200
981,3.94200,1.26500,1.67000
982,5.02600,1.26100,1.91800
983,3.97600,1.26800,1.54300
984,5.26400,1.26800,1.87700
985,5.11800,1.26900,1.56500
986,5.39100,1.44100,2.01700
987,4.89400,1.26400,2.32000
988,4.49600,1.27000,1.74100
989,5.43500,1.27100,1.89900
990,4.65900,1.26800,1.60100
991,4.98700,1.47300,1.95800
992,4.46100,1.27200,1.74300
993,5.09500,1.27200,1.76800
994,5.46100,1.27100,2.09800
995,4.79600,1.27500,1.76200
996,5.60700,1.44100,1.95800
997,4.81800,1.27600,1.82700
998,6.10100,1.28100,2.16400
999,6.14600,1.28200,2.17700
1000,4.76700,1.28300,2.05200
1001,5.59200,1.29100,2.22900
1002,4.99400,1.28600,2.02700
1003,4.41600,1.29000,1.95300
1004,5.34700,1.29000,1.88400
1005,5.64900,1.30100,1.87900
1006,6.43400,1.29700,2.09000
1007,5.24300,1.30700,2.49200
1008,4.09200,1.29900,1.94700
1009,5.59100,1.30500,2.06700
1010,5.18200,1.30800,1.82300
1011,4.44300,1.30200,1.82100
1012,5.39000,1.31100,2.06300
1013,4.61600,1.30900,1.83800
1014,5.93000,1.31700,2.24200
1015,6.63500,1.31300,2.11800
1016,5.24200,1.31200,2.06500
1017,5.98900,1.31800,2.87400
1018,5.93500,1.51200,2.38800
1019,5.04500,1.31400,2.01800
1020,6.11400,1.31900,2.40000
1021,5.37000,1.49700,2.31900
1022,4.68000,1.32600,2.27600
1023,6.61700,1.32300,2.34900
1024,7.35900,1.32200,2.31500
1025,7.14100,1.32800,2.69700
1026,5.97000,1.33700,2.90200
1027,4.74800,1.33200,2.89100
1028,6.81200,1.34200,2.42500
1029,6.18800,1.33600,2.22100
1030,5.88100,1.33600,2.45400
1031,4.96300,1.34200,2.33800
1032,5.86800,1.52000,2.38000
1033,7.44100,1.34700,2.41800
1034,6.04900,1.35000,2.45100
1035,5.02900,1.35600,3.09400
1036,6.73500,1.52600,2.53000
1037,6.06500,1.36400,2.32500
1038,5.55900,1.35700,2.55200
1039,4.58600,1.36200,2.33900
1040,5.68700,1.36600,2.33500
1041,6.45800,1.36600,2.23200
1042,7.06900,1.54400,2.43000
1043,5.72500,1.38900,2.45600
1044,6.11800,1.37400,2.80200
1045,6.03000,1.38100,2.52400
1046,5.81600,1.61200,2.51400
1047,4.85200,1.38000,2.23900
1048,5.65700,1.38600,2.44200
1049,6.46700,1.54000,2.29900
1050,6.99500,1.38600,2.35500
1051,5.98700,1.38400,2.46400
1052,6.48100,1.38600,2.85100
1053,6.80500,1.55500,2.84700
1054,6.87000,1.39300,2.88400
1055,4.98100,1.40800,2.38400
1056,6.22700,1.39500,2.68500
1057,6.53200,1.40000,2.32900
1058,6.85500,1.39700,2.44800
1059,6.66800,1.41000,2.62500
1060,6.44400,1.41600,2.83600
1061,6.16600,1.41000,3.08400
1062,6.15200,1.57600,2.74400
1063,5.12700,1.41500,2.25000
1064,6.80800,1.41600,2.63300
1065,6.94400,1.63500,2.41000
1066,9.27700,1.42300,3.07700
1067,7.56900,1.42800,2.61600
1068,7.38300,1.43600,4.64100
1069,6.26500,1.44300,3.49500
1070,6.21100,1.43200,2.92600
1071,6.95000,1.43200,2.68500
1072,5.97100,1.43400,2.40400
1073,6.75000,1.61200,2.87700
1074,7.18400,1.44500,2.72100
1075,7.68400,1.44500,3.00500
1076,5.55100,1.45000,2.66200
1077,6.66800,1.44200,3.19800
1078,7.01300,1.61300,2.91000
1079,6.34800,1.43900,2.93400
1080,6.81100,1.44800,2.81000
1081,5.94700,1.44800,2.34500
1082,7.41800,1.45300,2.91300
1083,7.09400,1.44500,2.94300
1084,6.69700,1.44900,3.26800
1085,5.49400,1.45400,2.77300
1086,6.78600,1.45400,2.89400
1087,6.38600,1.45200,2.60100
1088,6.18200,1.61700,2.87100
1089,7.64600,1.45800,2.79200
1090,6.80700,1.45900,2.40300
1091,9.98300,1.45200,3.26200
1092,9.22700,1.44700,3.29700
1093,7.43300,1.45200,4.37300
1094,6.32000,1.45800,3.87600
1095,6.42200,1.45700,3.06900
1096,6.49700,1.45700,2.63500
1097,7.44700,1.64300,2.86300
1098,7.48300,1.46100,2.86200
1099,7.99000,1.46800,3.30100
1100,5.20600,1.45500,3.06700
1101,6.24600,1.46800,3.12600
1102,6.28300,1.50900,2.50600
1103,6.16900,1.45400,2.50500
1104,5.83700,1.45500,2.62600
1105,6.65400,1.46100,2.55000
1106,7.47900,1.65600,2.57700
1107,6.82800,1.46300,2.71700
1108,6.70400,1.46100,3.26000
1109,5.89300,1.46900,2.74900
1110,6.52900,1.45800,2.83900
1111,6.51700,1.95200,2.80900
1112,6.16000,1.45800,2.79100
1113,6.90700,1.46900,2.67100
1114,8.14100,1.45900,2.62500
1115,7.16900,1.46700,3.00700
1116,6.54700,1.45900,3.43300
1117,6.35700,1.65700,3.01800
1118,5.63900,1.45400,2.48400
1119,6.31100,1.46300,2.63900
1120,7.35900,1.46200,2.68200
1121,8.00500,1.63200,2.77600
1122,6.58000,1.46300,3.03200
1123,6.18000,1.46500,3.58300
1124,6.46100,1.46600,3.32300
1125,6.62700,1.45800,2.56300
1126,6.30800,1.46300,2.56200
1127,5.53900,1.71200,2.52600
1128,6.82600,1.47300,2.78600
1129,8.62100,1.46300,2.63000
1130,7.19200,1.46500,2.96200
1131,6.97300,1.46500,3.72000
1132,5.62500,1.65600,2.90700
1133,6.20700,1.47300,2.81700
1134,6.24000,1.46900,2.69000
1135,6.52400,1.46600,2.58300
1136,6.90700,1.47600,2.46500
1137,8.23800,1.47400,2.91600
1138,7.26300,1.47800,3.01700
1139,6.66500,1.47100,3.37300
1140,6.30200,1.46400,2.94900
1141,6.04900,1.45900,2.62600
1142,6.52100,1.46600,2.70700
1143,6.96600,1.46100,2.94400
1144,7.95700,1.46900,2.84200
1145,7.36700,1.47200,3.09100
1146,5.72800,1.46200,3.37600
1147,7.25500,1.46900,3.26800
1148,8.00000,1.63600,2.90200
1149,7.07500,1.47000,3.05700
1150,6.93400,1.46400,3.06300
1151,7.22700,1.46800,3.01300
1152,7.61700,1.46300,2.57300
1153,8.02600,1.47000,2.90400
1154,7.28700,1.47200,3.51900
1155,6.33200,1.46200,3.36700
1156,6.09000,1.47200,3.00500
1157,6.30900,1.47500,2.60200
1158,5.66200,1.46600,2.27500
1159,7.42500,1.46000,2.74800
1160,6.84100,1.64500,2.82800
1161,7.71700,1.47400,3.10600
1162,6.66400,1.47300,2.79100
1163,7.46200,1.48000,3.72800
1164,8.70100,1.48000,2.67800
1165,9.92400,1.46700,2.87700
1166,10.69500,1.46800,4.12800
1167,7.62300,1.47200,3.90900
1168,6.82500,1.48000,4.03500
1169,7.07300,1.48100,3.13700
1170,6.50400,1.47000,2.78900
1171,7.10400,1.47500,2.88000
1172,6.19800,1.47300,2.63500
1173,6.82300,1.48000,2.85700
1174,8.43500,1.48000,2.71200
1175,7.60400,1.46800,3.16500
1176,6.46800,1.47200,3.69100
1177,5.32600,1.47600,3.19500
1178,7.25700,1.46800,2.77200
1179,6.50600,1.64600,2.53400
1180,6.62600,1.48000,3.03100
1181,5.85100,1.46900,2.51300
1182,7.97600,1.47700,2.88900
1183,6.95200,1.47200,2.75000
1184,6.75300,1.47500,3.46100
1185,6.55400,1.66800,2.97900
1186,5.19500,1.47100,2.47700
1187,6.30600,1.47200,2.61600
1188,6.22000,1.48100,2.35900
1189,7.17100,1.63300,2.76300
1190,6.10500,1.46500,2.31200
1191,6.01600,1.47300,2.83100
1192,7.14100,1.46700,2.82600
1193,6.36900,1.65500,2.50700
1194,6.34500,1.46400,2.97600
1195,5.19400,1.46400,2.34400
1196,12.05600,1.45700,2.72900
1197,9.56900,1.64600,2.84900
1198,7.51800,1.46300,4.30900
1199,6.98200,1.45900,3.16100
1200,5.74700,1.45900,2.81900
1201,6.56300,1.45300,2.88100
1202,6.35500,1.65500,2.75600
1203,6.42200,1.46300,2.56500
1204,5.67600,1.45500,2.44800
1205,5.94300,1.44900,2.36900
1206,6.39700,1.65400,2.37700
1207,6.11500,1.44400,2.76100
1208,6.00200,1.45100,2.62000
1209,4.89700,1.45000,2.20100
1210,5.92300,1.62700,2.43100
1211,5.83800,1.45000,2.28600
1212,6.07200,1.44700,2.53700
1213,7.65500,1.63100,2.56500
1214,6.17300,1.43700,2.27700
1215,7.34300,1.44700,3.45600
1216,6.76400,1.43600,2.87000
1217,5.95500,1.43800,2.63200
1218,4.74400,1.60500,2.26500
1219,5.62600,1.43400,2.31000
1220,6.37200,1.43500,2.18000
1221,6.12200,1.62600,2.33300
1222,7.28000,1.43200,2.65400
1223,5.97800,1.43400,2.23900
1224,5.63400,1.43900,2.69900
1225,5.61700,1.59600,2.64500
1226,4.41700,1.43600,1.97900
1227,5.30900,1.42700,2.34200
1228,5.31500,1.62000,1.99600
1229,4.89000,1.42500,1.86900
1230,6.81000,1.42200,2.26800
1231,7.19800,1.41900,2.37500
1232,6.00200,1.41900,2.70100
1233,5.32000,1.42200,2.91800
1234,6.20300,1.41600,2.25100
1235,6.10600,1.42000,2.41200
1236,6.13400,1.41700,2.06000
1237,9.44300,1.42000,2.74500
1238,6.87300,1.45600,2.78300
1239,5.41300,1.41100,3.18800
1240,5.34700,1.41400,2.05500
1241,6.26800,1.40500,2.13400
1242,6.07400,1.40800,2.63000
1243,4.42600,1.56700,2.12200
1244,5.70100,1.40000,2.22800
1245,5.27700,1.40200,2.01800
1246,4.14300,1.57200,1.85700
1247,5.71200,1.39300,2.11600
1248,5.72200,1.39800,1.92900
1249,5.49300,1.40100,2.21100
1250,5.50900,1.40000,2.10500
1251,5.24200,1.39600,2.01800
1252,4.23200,1.39200,2.07000
1253,4.93200,1.39300,2.02100
1254,4.97300,1.55800,1.82600
1255,4.06000,1.39000,1.56600
1256,4.97100,1.38300,1.81800
1257,3.90400,1.38500,1.61500
1258,4.86500,1.38600,1.89100
1259,5.02700,1.37800,1.53900
1260,5.84000,1.37900,1.94100
1261,5.74200,1.54800,2.45900
1262,4.50900,1.38000,1.90400
1263,5.37800,1.37700,2.22100
1264,4.34300,1.37300,1.69400
1265,6.21100,1.36900,2.18900
1266,5.96800,1.54700,1.98800
1267,4.74300,1.37400,2.27200
1268,5.36500,1.37600,2.40100
1269,4.37400,1.54100,1.71900
1270,5.41800,1.37100,1.92100
1271,5.13900,1.37000,1.57400
1272,5.23900,1.37100,2.01400
1273,6.05200,1.37000,2.22800
1274,4.41700,1.53600,1.58900
1275,5.51700,1.36800,2.05700
1276,4.90500,1.36600,1.70400
1277,5.40700,1.53500,1.89100
1278,4.74700,1.36900,2.00500
1279,4.04000,1.36200,1.75800
1280,5.24100,1.36500,1.79200
1281,4.31600,1.36400,1.51500
1282,5.85900,1.55300,2.01600
1283,5.68400,1.44000,1.92800
1284,4.00200,1.36700,1.84700
1285,4.59100,1.35800,1.93700
1286,3.89900,1.36600,1.43000
1287,4.62500,1.36600,1.65300
1288,4.35300,1.36200,1.63000
1289,4.46900,1.36300,1.67200
1290,4.87000,1.36300,1.82500
1291,3.99500,1.64300,1.49300
1292,5.13900,1.36000,1.76200
1293,4.71100,1.35700,1.58700
1294,4.63100,1.36400,1.87500
1295,4.73400,1.36100,1.87100
1296,3.79000,1.35900,1.41200
1297,5.02000,1.35700,1.76900
1298,3.92700,1.35700,1.36300
1299,4.83500,1.35800,2.07700
1300,4.08600,1.35600,1.48800
1301,4.73500,1.35900,1.75600
1302,4.78700,1.54200,1.73100
1303,4.03700,1.36200,1.46300
1304,5.50100,1.36700,1.81400
1305,4.36800,1.36300,1.61200
1306,5.57400,1.36000,2.40000
1307,3.84100,1.36500,1.61100
1308,4.52800,1.36300,1.95000
1309,3.67200,1.36500,1.40300
1310,4.40900,1.36000,1.63100
1311,3.37000,1.36200,1.30500
1312,4.12200,1.36300,1.57700
1313,3.42000,1.35900,1.22900
1314,4.91000,1.35800,1.58800
1315,3.69500,1.35900,1.28400
1316,5.34800,1.36400,2.04100
1317,4.43600,1.36000,1.38600
1318,5.54700,1.36400,2.10000
1319,4.17900,1.36000,1.75500
1320,5.50200,1.36100,2.02000
1321,4.49500,1.53000,1.49100
1322,4.78300,1.35800,1.99300
1323,3.92900,1.36200,1.80400
1324,4.77500,1.35900,1.77800
1325,3.79700,1.36500,1.44100
1326,4.62200,1.36200,1.69700
1327,4.13000,1.36800,1.41400
1328,5.28100,1.36400,1.75200
1329,5.01900,1.37200,1.76300
1330,3.71300,1.53500,1.59300
1331,4.79000,1.37000,1.87200
1332,3.85400,1.37300,1.38400
1333,4.29300,1.36800,1.73700
1334,3.95900,1.37800,1.35300
1335,4.28900,1.37100,1.60300
1336,3.40300,1.37300,1.24700
1337,4.40300,1.36700,1.61500
1338,3.99200,1.53200,1.32600
1339,5.18800,1.37200,1.71900
1340,4.92200,1.37900,1.70800
1341,5.22000,1.37600,1.95200
1342,4.21900,1.37800,1.78500
1343,5.32100,1.39100,2.18200
1344,5.14400,1.38800,1.90000
1345,4.01900,1.41100,1.52700
1346,4.83600,1.37600,1.82900
1347,4.02800,1.37000,1.47700
1348,5.22100,1.37100,1.93100
1349,4.02000,1.37300,1.55300
1350,5.15800,1.37700,1.89600
1351,5.46800,1.37500,1.63700
1352,5.68800,1.54500,1.94900
1353,3.96600,1.38400,2.27200
1354,4.51300,1.38000,1.78500
1355,4.38500,1.37800,1.70000
1356,3.59300,1.37100,1.50200
1357,4.40300,1.37300,1.63700
1358,4.09500,1.37500,1.36900
1359,4.72800,1.38500,1.70500
1360,3.95400,1.38200,1.80900
1361,5.37300,1.37900,1.79900
1362,4.96300,1.38000,1.56300
1363,5.35900,1.55700,2.00300
1364,4.31400,1.38100,1.96700
1365,4.79700,1.38400,1.92900
1366,4.59300,1.38000,1.84000
1367,3.85600,1.38400,1.52300
1368,4.65400,1.38200,1.75800
1369,3.73500,1.38300,1.58500
1370,4.44100,1.38300,1.70800
1371,3.76900,1.38300,1.42500
1372,5.46500,1.37800,1.72200
1373,4.94000,1.38900,1.50700
1374,5.96500,1.56300,2.15800
1375,4.46300,1.38800,1.90000
1376,4.97000,1.38300,2.25100
1377,6.33300,1.38700,2.33400
1378,4.37000,1.38400,1.56900
1379,4.87100,1.38900,2.44000
1380,3.91200,1.38300,1.61600
1381,4.94400,1.38800,1.99400
1382,3.87800,1.38600,1.51700
1383,4.67500,1.38000,1.81400
1384,4.43900,1.38800,1.46800
1385,5.81800,1.39100,1.90900
1386,5.31500,1.39000,1.93900
1387,4.28600,1.38700,1.79500
1388,5.02300,1.38000,1.89200
1389,3.95200,1.38300,1.70000
1390,5.11500,1.38100,1.93600
1391,4.59400,1.38000,1.58700
1392,4.91500,1.38300,1.90400
1393,4.88100,1.54500,2.11100
1394,4.40300,1.38700,1.55800
1395,5.57500,1.38500,1.89300
1396,4.54600,1.38500,1.84800
1397,6.52900,1.38700,2.22000
1398,7.22100,1.38300,2.21700
1399,6.72800,1.38200,2.76300
1400,4.25300,1.38100,2.24100
1401,4.98300,1.37400,2.34100
1402,4.91500,1.37300,1.88400
1403,4.19100,1.37400,1.59700
1404,4.90600,1.53700,1.78800
1405,5.05800,1.38400,1.84600
1406,5.46900,1.38300,1.66900
1407,5.31700,1.38300,1.96600
1408,5.53900,1.38500,2.77900
1409,4.22200,1.55500,1.68000
1410,4.83600,1.38200,1.88900
1411,4.68500,1.38400,1.79700
1412,4.19900,1.37700,1.66400
1413,5.22500,1.37800,1.85400
1414,3.93600,1.38300,1.59500
1415,5.20800,1.38900,1.93800
1416,5.02100,1.55000,1.76200
1417,5.30100,1.38400,1.88100
1418,6.61500,1.39200,1.93700
1419,5.33400,1.38900,2.25500
1420,4.15400,1.39200,2.55900
1421,5.29500,1.38500,2.14400
1422,4.03700,1.38300,1.58200
1423,4.82700,1.38300,2.09800
1424,4.70100,1.39000,1.56500
1425,7.72800,1.38800,2.13900
1426,5.73100,1.54400,1.84000
1427,5.91100,1.39200,2.48400
1428,6.11300,1.39800,2.17200
1429,5.12800,1.38900,2.16600
1430,5.65500,1.56100,2.25900
1431,5.08200,1.38500,2.10300
1432,4.34300,1.39100,1.94200
1433,4.85000,1.57600,1.85400
1434,4.11200,1.38800,1.60700
1435,5.04900,1.38600,1.83200
1436,5.90700,1.38300,1.88800
1437,4.90900,1.39400,1.75600
1438,5.79200,1.38700,2.22400
1439,4.60900,1.38400,1.94500
1440,5.42700,1.38800,2.24000
1441,4.89500,1.38200,1.93500
1442,4.28100,1.38100,1.72000
1443,4.64600,1.53700,1.83200
1444,3.89700,1.38800,1.56600
1445,5.00200,1.38800,1.74900
1446,5.22600,1.38800,1.78500
1447,4.95300,1.38400,1.75400
1448,6.22700,1.39100,2.07500
1449,4.75300,1.38800,1.99700
1450,5.02100,1.55900,2.42800
1451,5.34100,1.39100,2.12900
1452,4.23500,1.38500,1.61300
1453,4.42500,1.39100,1.93800
1454,3.71400,1.39100,1.52600
1455,4.61300,1.53900,1.64100
1456,4.12900,1.39300,1.46200
1457,5.42000,1.39100,1.77800
1458,6.72900,1.38900,2.03800
1459,5.00500,1.57400,1.87700
1460,6.02800,1.38600,2.34200
1461,4.95800,1.39900,2.00700
1462,5.57000,1.39700,2.27400
1463,4.72800,1.38700,2.01600
1464,5.21800,1.38500,1.83500
1465,5.58800,1.57100,1.80400
1466,4.79900,1.38800,2.39900
1467,5.66200,1.38700,2.33400
1468,6.20500,1.39200,2.02800
1469,5.72500,1.38500,1.95000
1470,6.05000,1.38900,2.33800
1471,5.61900,1.54200,2.73900
1472,4.39500,1.38400,1.83600
1473,5.48300,1.38800,1.98700
1474,4.92600,1.54400,1.98100
1475,5.48800,1.38900,1.95000
1476,6.52700,1.38600,1.97100
1477,6.03100,1.64300,2.28100
1478,5.90000,1.38700,2.31600
1479,6.08600,1.38800,2.18300
1480,5.29900,1.55400,2.59200
1481,4.82400,1.38000,2.07800
1482,5.25600,1.39700,2.08600
1483,5.30200,1.38400,1.97000
1484,5.29400,1.38000,1.84300
1485,5.51700,1.38700,1.98100
1486,5.32900,1.38900,2.51600
1487,5.19000,1.38300,1.97500
1488,6.13600,1.38300,2.02700
1489,5.60100,1.38400,2.30000
1490,4.31600,1.38600,1.93500
1491,4.98700,1.38600,2.11600
1492,5.78600,1.38200,1.89000
1493,5.00600,1.39200,1.74600
1494,5.13000,1.56200,2.21500
1495,5.20000,1.38700,2.18000
1496,4.70900,1.38400,1.77800
1497,5.78600,1.38800,2.02100
1498,6.77900,1.38400,2.21300
1499,4.71800,1.39900,1.87700
1500,5.81500,1.55900,2.58400
1501,6.11300,1.38500,2.09400
1502,4.86400,1.39000,1.75500
1503,5.71400,1.55400,2.41200
1504,6.15600,1.38400,2.13300
1505,4.79100,1.38300,1.94600
1506,5.58600,1.56900,2.32600
1507,5.70900,1.38300,2.14600
1508,5.04200,1.38300,1.96900
1509,5.35000,1.38300,2.15700
1510,5.12300,1.38600,2.19000
1511,4.13000,1.38700,1.75200
1512,5.00300,1.38300,1.94400
1513,4.96200,1.38300,1.72800
1514,5.26700,1.38700,2.04000
1515,5.20800,1.38300,2.18600
1516,5.21100,1.51900,1.76800
1517,6.38700,1.38200,2.13300
1518,6.46800,1.38500,2.25500
1519,4.87600,1.55800,2.33300
1520,5.37500,1.38500,2.54700
1521,5.55400,1.38600,2.12100
1522,4.77900,1.54800,1.80000
1523,5.10300,1.38800,2.27500
1524,4.58800,1.39000,1.91600
1525,5.29700,1.56800,2.00600
1526,5.65700,1.38900,2.15700
1527,6.26600,1.39200,1.85200
1528,5.61800,1.39800,2.23700
1529,5.63200,1.39600,3.06100
1530,4.69900,1.38700,1.88800
1531,5.42000,1.55700,2.05300
1532,5.71800,1.38700,2.24600
1533,4.89800,1.39100,1.85800
1534,5.60500,1.38400,2.29700
1535,5.64100,1.39700,2.36100
1536,5.59700,1.61300,1.94300
1537,6.08000,1.39000,2.25600
1538,6.43500,1.39500,2.50100
1539,5.75300,1.39800,2.14500
1540,6.17200,1.40200,2.39600
1541,5.85700,1.39300,2.27000
1542,4.51700,1.39600,2.40100
1543,5.30800,1.55800,2.16100
1544,6.13100,1.39000,2.07500
1545,6.06300,1.39500,1.91800
1546,6.71200,1.56400,2.38500
1547,5.74300,1.39700,2.74400
1548,4.74800,1.39100,2.60600
1549,5.73700,1.38600,2.31700
1550,5.71100,1.38800,2.17200
1551,4.72100,1.39000,2.03600
1552,5.86400,1.39400,2.14100
1553,5.51300,1.38800,2.13900
1554,4.85300,1.38600,2.04200
1555,7.06300,1.58700,2.16000
1556,6.91600,1.38800,2.23300
1557,5.20000,1.39500,2.55000
1558,6.44300,1.38700,2.87000
1559,5.92100,1.39300,2.21100
1560,4.79300,1.38300,2.16100
1561,5.75000,1.39100,2.16200
1562,5.34900,1.55700,2.11400
1563,5.26600,1.38300,2.09500
1564,6.24500,1.38300,2.09900
1565,7.05000,1.56200,2.48700
1566,7.26200,1.38800,2.51000
1567,4.96800,1.39000,2.71200
1568,6.30200,1.38900,2.68900
1569,5.98400,1.56000,2.19800
1570,6.58800,1.38500,2.24800
1571,5.20100,1.38100,2.13000
1572,6.20200,1.38900,3.11900
1573,7.22200,1.55000,2.44400
1574,6.89000,1.38400,2.41500
1575,5.70700,1.37500,2.94400
1576,5.44800,1.38300,2.81300
1577,5.46600,1.56800,2.35200
1578,5.90200,1.37400,2.09800
1579,4.46800,1.37400,2.22800
1580,5.46700,1.54400,2.26800
1581,5.91600,1.37200,2.07200
1582,6.23300,1.37700,1.94200
1583,6.52500,1.55200,2.53700
1584,6.91300,1.37600,2.84100
1585,6.36700,1.37600,2.71000
1586,5.06600,1.37400,2.21100
1587,5.76400,1.41800,2.34700
1588,5.45600,1.37500,2.19900
1589,5.58900,1.37300,2.33800
1590,4.82100,1.53600,1.96000
1591,7.01700,1.37000,2.43200
1592,5.93000,1.36700,2.20300
1593,4.81700,1.54800,2.25200
1594,6.16400,1.36600,2.30900
1595,6.79700,1.37600,2.21000
1596,6.42700,1.37000,2.47300
1597,5.12700,1.53900,2.64800
1598,6.15500,1.36600,2.56200
1599,7.58200,1.37800,2.36700
1600,8.38700,1.56000,2.46400
1601,6.95900,1.37400,2.64100
1602,8.21900,1.37700,3.15100
1603,7.25600,1.37400,2.87100
1604,6.11500,1.36100,2.75800
1605,5.72900,1.36700,2.48800
1606,6.60500,1.35900,2.40300
1607,7.06800,1.36300,2.37600
1608,7.59700,1.53700,2.89300
1609,8.19900,1.37000,3.30500
1610,6.92100,1.36300,2.94700
1611,5.78400,1.36300,3.20900
1612,5.53500,1.35500,2.60300
1613,5.94600,1.36200,2.23400
1614,5.50400,1.36100,2.56700
1615,6.70500,1.35900,2.34200
1616,6.16800,1.35900,2.13900
1617,6.46200,1.51100,2.76300
1618,5.39800,1.36400,2.26200
1619,5.40600,1.35800,2.53900
1620,5.11700,1.35500,2.31900
1621,4.45200,1.35000,1.87100
1622,5.00600,1.35800,2.02000
1623,5.24300,1.53800,2.01300
1624,4.36900,1.35900,1.75900
1625,5.30100,1.36300,2.00400
1626,4.36600,1.35900,1.82100
1627,5.05200,1.36400,2.06800
1628,5.40500,1.52500,1.93700
1629,4.43900,1.35900,1.75500
1630,4.99900,1.35300,2.25000
1631,4.45400,1.35100,1.97300
1632,5.25200,1.36100,2.00400
1633,4.25300,1.35900,1.82500
1634,5.42600,1.35700,2.24700
1635,5.67300,1.35500,1.96900
1636,4.38300,1.35400,2.16800
1637,5.53300,1.35900,2.54900
1638,5.06200,1.35400,1.80900
1639,5.09200,1.36200,1.99800
1640,4.84900,1.40000,2.04100
1641,4.50900,1.35300,1.81200
1642,5.44600,1.36000,2.04700
1643,4.27400,1.36300,1.85900
1644,5.16500,1.35600,2.08800
1645,4.75600,1.53000,1.77500
1646,4.92900,1.35500,2.04200
1647,4.96600,1.35200,2.05700
1648,4.87800,1.34600,1.77900
1649,5.18800,1.35900,1.99600
1650,4.26600,1.54700,2.06400
1651,5.85200,1.35000,2.04200
1652,6.11700,1.35200,2.18900
1653,4.71600,1.34900,2.19500
1654,6.66000,1.36300,2.40200
1655,6.35400,1.35500,1.95800
1656,6.47500,1.35600,2.97500
1657,6.87800,1.35900,2.91900
1658,5.23400,1.35500,2.50200
1659,8.91400,1.35500,2.71300
1660,8.05300,1.36700,2.50800
1661,6.91200,1.54400,3.62900
1662,6.33800,1.36900,2.90100
1663,5.69000,1.35300,2.87300
1664,5.76400,1.34400,2.68600
1665,5.96400,1.35300,2.22700
1666,6.12800,1.35400,2.68300
1667,5.49800,1.34600,2.31200
1668,5.48800,1.35100,2.19400
1669,4.75700,1.52000,1.95000
1670,5.67500,1.34700,2.21400
1671,5.72300,1.34700,2.14100
1672,5.59200,1.34700,2.37100
1673,4.67500,1.34200,2.01300
1674,5.66000,1.35000,2.16100
1675,5.16500,1.34300,2.13200
1676,4.54800,1.34600,2.08200
1677,5.27300,1.33600,1.99500
1678,4.58900,1.34200,1.92700
1679,5.36300,1.33500,2.10000
1680,6.04100,1.34300,2.13100
1681,4.83000,1.34500,1.85600
1682,5.56000,1.34200,2.35500
1683,5.51400,1.33700,2.05100
1684,5.87400,1.34500,2.18800
1685,5.58600,1.33800,2.37000
1686,4.71300,1.34000,2.12400
1687,5.23600,1.33500,2.17100
1688,4.40800,1.34300,1.86600
1689,5.57500,1.34000,2.16200
1690,6.30300,1.33800,2.10400
1691,4.78200,1.35400,1.98800
1692,6.01500,1.33800,2.51000
1693,5.44700,1.33600,1.96900
1694,5.50200,1.51500,2.55500
1695,6.91500,1.33800,2.56800
1696,5.21000,1.33800,1.97000
1697,6.07200,1.34400,2.53800
1698,6.75900,1.34200,2.36600
1699,4.75100,1.34800,2.17700
1700,5.96600,1.33600,2.90400
1701,6.17300,1.34400,2.20600
1702,4.74200,1.34500,2.23700
1703,6.00700,1.34100,2.49900
1704,5.57000,1.34300,2.14900
1705,4.90400,1.33700,2.19300
1706,5.77400,1.34300,2.16700
1707,5.66700,1.34300,2.18200
1708,4.86500,1.34500,2.04200
1709,6.21300,1.33600,2.32400
1710,6.38000,1.34400,2.13800
1711,5.26200,1.33900,2.32400
1712,6.38100,1.34500,2.47000
1713,6.13100,1.50100,2.48700
1714,5.32400,1.34400,2.24800
1715,5.97700,1.33400,2.43300
1716,6.99900,1.34000,2.76600
1717,6.88100,1.33900,2.53600
1718,6.96100,1.34100,2.47900
1719,6.80000,1.34800,2.92800
1720,5.93100,1.34300,2.92500
1721,6.98300,1.33600,2.75500
1722,7.21500,1.34100,2.53700
1723,6.47900,1.33900,2.78400
1724,5.00900,1.33700,2.49800
1725,5.93000,1.33900,2.52100
1726,6.86800,1.33500,2.30600
1727,6.24100,1.34400,2.27300
1728,6.45200,1.34500,2.93100
1729,5.46500,1.33700,2.12800
1730,5.92500,1.51600,2.68900
1731,6.95800,1.33800,2.45900
1732,6.08900,1.34200,2.31400
1733,5.92300,1.33700,2.62300
1734,5.63700,1.33400,2.24600
1735,5.99300,1.34100,2.33000
1736,6.39800,1.33800,2.71200
1737,5.92400,1.34200,2.49800
1738,5.12800,1.33800,2.33600
1739,6.32600,1.34400,2.41100
1740,6.36200,1.49800,2.27000
1741,5.91000,1.34000,2.51200
1742,5.11400,1.33600,2.31000
1743,5.99900,1.33800,2.47700
1744,5.52300,1.53400,2.31100
1745,4.64400,1.33500,2.09900
1746,5.95400,1.33700,2.21400
1747,6.87500,1.34100,2.30500
1748,5.75300,1.34500,2.24000
1749,6.62000,1.34400,2.76900
1750,6.77900,1.34000,2.67000
1751,6.58300,1.33700,2.82600
1752,5.25500,1.33900,2.45300
1753,6.35600,1.34500,2.65300
1754,7.09800,1.33600,2.43500
1755,5.38300,1.33800,2.38200
1756,6.45700,1.33700,2.86900
1757,6.32900,1.33700,2.62700
1758,4.94700,1.34600,2.34600
1759,6.46400,1.52800,2.51400
1760,6.18200,1.33500,2.22800
1761,6.11900,1.34000,2.81300
1762,5.14800,1.34200,2.01400
1763,5.56100,1.34100,2.37700
1764,5.61700,1.34100,2.40300
1765,4.84000,1.50200,1.97000
1766,5.59600,1.33500,2.40400
1767,5.84600,1.34400,2.19900
1768,5.18600,1.57000,1.96900
1769,5.64200,1.33600,2.50400
1770,5.95300,1.33800,2.29700
1771,5.67200,1.51000,2.24600
1772,4.76900,1.34100,2.14700
1773,6.60100,1.34000,2.36700
1774,7.32200,1.49000,2.43600
1775,6.42200,1.34300,2.27000
1776,6.32300,1.34400,2.86800
1777,6.00700,1.34400,3.11700
1778,6.45500,1.34100,2.23800
1779,6.62800,1.34500,2.34200
1780,6.58700,1.34000,2.63900
1781,10.11800,1.34200,3.15000
1782,7.14300,1.34000,2.36200
1783,6.67100,1.34300,4.15300
1784,7.09600,1.34500,3.17500
1785,6.11900,1.34400,2.54100
1786,5.93700,1.44100,2.85600
1787,5.00800,1.34300,2.10300
1788,5.93000,1.34100,2.45100
1789,6.32100,1.51100,2.29900
1790,6.03400,1.33700,2.39300
1791,5.13600,1.33700,2.58500
1792,6.96500,1.33900,2.28600
1793,5.65900,1.34400,2.42300
1794,6.08200,1.34200,2.62900
1795,6.07200,1.34300,2.33100
1796,4.79400,1.54500,2.22600
1797,6.74700,1.34100,2.60600
1798,6.14400,1.34100,2.26400
1799,6.27300,1.33600,2.49500
1800,5.00600,1.34500,2.27300
1801,5.80000,1.33900,2.35300
1802,5.77200,1.34800,2.24100
1803,6.02600,1.54200,2.33800
1804,4.84000,1.34800,2.12400
1805,6.05600,1.35000,2.39600
1806,5.71500,1.49300,2.21200
1807,4.85800,1.35300,2.15600
1808,5.78400,1.35200,2.30600
1809,5.55500,1.34700,2.19200
1810,4.84700,1.34800,2.12000
1811,5.59600,1.34400,2.29900
1812,5.47900,1.34900,2.31500
1813,5.06400,1.34900,2.04400
1814,5.88900,1.34700,2.28500
1815,5.53500,1.34600,2.51200
1816,4.97500,1.34600,1.98700
1817,6.23500,1.34700,2.47000
1818,6.62200,1.34100,2.22300
1819,5.52700,1.34300,2.18800
1820,5.85800,1.34600,2.18200
1821,5.90400,1.51600,2.67900
1822,4.68500,1.34400,2.03300
1823,5.52800,1.34700,2.33400
1824,6.52800,1.55500,2.31600
1825,4.66800,1.34400,1.99600
1826,5.72600,1.33900,2.80000
1827,7.10400,1.59600,2.44700
1828,4.80100,1.34500,2.04500
1829,5.86600,1.35300,2.63900
1830,6.15500,1.34500,2.15600
1831,4.77800,1.34200,2.23600
1832,5.77000,1.34000,2.51800
1833,5.79100,1.34400,2.23600
1834,4.74700,1.34400,2.03600
1835,5.98400,1.34900,2.44900
1836,5.70800,1.35600,2.24000
1837,4.59900,1.35200,2.13800
1838,6.58700,1.34600,2.39200
1839,5.97600,1.55200,2.20100
1840,5.01500,1.35100,2.49700
1841,5.87500,1.35100,2.52600
1842,5.54500,1.35200,2.23100
1843,4.88500,1.34800,2.06000
1844,5.83100,1.35000,2.23800
1845,6.19600,1.35200,2.15600
1846,4.72200,1.34600,2.17700
1847,5.75900,1.34200,2.44300
1848,6.15000,1.34700,2.31000
1849,5.05800,1.34700,2.21700
1850,6.22000,1.35400,2.61300
1851,6.56500,1.35500,2.31000
1852,4.93600,1.35700,2.46800
1853,5.68500,1.36000,2.67800
1854,5.87600,1.35100,2.20300
1855,5.38200,1.50800,1.91900
1856,6.62900,1.36100,2.66000
1857,6.04900,1.35400,2.32300
1858,4.57300,1.36400,2.06000
1859,5.61200,1.36500,2.49900
1860,6.71200,1.36900,2.25200
1861,5.06900,1.52600,1.98400
1862,6.24900,1.37000,2.80500
1863,6.11200,1.38000,2.30700
1864,5.50500,1.38200,2.18300
1865,7.26400,1.53800,2.59300
1866,5.64800,1.37600,2.44100
1867,5.94600,1.37300,2.96000
1868,5.37500,1.38200,1.97500
1869,5.72200,1.37400,2.34300
1870,5.67700,1.38400,2.64200
1871,5.11800,1.37500,2.07000
1872,5.50900,1.38300,2.28900
1873,6.19900,1.37500,2.46800
1874,5.02600,1.37900,1.95100
1875,5.37400,1.53600,2.48700
1876,6.01200,1.38000,2.36400
1877,5.17600,1.38500,1.92700
1878,5.79500,1.38200,2.38200
1879,5.92200,1.38300,2.56500
1880,5.20100,1.38200,1.94900
1881,5.98300,1.53400,2.54700
1882,5.70200,1.37800,2.45600
1883,5.22400,1.38700,2.13000
1884,6.20600,1.38100,2.49100
1885,5.50400,1.38000,2.45600
1886,4.96900,1.38400,2.08100
1887,5.83100,1.38800,2.22000
1888,6.42900,1.39200,2.43400
1889,6.06200,1.38400,2.31100
1890,4.80900,1.57400,2.11600
1891,6.50100,1.38700,2.33400
1892,6.82900,1.39200,2.29200
1893,4.97500,1.40100,2.25400
1894,6.84200,1.57600,3.21000
1895,6.96100,1.40300,2.30300
1896,4.95900,1.40000,2.42800
1897,5.95500,1.40500,2.81100
1898,5.70200,1.40900,2.36600
1899,5.55800,1.40100,2.53200
1900,4.98600,1.40200,1.95200
1901,5.52900,1.40100,2.26800
1902,5.56200,1.40500,2.39400
1903,4.89600,1.40300,1.92400
1904,5.54800,1.40400,2.40500
1905,5.73600,1.41300,2.35100
1906,5.63400,1.58400,1.92800
1907,6.56700,1.41400,2.41500
1908,6.68000,1.41200,2.76300
1909,5.59400,1.41200,2.34300
1910,6.52600,1.59200,2.76500
1911,8.15700,1.41800,2.79800
1912,6.66500,1.42200,2.59600
1913,5.65000,1.41700,2.90000
1914,8.25300,1.41600,2.59700
1915,8.67200,1.56600,3.03600
1916,6.59600,1.41500,3.15000
1917,5.91700,1.43700,2.88000
1918,4.81900,1.42700,2.20500
1919,5.88500,1.43200,2.42200
1920,5.80500,1.44000,2.19300
1921,5.99200,1.43500,2.39700
1922,4.88700,1.44600,2.18400
1923,5.50500,1.44600,2.34800
1924,5.32800,1.44300,2.29100
1925,5.62100,1.44700,2.24400
1926,4.64200,1.62700,1.85600
1927,5.09900,1.44700,2.33300
1928,5.91600,1.45400,2.24600
1929,5.75100,1.45700,2.11500
1930,5.01600,1.45700,2.14700
1931,6.16800,1.44700,2.41800
1932,5.51500,1.45500,2.38100
1933,4.67700,1.46400,2.05800
1934,6.01900,1.46100,2.37100
1935,5.46000,1.46400,2.23400
1936,4.72200,1.45800,2.12200
1937,6.14400,1.46600,2.38700
1938,5.35800,1.45400,2.28700
1939,4.51700,1.45900,2.07800
1940,5.57500,1.45400,2.15000
1941,4.52400,1.46400,1.90600
1942,5.59100,1.45800,2.21800
1943,5.84000,1.60100,2.18000
1944,5.07700,1.45200,1.96000
1945,5.97100,1.46000,2.35100
1946,6.07500,1.60000,2.38700
1947,4.99400,1.45500,2.11300
1948,6.30800,1.45200,2.52500
1949,7.38500,1.62900,2.64200
1950,4.97700,1.45900,2.09200
1951,5.75000,1.45400,3.25100
1952,5.50400,1.45700,1.99300
1953,5.83000,1.46300,2.43700
1954,6.65400,1.45700,2.45300
1955,5.46500,1.46400,2.11900
1956,6.88300,1.62500,2.67400
1957,6.69500,1.45800,2.56500
1958,4.88000,1.46400,2.60000
1959,5.81300,1.46400,2.76400
1960,5.51700,1.64200,2.22900
1961,4.71300,1.46200,2.08400
1962,5.48700,1.45800,2.22600
1963,5.62900,1.46500,2.23600
1964,4.97900,1.46300,1.89200
1965,5.69900,1.47000,2.24100
1966,5.97600,1.46100,2.50800
1967,5.00800,1.46200,1.97300
1968,5.82400,1.46900,2.34700
1969,5.64100,1.46700,2.33300
1970,5.13100,1.46700,2.07100
1971,5.29100,1.47300,2.24400
1972,5.29100,1.47100,2.56500
1973,4.95400,1.47100,1.89900
1974,5.33100,1.62200,2.17000
1975,5.74800,1.45900,2.42900
1976,5.04900,1.45900,1.88700
1977,5.52000,1.63300,2.39300
1978,5.63300,1.45300,2.48700
1979,5.41200,1.46300,1.94300
1980,5.40900,1.64500,2.27900
1981,5.80600,1.46600,2.67700
1982,4.97900,1.46300,1.90900
1983,5.43700,1.61100,2.49500
1984,5.87500,1.47400,2.43700
1985,4.93000,1.46800,1.91000
1986,5.18300,1.46700,2.49400
1987,5.21000,1.47700,2.15700
1988,4.97700,1.61700,1.75100
1989,5.17700,1.47600,2.18000
1990,4.34200,1.46200,2.00700
1991,5.56500,1.62500,2.12300
1992,5.59100,1.47000,2.08600
1993,4.91800,1.46400,2.04000
1994,6.41700,1.46500,2.32700
1995,6.57700,1.47100,2.49100
1996,4.78400,1.46600,2.07700
1997,5.63600,1.63900,2.49100
1998,5.53500,1.46400,2.16200
1999,4.60400,1.45500,1.88800
2000,5.72500,1.46700,2.28200
2001,6.38700,1.46200,2.17300
2002,4.83200,1.62900,2.04000
2003,5.57100,1.45300,2.66200
2004,5.49300,1.46400,2.39600
2005,5.07700,1.62300,1.86000
2006,5.49300,1.45300,2.24100
2007,4.61800,1.45700,2.40000
2008,5.82100,1.61900,2.13300
2009,8.85100,1.45000,2.44700
2010,5.07300,1.44800,2.23000
2011,5.97200,1.45800,3.49300
2012,5.95300,1.62000,2.42000
2013,4.75500,1.45900,2.11800
2014,5.49500,1.45100,2.41400
2015,5.32100,1.82100,2.26600
2016,4.70500,1.46100,1.96900
2017,5.46800,1.45900,2.16400
2018,5.96000,1.45800,2.26300
2019,5.16500,1.45900,1.84500
2020,5.45100,1.47000,2.38000
2021,6.05800,1.46600,2.36900
2022,4.53100,1.45900,1.90400
2023,5.11200,1.46000,2.05600
2024,7.35500,1.44900,2.33900
2025,5.08300,1.45500,1.80900
2026,5.87300,1.45000,2.79600
2027,6.86000,1.45400,2.48300
2028,5.03700,1.45600,2.04500
2029,5.74200,1.45100,2.58700
2030,6.19500,1.59700,2.23800
2031,4.53500,1.44200,1.92400
2032,5.47100,1.45100,2.48900
2033,5.49900,1.64200,2.13900
2034,4.62000,1.45400,1.97800
2035,5.51800,1.44900,2.19400
2036,5.67500,1.44800,2.19700
2037,4.95200,1.45100,2.03300
2038,5.36400,1.44400,2.25200
2039,5.34200,1.44000,2.32500
2040,4.61000,1.45000,1.86000
2041,5.49700,1.61700,2.12400
2042,5.90600,1.45100,2.18200
2043,5.16900,1.44900,2.04700
2044,5.43200,1.63800,2.51000
2045,5.61400,1.44400,2.37300
2046,5.30800,1.44200,1.91000
2047,6.35900,1.44900,2.27100
2048,6.35600,1.45000,2.41800
2049,5.28300,1.45200,2.12400
2050,5.53900,1.65000,2.62200
2051,5.48700,1.45100,2.37700
2052,5.08800,1.44700,1.96400
2053,7.09800,1.64500,2.38800
2054,5.80500,1.45000,2.39200
2055,4.92000,1.44600,2.30300
2056,4.93200,1.44900,2.23700
2057,5.27000,1.43400,2.17700
2058,4.85400,1.44700,1.69900
2059,5.05700,1.61800,2.09100
2060,5.58700,1.43600,2.28100
2061,5.48800,1.43400,1.78100
2062,5.38900,1.43400,2.41100
2063,5.70800,1.42900,2.54200
2064,5.09100,1.43400,1.87600
2065,5.32800,1.43000,2.45000
2066,5.71700,1.42900,2.27800
2067,5.46100,1.59300,1.95000
2068,5.38700,1.43200,2.28000
2069,5.51200,1.42700,2.44500
2070,4.63300,1.58400,1.84400
2071,5.20200,1.42500,2.27400
2072,4.38100,1.43100,1.82900
2073,5.78300,1.60500,2.11900
2074,5.31100,1.42400,2.07300
2075,4.33900,1.41500,1.99300
2076,5.51400,1.41500,2.17100
2077,5.32800,1.41800,2.11100
2078,4.34200,1.60800,1.90100
2079,6.10000,1.41500,2.19500
2080,5.63300,1.41800,2.07200
2081,4.76100,1.41100,2.21600
2082,6.08200,1.41200,2.42700
2083,4.49100,1.60700,1.77200
2084,5.55600,1.41200,2.34100
2085,5.63300,1.40900,2.15400
2086,4.61600,1.61100,1.85700
2087,5.63200,1.40500,2.31700
2088,5.53800,1.39700,2.18600
2089,4.64500,1.55600,1.87900
2090,5.74700,1.39400,2.25200
2091,5.38300,1.39200,2.12900
2092,4.60900,1.39700,2.18700
2093,5.85000,1.39600,2.14000
2094,4.68300,1.56300,1.87700
2095,5.57500,1.39400,2.41300
2096,5.96200,1.39700,2.18800
2097,4.47300,1.56300,1.93600
2098,5.83100,1.39300,2.46900
2099,9.03600,1.38900,2.54400
2100,5.34900,1.54600,2.08100
2101,6.33400,1.39500,3.92700
2102,6.08000,1.38500,2.42100
2103,5.01200,1.38500,2.38000
2104,7.54700,1.39100,2.77100
2105,6.75200,1.38300,2.34700
2106,5.19100,1.38800,2.74200
2107,6.46700,1.37700,2.92800
2108,6.28700,1.58200,2.31700
2109,7.36500,1.37900,2.83200
2110,5.12100,1.37600,2.18000
2111,6.91500,1.36700,3.01200
2112,6.01800,1.37400,2.23100
2113,5.55200,1.37200,2.67900
2114,5.13000,1.37000,2.04700
2115,5.81300,1.37600,2.22900
2116,5.36300,1.52700,2.22900
2117,5.17200,1.36800,2.04200
2118,5.83000,1.36500,2.16500
2119,5.61000,1.36300,2.20400
2120,6.11500,1.36100,2.35500
2121,4.71000,1.35300,1.89300
2122,5.35900,1.54300,2.27300
2123,5.49000,1.35000,2.16300
2124,4.40100,1.35400,1.77600
2125,4.85900,1.35300,2.23700
2126,5.51600,1.35400,2.02800
2127,5.27800,1.51300,1.92800
2128,4.38200,1.34500,1.91200
2129,6.02100,1.33600,2.24200
2130,6.11700,1.34000,2.08100
2131,4.65200,1.34200,2.06900
2132,5.66000,1.33000,2.59100
2133,4.33800,1.33600,1.81600
2134,5.52700,1.32500,2.16600
2135,5.84600,1.52600,2.04000
2136,4.60000,1.32900,1.89200
2137,6.31300,1.31900,2.40800
2138,6.97700,1.48000,2.38300
2139,5.63400,1.32300,2.22100
2140,6.03600,1.32000,2.61100
2141,5.86100,1.31500,2.44600
2142,5.34700,1.31100,2.18000
2143,6.20800,1.30900,2.27500
2144,5.75200,1.31800,2.41000
2145,5.70800,1.30700,2.19900
2146,6.48600,1.31000,2.22000
2147,6.36300,1.29900,2.82100
2148,5.33100,1.30400,2.34800
2149,6.10400,1.30100,2.57500
2150,7.47600,1.30100,2.26000
2151,6.22100,1.29900,2.27600
2152,7.13700,1.29400,3.01200
2153,8.08800,1.48300,2.88700
2154,6.99200,1.30000,2.89800
2155,6.76600,1.29400,2.88800
2156,4.48900,1.29800,2.31200
2157,5.87000,1.28400,2.68500
2158,6.85300,1.28700,2.26100
2159,6.05600,1.29600,2.39900
2160,5.41900,1.28900,2.74600
2161,6.20300,1.29500,2.31000
2162,6.17900,1.29200,2.38700
2163,7.16700,1.29100,2.36200
2164,6.57900,1.29400,2.45400
2165,6.04600,1.28700,2.44800
2166,6.34700,1.46000,2.40500
2167,6.50900,1.28900,2.65600
2168,6.43800,1.29100,2.50000
2169,5.47400,1.27800,2.43400
2170,7.37400,1.47800,2.72900
2171,7.14600,1.29500,2.50700
2172,6.63300,1.29200,2.97400
2173,6.37100,1.29900,2.86500
2174,6.71800,1.29000,2.34500
2175,6.66100,1.46100,2.37800
2176,7.37800,1.28900,2.97100
2177,9.92600,1.28500,2.99800
2178,7.12700,1.28300,2.69700
2179,6.94700,1.28600,3.86200
2180,6.14100,1.28200,2.76400
2181,9.09100,1.28300,3.26100
2182,6.50200,1.32200,2.28700
2183,6.19800,1.27800,3.52400
2184,6.29800,1.28100,2.37400
2185,6.50700,1.28000,2.25500
2186,6.21400,1.28400,2.34400
2187,7.46500,1.28400,2.51400
2188,6.66400,1.47500,2.57800
2189,6.24600,1.27800,3.06700
2190,5.79600,1.28700,2.18800
2191,4.79300,1.28900,2.17300
2192,6.00400,1.28200,2.08200
2193,5.93400,1.28300,2.06300
2194,5.71800,1.28400,2.29600
2195,6.00600,1.28500,2.17100
2196,4.73900,1.28200,2.07000
2197,5.39000,1.28800,2.44500
2198,5.85200,1.28600,2.17300
2199,4.80200,1.27700,1.99100
2200,5.59900,1.28500,2.12400
2201,5.46900,1.28400,2.03400
2202,4.45100,1.27800,1.97900
2203,5.52000,1.28400,2.06000
2204,5.59500,1.27900,1.95900
2205,4.32400,1.28200,1.91500
2206,5.09800,1.28000,2.02600
2207,4.58600,1.27100,1.83300
2208,5.21900,1.27900,1.98100
2209,5.38700,1.44700,2.10700
2210,4.99900,1.27500,1.86900
2211,5.38200,1.28000,2.05600
2212,4.27100,1.27500,2.03000
2213,5.52700,1.28300,2.08400
2214,5.09800,1.45200,1.90500
2215,4.22400,1.28100,1.96800
2216,5.96400,1.28100,2.14900
2217,4.20300,1.26900,1.66000
2218,5.03600,1.27300,2.28400
2219,5.37200,1.44200,1.82100
2220,4.31300,1.27400,1.73600
2221,4.85100,1.27200,2.16900
2222,4.34300,1.27300,1.70300
2223,5.80800,1.27300,1.89500
2224,4.97400,1.28100,1.91500
2225,4.20100,1.27800,1.95900
2226,5.23500,1.28100,1.86300
2227,4.14300,1.27900,1.66900
2228,5.24200,1.27300,1.96400
2229,5.09000,1.27600,1.64000
2230,6.41300,1.28200,2.03400
2231,6.56200,1.45200,2.18900
2232,5.50000,1.27500,2.03100
2233,5.58900,1.28000,2.58800
2234,5.24300,1.27900,2.10500
2235,5.61700,1.27500,2.06300
2236,5.78300,1.27700,2.38500
2237,4.83600,1.27700,1.87400
2238,6.19000,1.27400,2.24300
2239,4.76700,1.27800,1.75200
2240,5.92700,1.27500,2.47500
2241,6.21800,1.27600,2.11500
2242,4.98600,1.27600,2.03900
2243,5.72400,1.27600,2.42200
2244,5.44700,1.27400,2.01200
2245,5.63000,1.27500,2.04500
2246,7.70000,1.27500,2.25400
2247,6.24700,1.27200,2.72900
2248,5.75500,1.27800,3.04500
2249,4.97500,1.27200,1.89500
2250,6.82800,1.27700,2.06200
2251,5.88300,1.27400,2.11300
2252,4.71700,1.27300,2.42000
2253,5.56700,1.27100,2.28400
2254,4.98900,1.27100,1.86200
2255,4.75000,1.27200,1.71100
2256,6.98100,1.27300,2.04300
2257,5.72200,1.28400,2.15000
2258,5.99800,1.28000,2.59500
2259,5.08200,1.27700,1.92300
2260,6.17800,1.48000,2.19500
2261,6.06200,1.27200,2.48900
2262,4.53500,1.27300,1.92800
2263,5.04800,1.45600,2.18100
2264,6.35300,1.27700,2.14300
2265,5.28500,1.28600,1.74300
2266,6.00000,1.27600,2.53900
2267,6.04000,1.27800,2.10100
2268,5.54400,1.28000,2.33700
2269,4.67700,1.46600,1.92000
2270,6.46800,1.27700,2.16000
2271,7.50100,1.28400,2.20600
2272,8.86200,1.45100,2.18800
2273,6.44600,1.28700,2.71600
2274,6.89600,1.29200,3.70400
2275,5.54700,1.27800,2.19500
2276,4.50400,1.28100,2.16400
2277,5.57600,1.28300,1.95000
2278,5.13700,1.28100,1.89800
2279,4.60300,1.28000,1.76400
2280,5.62800,1.27900,1.95400
2281,5.16900,1.28100,1.99300
2282,4.63500,1.28300,1.91700
2283,5.76600,1.45100,1.92400
2284,5.14500,1.28200,2.05000
2285,5.55100,1.27800,2.06000
2286,4.30000,1.27200,1.71700
2287,5.01600,1.27900,2.00700
2288,4.85000,1.47200,1.77500
2289,4.87200,1.27800,1.61200
2290,5.63500,1.28600,2.03400
2291,4.35500,1.28300,1.86800
2292,5.69500,1.28200,2.04100
2293,5.45500,1.45400,1.87600
2294,4.54800,1.27900,1.88500
2295,5.33700,1.27900,2.06500
2296,4.96000,1.27900,1.89200
2297,4.19400,1.27800,1.75700
2298,4.81900,1.28200,1.80600
2299,4.14200,1.28200,1.65400
2300,5.09800,1.27600,1.78600
2301,4.58200,1.27600,1.60800
2302,5.60300,1.26700,2.01000
2303,6.05600,1.27700,2.06800
2304,4.47800,1.28000,1.86800
2305,5.43900,1.27700,2.01900
2306,4.06100,1.28400,1.62600
2307,5.02400,1.27800,2.12800
2308,5.16100,1.27700,1.72300
2309,4.02200,1.28000,1.61300
2310,5.04200,1.28200,1.74400
2311,5.41300,1.28700,1.74200
2312,6.04500,1.28000,1.99000
2313,4.98900,1.28000,2.40000
2314,5.93800,1.28500,2.28300
2315,5.38400,1.28700,2.20600
2316,4.66800,1.28500,1.75900
2317,6.17000,1.28000,2.06600
2318,5.40400,1.27900,1.79700
2319,6.23800,1.28100,2.12200
2320,5.77200,1.28600,2.52600
2321,4.91200,1.27400,2.27000
2322,6.74100,1.28800,2.34900
2323,4.64900,1.28800,1.81800
2324,4.79500,1.29000,2.79700
2325,4.58900,1.28400,1.82800
2326,3.84800,1.29500,1.55500
2327,4.79700,1.44100,1.60100
2328,7.23300,1.29400,1.64400
2329,6.97100,1.29100,1.83500
2330,6.17300,1.29100,3.07900
2331,5.76600,1.29500,2.27300
2332,4.95600,1.29400,2.00900
2333,7.95900,1.29400,2.15700
2334,7.61600,1.29300,2.21600
2335,7.28200,1.30100,2.90200
2336,6.16800,1.29500,2.31500
2337,4.72700,1.29300,2.79100
2338,5.96900,1.29000,2.26600
2339,6.04800,1.29500,2.06400
2340,5.43300,1.30000,2.14800
2341,4.96000,1.29800,1.81200
2342,5.58200,1.30100,2.04600
2343,5.65700,1.29400,2.13500
2344,5.55000,1.29800,2.11200
2345,4.15000,1.30100,1.78700
2346,5.73900,1.30100,2.04400
2347,5.22100,1.46900,1.88100
2348,4.20500,1.30100,1.85400
2349,5.29000,1.29700,1.91400
2350,6.16200,1.29700,1.89800
2351,4.57100,1.30500,1.78000
2352,5.17900,1.29900,2.55600
2353,4.65300,1.29500,1.76200
2354,5.03500,1.30500,1.95200
2355,5.10800,1.46900,1.85100
2356,4.39300,1.29300,1.64700
2357,5.36700,1.29100,1.86800
2358,4.28700,1.29500,1.61600
2359,5.33900,1.29200,2.17600
2360,4.95500,1.29600,1.82600
2361,3.98100,1.28800,1.77900
2362,5.40800,1.29400,1.86500
2363,4.19200,1.29600,1.55100
2364,5.67400,1.29500,2.01200
2365,4.15500,1.29500,1.60100
2366,5.14400,1.29800,2.60700
2367,5.31300,1.46200,1.79100
2368,4.38200,1.29800,1.69500
2369,6.11100,1.29700,2.09600
2370,4.98100,1.29000,1.70700
2371,5.16000,1.29600,2.51300
2372,5.60700,1.51000,1.99700
2373,4.17500,1.31000,1.66800
2374,4.75000,1.30500,2.02100
2375,3.91100,1.30400,1.53700
2376,4.68200,1.30200,1.78400
2377,3.85400,1.48000,1.50700
2378,5.07900,1.29800,1.82100
2379,3.85400,1.29800,1.48100
2380,4.60200,1.30800,1.93600
2381,4.73500,1.47200,1.68900
2382,4.41300,1.30100,1.49200
2383,5.11700,1.30600,1.75000
2384,4.77700,1.30900,1.64100
2385,5.79900,1.30200,2.04200
2386,4.26500,1.30200,1.84500
2387,5.31700,1.30400,2.20600
2388,5.17900,1.49400,1.60500
2389,6.63800,1.30900,2.08900
2390,6.66200,1.30400,2.46800
2391,5.15800,1.48600,2.66100
2392,5.44200,1.30200,2.28900
2393,4.64200,1.30600,2.01100
2394,5.64700,1.30700,2.11800
2395,4.42300,1.30700,1.67400
2396,6.48300,1.30600,2.33800
2397,5.53700,1.31400,2.00800
2398,4.14500,1.30900,1.83200
2399,6.11000,1.30500,2.15400
2400,5.90500,1.30900,1.87900
2401,4.56700,1.31000,1.84400
2402,5.75200,1.31000,2.27800
2403,5.83400,1.31100,2.01800
2404,6.16600,1.30400,1.95900
2405,6.78200,1.30400,2.42000
2406,5.51800,1.47400,2.61600
2407,4.03500,1.31000,2.09000
2408,5.84200,1.40600,2.19500
2409,5.77700,1.45500,1.76800
2410,4.27500,1.31200,1.90900
2411,5.01000,1.31000,2.23600
2412,4.45400,1.30300,1.74400
2413,4.04500,1.30600,1.58400
2414,5.08200,1.46800,1.70700
2415,5.02900,1.30900,1.83600
2416,3.86700,1.31300,1.53500
2417,5.29700,1.31200,1.90600
2418,4.99300,1.31100,1.56700
2419,5.22200,1.31300,2.06400
2420,5.28600,1.30700,2.12000
2421,4.36600,1.51000,1.66700
2422,5.34200,1.31700,2.01400
2423,5.29600,1.31600,1.81200
2424,4.28500,1.31200,1.89000
2425,6.40500,1.32000,2.36000
2426,5.92100,1.47800,1.88900
2427,4.69800,1.31400,1.88800
2428,4.77200,1.32100,2.05700
2429,4.07800,1.49400,1.63700
2430,5.40600,1.31400,1.90100
2431,5.65900,1.32200,1.85000
2432,4.40800,1.31700,1.69500
2433,5.93900,1.31600,2.12800
2434,5.06300,1.47200,1.86900
2435,4.27700,1.31900,1.85500
2436,6.36700,1.31500,2.24500
2437,4.47000,1.32400,1.64000
2438,5.37000,1.32500,2.65300
2439,6.23500,1.46900,2.04900
2440,4.64300,1.32200,1.76700
2441,5.72400,1.32200,2.18200
2442,6.00600,1.47600,1.99200
2443,4.77900,1.32000,1.83100
2444,6.30300,1.32400,2.30900
2445,6.00600,1.47600,1.91700
2446,5.69100,1.32400,2.51200
2447,6.19100,1.32900,2.71000
2448,5.16300,1.32400,1.84600
2449,5.44700,1.33200,2.46600
2450,6.15900,1.32600,2.22600
2451,5.15300,1.32600,1.68800
2452,5.74000,1.33300,2.20900
2453,6.03900,1.33300,2.37500
2454,5.68900,1.33600,1.76500
2455,6.82100,1.48700,2.55700
2456,5.12700,1.33800,2.17400
2457,6.80300,1.33700,2.52000
2458,7.75200,1.34100,2.65000
2459,6.97700,1.34700,2.38100
2460,6.72000,1.33900,3.00100
2461,5.63600,1.34200,2.02200
2462,6.80200,1.35000,2.28900
2463,6.74800,1.33700,2.48900
2464,6.27400,1.34700,2.61900
2465,6.14200,1.34300,2.24000
2466,6.83500,1.35200,2.21300
2467,6.69000,1.34300,2.56300
2468,5.95400,1.51700,2.49700
2469,6.04000,1.35100,2.23700
2470,4.77200,1.35200,1.95600
2471,6.33300,1.35000,2.41200
2472,6.38800,1.35600,2.20200
2473,6.38900,1.35400,2.40700
2474,5.33800,1.36800,2.29800
2475,6.25300,1.36300,2.25200
2476,6.54400,1.37200,2.53300
2477,7.30900,1.37600,2.39200
2478,6.76600,1.37500,2.69300
2479,6.06900,1.36000,2.34400
2480,7.31900,1.53200,2.85600
2481,7.03500,1.38200,2.75200
2482,5.84700,1.37900,2.53800
2483,4.70700,1.37800,2.31200
2484,6.11300,1.37100,2.19600
2485,5.85700,1.37900,2.08900
2486,6.12500,1.37300,2.50300
2487,5.79100,1.37700,1.95700
2488,6.56000,1.55300,2.59900
2489,5.56300,1.38000,2.42400
2490,5.92700,1.38300,2.63700
2491,4.69400,1.53700,1.83500
2492,6.75400,1.38000,2.28600
2493,7.35000,1.38300,2.20400
2494,9.20600,1.39200,2.75400
2495,8.57300,1.56200,3.20900
2496,6.61200,1.38500,3.13000
2497,7.00000,1.39100,2.72000
2498,6.89200,1.56000,2.88500
2499,6.74900,1.38600,2.71600
2500,8.57500,1.39700,2.70800
2501,6.15500,1.39400,2.77500
2502,5.83400,1.39000,3.58700
2503,6.69400,1.39200,2.37300
2504,6.23000,1.39500,2.54200
2505,4.99500,1.39000,2.19400
2506,5.93400,1.39400,2.18300
2507,5.31700,1.40200,2.16900
2508,6.11900,1.39800,2.26900
2509,5.32200,1.39900,1.83300
2510,6.06300,1.40100,2.15800
2511,7.45000,1.40300,2.51500
2512,9.58100,1.40200,2.49600
2513,10.98900,1.40300,3.42000
2514,10.15800,1.41500,4.27900
2515,10.31400,1.40500,4.41500
2516,9.85600,1.58500,4.19800
2517,8.38400,1.41900,3.08300
2518,6.86300,1.41400,3.94200
2519,7.44200,1.41500,3.56800
2520,7.71300,1.41300,2.79800
2521,7.69000,1.42500,2.98400
2522,8.98800,1.42500,2.78200
2523,8.56300,1.59400,3.02800
2524,8.07500,1.42500,3.46300
2525,8.43000,1.42200,3.14700
2526,7.91500,1.42800,2.68000
2527,8.15200,1.42200,2.67500
2528,7.15300,1.58800,2.83300
2529,8.02500,1.43000,2.77000
2530,8.96100,1.43700,2.85200
2531,9.62400,1.43500,3.04300
2532,10.05200,1.43700,3.50400
2533,9.50200,1.43100,3.68600
2534,10.98600,1.43500,3.78100
2535,9.68500,1.43700,3.19300
2536,7.96900,1.43800,4.06800
2537,7.73100,1.62100,2.82200
2538,8.16600,1.42500,2.89300
2539,7.84600,1.44000,3.29100
2540,7.24400,1.44100,2.83100
2541,8.12800,1.43000,3.11800
2542,10.91600,1.43000,3.11000
2543,8.57000,1.42400,2.94900
2544,6.82600,1.43600,3.87400
2545,7.41800,1.61200,2.79600
2546,7.69900,1.44100,2.81500
2547,6.57000,1.42700,3.24000
2548,7.24600,1.43000,3.35600
2549,15.39500,1.42400,2.66200
2550,8.25300,1.42600,2.95800
2551,7.05900,1.61800,3.00100
2552,7.01100,1.41800,3.19300
2553,6.80500,1.43000,2.89800
2554,7.38600,1.42400,2.72000
2555,6.45300,1.42400,2.37300
2556,7.88100,1.42800,3.20500
2557,7.88100,1.41800,2.91500
2558,7.26200,1.42600,3.13300
2559,6.99900,1.42200,3.08200
2560,6.36300,1.59400,2.85900
2561,7.39100,1.41400,2.73900
2562,5.32600,1.42200,2.35900
2563,7.07900,1.41600,3.40900
2564,6.91200,1.41200,2.45200
2565,6.46400,1.62400,2.54000
2566,7.55800,1.41700,2.91500
2567,5.95900,1.42400,2.39200
2568,8.26200,1.42300,3.19500
2569,6.92100,1.42300,2.69500
2570,7.56300,1.42100,3.61300
2571,7.64700,1.94800,2.90700
2572,6.97300,1.41900,3.22700
2573,5.87700,1.41100,2.86100
2574,6.03500,1.41300,2.73100
2575,6.41100,1.41300,2.74000
2576,6.25900,1.41200,2.41400
2577,5.88100,1.41300,2.59900
2578,5.37100,1.42100,2.40900
2579,6.68400,1.41100,2.36900
2580,6.40200,1.42200,2.67700
2581,6.73000,1.41400,2.66300
2582,5.50600,1.41400,2.30200
2583,6.71200,1.42100,2.82800
2584,7.61600,1.58500,2.47300
2585,7.24400,1.41700,2.94600
2586,7.31900,1.41000,3.19800
2587,6.33800,1.41300,2.68500
2588,7.61600,1.41800,2.91600
2589,7.10000,1.42100,2.91000
2590,6.33000,1.41400,2.99600
2591,5.55500,1.60100,2.63200
2592,6.63000,1.41500,2.51100
2593,6.73100,1.41300,2.60900
2594,7.03300,1.41800,2.56000
2595,6.95200,1.61900,2.68000
2596,7.01500,1.41200,2.59600
2597,6.93800,1.41000,2.84600
2598,7.46800,1.41300,3.69100
2599,6.59500,1.40900,2.88900
2600,6.57700,1.40700,3.07800
2601,5.98500,1.40700,2.47000
2602,6.10500,1.40600,2.56600
2603,6.48300,1.40700,2.82900
2604,6.35700,1.41600,2.49200
2605,5.75100,1.40900,2.50500
2606,7.49600,1.40300,2.69100
2607,6.57700,1.40700,2.68500
2608,7.09000,1.40500,3.24700
2609,6.82200,1.40400,2.65700
2610,5.63400,1.45000,2.61700
2611,7.78600,1.40400,2.98700
2612,6.40000,1.41000,2.57100
2613,6.97800,1.40400,3.08200
2614,6.45300,1.40800,2.63700
2615,5.69100,1.40200,2.55900
2616,8.14500,1.58800,2.79500
2617,8.12500,1.40400,2.52200
2618,8.39800,1.40700,3.49200
2619,8.54000,1.41200,3.57700
2620,9.14700,1.41400,3.45800
2621,7.26400,1.41300,3.29000
2622,8.77400,1.41200,3.99800
2623,9.02900,1.41100,3.10500
2624,7.72600,1.42200,3.27400
2625,6.99900,1.40600,3.18000
2626,6.07800,1.40700,3.22400
2627,6.48500,1.40700,2.82600
2628,6.61700,1.40700,2.63800
2629,7.58100,1.56500,2.72700
2630,6.65900,1.41000,2.75300
2631,7.62300,1.40500,2.99400
2632,7.46400,1.40200,2.82000
2633,7.77200,1.40200,3.13000
2634,6.90200,1.40600,2.84200
2635,7.16500,1.40000,3.17900
2636,6.47900,1.41100,2.68100
2637,6.93800,1.41000,2.97800
2638,6.70700,1.40400,2.89300
2639,6.54200,1.40600,2.70300
2640,6.78800,1.40200,2.76400
2641,6.74400,1.55500,2.61400
2642,6.76300,1.40200,2.72100
2643,6.64700,1.40700,2.70100
2644,6.16300,1.40500,2.66300
2645,7.35000,1.40500,2.76300
2646,7.20500,1.60200,2.69600
2647,6.97700,1.40400,2.67600
2648,6.97000,1.40800,2.77900
2649,5.85600,1.40800,2.66300
2650,6.78200,1.40700,2.98400
2651,6.63200,1.39500,2.60500
2652,5.66700,1.57500,2.74300
2653,5.08300,1.40400,2.54500
2654,6.47300,1.40900,2.68900
2655,6.51300,1.59100,2.46200
2656,6.78400,1.41000,2.69400
2657,5.23500,1.40300,2.23100
2658,6.53700,1.40300,2.82200
2659,7.50900,1.41200,2.53200
2660,6.54200,1.40500,2.79800
2661,7.01300,1.39500,2.68900
2662,6.15100,1.40300,2.67200
2663,6.60200,1.40400,3.46900
2664,6.60400,1.41100,2.52400
2665,4.92700,1.56800,2.57900
2666,6.35000,1.40400,2.72500
2667,6.48200,1.39700,2.35500
2668,6.83300,1.57500,2.73800
2669,5.39400,1.41000,2.44600
2670,6.17200,1.39800,2.58700
2671,6.45000,1.40500,2.51800
2672,7.77400,1.56300,2.58000
2673,6.95400,1.40500,2.62500
2674,6.92400,1.42100,3.14100
2675,7.94400,1.40700,3.57700
2676,7.55700,1.40900,2.80900
2677,6.65100,1.40700,2.78400
2678,5.50400,1.40700,2.81500
2679,6.49700,1.40800,2.66300
2680,6.67300,1.41000,2.74000
2681,6.15300,1.40700,2.64000
2682,5.73500,1.40900,2.24600
2683,6.31700,1.57400,2.51500
2684,6.82600,1.41500,2.57800
2685,6.70700,1.40300,2.62000
2686,6.44100,1.41500,2.76000
2687,6.45100,1.41700,2.45800
2688,7.38600,1.41300,2.78900
2689,7.41600,1.41300,2.88000
2690,6.92600,1.40800,3.02000
2691,5.95800,1.41700,2.73400
2692,7.32900,1.41300,2.80100
2693,7.60800,1.58800,2.60900
2694,7.68500,1.41000,2.97000
2695,6.76900,1.40900,3.04200
2696,8.04600,1.40000,3.06000
2697,6.95800,1.40400,2.71800
2698,6.11900,1.41400,3.44500
2699,6.81900,1.41500,2.91100
2700,7.40500,1.61400,2.67400
2701,7.08400,1.41300,2.66300
2702,7.00400,1.40400,2.96800
2703,10.51300,1.40700,3.34700
2704,8.01200,1.41800,2.96200
2705,7.62100,1.41300,4.24400
2706,6.69800,1.41600,3.21300
2707,5.67500,1.41500,2.85100
2708,6.51500,1.41000,2.63800
2709,6.77100,1.42200,2.61100
2710,6.42100,1.41000,2.74800
2711,6.47300,1.40300,2.66100
2712,6.84200,1.40800,2.67400
2713,7.06400,1.41600,2.52400
2714,7.01900,1.60900,2.85400
2715,6.28900,1.41200,2.73000
2716,6.55500,1.41000,2.83100
2717,6.93900,1.41300,2.90900
2718,6.92800,1.40700,2.66200
2719,7.07100,1.41000,2.75400
2720,8.10400,1.61100,2.82000
2721,6.58200,1.41100,2.95700
2722,7.39700,1.40800,3.92900
2723,5.65100,1.40800,2.27900
2724,7.09600,1.41100,3.29800
2725,7.64700,1.42300,2.73600
2726,6.74400,1.61000,2.75600
2727,6.58700,1.41700,2.93700
2728,5.15200,1.41400,2.50000
2729,6.14600,1.41000,2.72500
2730,6.26200,1.41100,2.27400
2731,5.75600,1.41300,2.58900
2732,5.84400,1.42000,2.40200
2733,6.81400,1.41200,2.33300
2734,7.08300,1.61800,2.57000
2735,7.35800,1.41000,2.88900
2736,6.74000,1.41800,2.91400
2737,6.23600,1.41600,2.91600
2738,6.90200,1.41200,2.74800
2739,7.09000,1.41100,2.87600
2740,6.87900,1.41200,3.01500
2741,5.65300,1.41700,2.63500
2742,6.14300,1.41800,2.69700
2743,6.46000,1.41100,2.79400
2744,6.02400,1.57800,2.45200
2745,5.87600,1.40700,2.56500
2746,5.33600,1.40600,2.20600
2747,5.71300,1.40900,2.33700
2748,5.85400,1.40800,2.51700
2749,5.29500,1.40600,2.11300
2750,6.21200,1.40200,2.46900
2751,5.95900,1.40200,2.47200
2752,5.07200,1.41200,2.10100
2753,5.91400,1.40000,2.46400
2754,6.37600,1.40400,2.32700
2755,5.06500,1.40700,2.20600
2756,5.74900,1.41400,2.43900
2757,6.00300,1.60000,2.30700
2758,4.95300,1.40400,2.07500
2759,5.78600,1.40700,2.54300
2760,6.19600,1.60200,2.27300
2761,4.64400,1.40100,2.09800
2762,5.57500,1.39700,2.39100
2763,6.32900,1.57100,2.14900
2764,4.98300,1.40700,2.14300
2765,6.37100,1.40700,2.59100
2766,6.30600,1.56800,2.29300
2767,4.76600,1.40500,2.45900
2768,6.01100,1.40600,2.54700
2769,5.93900,1.40800,2.21500
2770,4.61900,1.40300,2.27600
2771,6.65400,1.40500,2.53800
2772,6.38400,1.40900,2.19300
2773,4.80100,1.41000,2.62900
2774,5.73200,1.40200,2.53000
2775,5.70800,1.40800,2.08700
2776,4.79700,1.57600,2.04400
2777,5.96400,1.40300,2.25000
2778,6.63600,1.40300,2.43900
2779,4.90600,1.58600,2.22000
2780,5.69000,1.40300,2.46400
2781,5.90900,1.40300,2.19200
2782,5.14200,1.59200,2.04600
2783,6.37400,1.40600,2.37200
2784,6.55600,1.40300,2.30400
2785,5.06200,1.40100,2.31200
2786,5.53900,1.40100,2.67200
2787,6.34600,1.39900,2.25700
2788,5.22100,1.39700,1.93000
2789,5.99600,1.40300,2.38500
2790,5.70400,1.40500,2.39300
2791,4.68500,1.40200,2.14700
2792,5.79200,1.59300,2.35700
2793,6.30300,1.40200,2.18500
2794,5.56000,1.40000,1.97600
2795,6.79000,1.60000,2.77500
2796,5.71700,1.40000,2.41200
2797,5.52700,1.39800,2.76500
2798,5.31600,1.39900,2.00600
2799,5.47900,1.39700,2.17900
2800,5.74900,1.39900,2.46300
2801,5.31900,1.39300,2.01500
2802,5.31000,1.39600,2.28000
2803,5.39300,1.40200,2.46300
2804,4.53600,1.40100,1.87300
2805,5.41200,1.39400,2.23900
2806,6.04100,1.39900,2.15300
2807,4.80800,1.59000,1.94600
2808,5.41000,1.40400,2.30200
2809,5.59000,1.39800,2.07900
2810,5.11300,1.40300,2.02000
2811,5.75100,1.39300,2.43000
2812,5.98400,1.39600,2.18500
2813,4.75800,1.39800,2.11500
2814,5.53000,1.39100,2.19800
2815,5.75300,1.39400,1.99900
2816,4.63700,1.39400,2.11400
2817,5.60700,1.38900,2.13700
2818,6.04400,1.58800,2.10500
2819,6.00700,1.39500,2.06400
2820,6.94600,1.38900,2.32400
2821,6.53000,1.39600,2.70900
2822,5.42200,1.39600,2.74700
2823,5.59300,1.39300,2.51100
2824,5.29600,1.39500,2.35900
2825,4.66600,1.38800,1.81900
2826,5.48000,1.39200,2.09900
2827,5.21200,1.39200,2.03900
2828,4.75600,1.56200,1.95500
2829,6.23800,1.39100,2.13200
2830,5.50300,1.39100,2.05900
2831,5.23600,1.39000,2.21500
2832,5.63100,1.39000,2.15600
2833,5.51000,1.38500,2.30900
2834,5.34700,1.38900,2.06900
2835,6.26400,1.39000,2.23000
2836,5.77400,1.37800,2.33700
2837,5.62000,1.55300,2.09600
2838,5.85400,1.39100,2.14800
2839,8.17500,1.39100,2.52700
2840,8.41200,1.38900,2.20800
2841,6.36800,1.58700,3.43900
2842,6.28900,1.38600,3.87300
2843,5.43300,1.39100,2.53800
2844,5.50000,1.38300,2.28600
2845,6.28000,1.38800,2.13800
2846,5.63500,1.38600,2.37700
2847,5.75500,1.38000,2.16500
2848,6.96500,1.38900,2.14800
2849,6.12600,1.58000,2.70600
2850,4.98000,1.38400,2.39400
2851,5.57000,1.39000,2.35800
2852,5.88800,1.54600,2.21100
2853,6.21600,1.38200,2.22100
2854,4.99800,1.38800,1.93400
2855,5.75500,1.38700,2.40700
2856,5.44700,1.38000,2.14300
2857,4.83300,1.37400,2.05800
2858,5.22700,1.38000,2.08200
2859,5.29800,1.38300,2.21300
2860,4.56200,1.37800,1.79500
2861,4.73700,1.53500,1.99600
2862,5.27600,1.37600,2.09100
2863,4.90800,1.37900,1.63100
2864,5.13700,1.38100,1.87300
2865,5.17000,1.37900,1.84500
2866,4.59600,1.54800,1.70600
2867,5.43700,1.38400,2.04900
2868,4.98600,1.38500,1.97700
2869,4.19400,1.37700,1.86800
2870,5.38500,1.38200,1.96200
2871,5.06100,1.55100,1.81400
2872,4.34600,1.37600,1.75300
2873,5.10700,1.38300,1.86300
2874,4.31400,1.37700,1.77400
2875,5.04400,1.38500,2.10600
2876,4.59900,1.38400,1.74600
2877,5.42800,1.38300,1.97200
2878,4.97100,1.58200,1.96900
2879,4.34200,1.37900,1.92600
2880,5.78800,1.38200,2.01400
2881,4.52000,1.38200,1.71500
2882,5.83800,1.38100,2.35700
2883,6.01200,1.54500,2.04300
2884,4.61300,1.38400,1.94300
2885,6.22900,1.38300,2.50500
2886,5.16300,1.53200,1.86100
2887,5.40100,1.38000,2.47300
2888,4.70900,1.38200,2.16800
2889,6.23700,1.57100,2.04300
2890,5.42800,1.38400,2.11200
2891,4.73900,1.37800,2.12800
2892,5.36200,1.53000,2.09800
2893,4.48400,1.37900,1.88700
2894,5.69600,1.37800,2.15500
2895,5.83700,1.38000,2.06300
2896,5.14500,1.37200,1.89300
2897,6.16500,1.53600,2.41000
2898,5.39100,1.37800,2.09200
2899,6.82200,1.38200,2.54800
2900,5.61800,1.56400,2.26800
2901,5.49500,1.38400,2.42100
2902,5.05400,1.38100,1.97000
2903,5.80900,1.37900,2.04300
2904,5.45600,1.38100,2.29800
2905,4.92100,1.38000,2.00000
2906,5.18100,1.38400,2.03900
2907,5.19900,1.38100,2.32800
2908,5.14700,1.38300,1.77200
2909,5.02600,1.56100,1.95600
2910,5.24100,1.38700,2.23600
2911,4.76100,1.38300,1.75900
2912,5.12100,1.38500,1.99900
2913,5.24100,1.38700,2.12100
2914,4.81000,1.55400,1.75400
2915,5.19700,1.37900,2.06700
2916,5.06300,1.37700,2.07100
2917,4.50600,1.37600,1.81100
2918,5.39600,1.37200,1.94700
2919,4.94900,1.53200,1.83500
2920,4.46600,1.38300,1.92300
2921,5.56100,1.37600,1.95500
2922,4.32000,1.37900,1.71000
2923,5.82200,1.37300,2.38400
2924,5.70800,1.55400,1.90900
2925,4.30600,1.37800,1.83800
2926,5.12500,1.37700,2.21300
2927,4.66900,1.38200,1.68800
2928,5.51300,1.38000,1.92400
2929,4.90700,1.37800,1.91800
2930,4.50900,1.37600,1.88700
2931,8.08300,1.37700,1.86000
2932,4.63300,1.36800,1.86600
2933,5.99800,1.37300,2.09000
2934,5.25700,1.37300,2.06800
2935,4.11300,1.37900,1.81300
2936,6.59500,1.37300,2.26000
2937,4.68000,1.37600,1.67400
2938,4.83900,1.53100,2.80400
2939,5.17200,1.38000,2.05900
2940,4.29300,1.37500,1.58200
2941,4.94700,1.37500,2.01000
2942,4.40300,1.37700,1.72500
2943,5.96500,1.52800,1.92500
2944,5.57700,1.38200,2.05000
2945,5.45400,1.38000,1.97600
2946,5.99400,1.38300,2.18400
2947,6.17000,1.37200,2.65100
2948,4.83000,1.37500,1.90000
2949,6.02500,1.37100,2.28300
2950,4.91100,1.37400,1.84900
2951,5.50700,1.37700,2.37700
2952,5.61100,1.37300,2.13600
2953,5.03100,1.37800,1.80600
2954,5.51200,1.37400,2.26200
2955,4.90600,1.37200,2.21100
2956,4.50300,1.37900,1.69700
2957,4.73500,1.53200,1.83100
2958,4.18400,1.37700,1.82000
2959,5.11100,1.36600,1.73200
2960,5.42000,1.37300,1.90900
2961,4.87400,1.37000,1.77300
2962,5.82300,1.37600,2.21100
2963,5.30600,1.38000,2.28500
2964,4.17500,1.37500,1.76000
2965,4.77200,1.36900,2.03700
2966,4.66900,1.37200,1.81200
2967,4.70100,1.37700,1.81600
2968,4.72200,1.37700,1.84700
2969,4.57400,1.52700,1.56700
2970,5.51800,1.37600,1.88800
2971,4.38300,1.37500,1.70800
2972,5.62400,1.37600,2.02900
2973,5.88500,1.37700,2.07000
2974,4.31400,1.56200,1.80200
2975,5.51800,1.37000,2.21500
2976,4.34400,1.38000,1.67900
2977,4.79300,1.37600,2.15300
2978,5.09700,1.37700,1.88300
2979,5.38700,1.52700,1.63000
2980,5.77900,1.37300,1.89700
2981,4.96800,1.37800,1.83400
2982,6.37600,1.38500,2.32000
2983,5.52900,1.37800,2.21500
2984,4.95400,1.37900,2.16900
2985,5.91500,1.38000,2.18800
2986,5.28200,1.36900,2.35200
2987,4.49900,1.37700,1.89900
2988,5.67500,1.37300,1.99300
2989,4.80700,1.37600,1.71200
2990,5.87200,1.50900,2.17100
2991,6.51200,1.37200,2.29900
2992,5.12900,1.37800,2.15000
2993,5.85400,1.37700,2.46400
2994,5.06800,1.37400,2.12600
2995,4.24200,1.37700,1.84800
2996,5.90600,1.50500,1.85800
2997,4.78700,1.37000,1.71600
2998,5.43500,1.38200,2.49300
2999,5.36100,1.37700,2.09000
3000,4.53900,1.37900,1.79200
3001,5.41900,1.37800,1.98700
3002,5.44700,1.37600,1.93900
3003,4.36000,1.38200,1.92200
3004,4.97800,1.56900,1.89700
3005,4.42600,1.37700,1.73300
3006,4.65200,1.37800,1.77100
3007,4.87700,1.36600,1.90000
3008,4.23900,1.37600,1.59900
3009,4.99900,1.37200,1.85100
3010,4.39900,1.37200,1.74400
3011,5.42500,1.52600,1.81200
3012,5.99700,1.37100,1.94300
3013,4.86800,1.37700,1.76000
3014,6.70000,1.36400,2.19600
3015,6.84300,1.37800,2.16200
3016,5.05900,1.37000,2.38100
3017,5.67900,1.55100,2.29900
3018,4.48400,1.37400,2.13500
3019,5.50600,1.36500,2.10800
3020,5.63000,1.37200,1.96800
3021,4.78400,1.37200,1.76300
3022,5.10800,1.37600,1.90900
3023,5.11600,1.37100,2.12700
3024,4.50400,1.37100,1.69200
3025,4.85300,1.57000,1.87300
3026,5.36200,1.37600,1.79400
3027,5.54900,1.37900,1.96300
3028,5.19400,1.37000,2.49100
3029,4.52600,1.37200,1.82400
3030,5.57800,1.58000,1.86800
3031,5.55200,1.37500,1.99500
3032,4.70300,1.37600,1.97100
3033,5.31700,1.37100,2.03900
3034,4.65700,1.37300,1.82900
3035,4.99700,1.37600,1.88000
3036,5.16700,1.36800,2.01800
3037,4.35600,1.37200,1.67800
3038,4.90800,1.37300,1.93500
3039,4.14000,1.37500,1.79600
3040,4.81500,1.56900,1.78700
3041,5.31100,1.37000,1.82900
3042,4.57200,1.37800,1.61800
3043,5.28000,1.36600,2.05300
3044,5.54000,1.36800,1.83900
3045,5.65500,1.37200,1.99300
3046,6.34600,1.36700,2.36600
3047,5.09800,1.37100,2.08000
3048,5.17900,1.54400,2.17900
3049,5.48000,1.37300,2.20300
3050,5.09400,1.37000,1.72100
3051,4.97200,1.37600,2.09800
3052,4.54600,1.37200,1.98300
3053,5.59400,1.37700,1.83100
3054,5.03500,1.37100,2.01600
3055,4.24600,1.37000,1.95900
3056,5.37600,1.54000,2.04100
3057,5.09500,1.37000,1.88600
3058,3.88200,1.36700,1.67700
3059,5.36100,1.37600,1.88700
3060,4.33200,1.36800,1.56900
3061,4.69000,1.37100,2.18400
3062,5.06700,1.37000,1.80100
3063,4.06900,1.37200,1.57500
3064,5.05200,1.37200,1.93700
3065,4.03400,1.57000,1.62100
3066,5.44100,1.36100,1.98800
3067,5.35400,1.36700,1.79400
3068,4.35300,1.36800,1.96400
3069,5.41900,1.37000,2.15400
3070,4.49500,1.37300,1.65300
3071,5.46400,1.37400,2.15500
3072,5.29400,1.53700,1.94000
3073,4.41700,1.37100,1.89600
3074,5.23100,1.37400,2.05900
3075,4.26500,1.36400,1.73200
3076,5.28600,1.37400,2.05600
3077,5.92900,1.37600,2.02500
3078,4.45800,1.36600,1.86300
3079,5.10400,1.37100,2.11200
3080,4.07300,1.81800,1.60600
3081,5.32700,1.36900,1.94200
3082,4.85700,1.37200,1.73300
3083,4.21200,1.36700,1.76300
3084,5.51700,1.37400,2.03400
3085,4.25100,1.37200,1.68100
3086,5.08700,1.36800,2.10000
3087,4.94800,1.55200,1.77300
3088,4.74100,1.37200,1.82100
3089,4.92200,1.37000,1.89600
3090,4.16600,1.36900,1.81400
3091,5.88800,1.36900,2.18500
3092,4.58700,1.37200,1.65300
3093,5.56500,1.36800,2.23400
3094,6.37200,1.56200,2.06200
3095,4.85900,1.37400,1.94700
3096,6.32400,1.37000,2.34300
3097,6.18300,1.37300,2.22800
3098,5.79100,1.36900,2.48500
3099,6.57200,1.37000,2.67500
3100,5.16500,1.37300,1.97300
3101,5.60300,1.51800,2.70400
3102,5.05900,1.37600,1.97600
3103,5.77800,1.37000,2.25900
3104,4.99000,1.54000,2.12800
3105,5.07400,1.36500,2.00500
3106,5.77000,1.37700,1.94100
3107,5.33200,1.36300,1.99400
3108,5.03500,1.36400,1.92300
3109,6.35500,1.36900,2.17800
3110,5.46600,1.36600,2.21900
3111,4.56700,1.36600,2.05500
3112,5.30400,1.36700,2.00800
3113,4.44900,1.36300,1.82500
3114,5.71700,1.37200,2.03100
3115,5.30700,1.37000,1.94300
3116,4.62100,1.36700,1.90100
3117,5.72700,1.36700,2.04900
3118,5.92100,1.36500,2.08400
3119,4.97800,1.36700,1.95100
3120,5.65900,1.36700,2.19300
3121,6.83900,1.36100,2.23600
3122,5.57400,1.36500,1.93300
3123,5.74000,1.36400,2.55300
3124,5.48300,1.53500,2.57600
3125,5.50500,1.36800,2.02400
3126,6.34100,1.37100,2.04800
3127,5.66600,1.53100,2.37900
3128,5.09000,1.36400,2.29200
3129,6.48700,1.36400,2.11600
3130,6.55300,1.37400,2.41600
3131,6.29400,1.36700,2.45700
3132,5.37100,1.37600,1.99800
3133,6.44600,1.37000,2.27300
3134,6.94500,1.56400,2.36300
3135,9.60100,1.36300,2.56600
3136,8.11300,1.36800,2.88800
3137,7.92900,1.36800,4.12200
3138,7.16900,1.36700,3.01300
3139,6.91800,1.36500,2.69200
3140,7.17200,1.36800,2.34400
3141,9.64600,1.36800,2.99700
3142,6.46700,1.36900,3.06700
3143,6.76000,1.37100,3.42200
3144,5.76900,1.36700,2.36800
3145,5.31200,1.56000,2.94800
3146,5.81400,1.36800,2.29200
3147,5.00500,1.36300,1.81700
3148,5.15700,1.54300,2.17400
3149,5.69600,1.36500,2.08300
3150,5.51000,1.37100,1.96400
3151,5.18700,1.36500,2.13700
3152,5.17900,1.36600,1.89300
3153,5.65400,1.36800,2.02900
3154,5.52800,1.36700,2.05700
3155,6.71500,1.36600,2.28400
3156,6.23500,1.36300,2.46000
3157,5.72900,1.36600,2.03800
3158,6.12000,1.35900,2.29800
3159,6.57600,1.36900,2.62500
3160,5.75300,1.52100,2.15300
3161,8.37100,1.37400,2.97300
3162,10.15400,1.36900,2.83100
3163,7.01100,1.36600,3.11600
3164,6.37700,1.36300,3.64100
3165,6.17300,1.36200,2.30500
3166,6.35200,1.36500,2.47600
3167,6.50300,1.36800,2.41600
3168,7.32900,1.36800,2.28700
3169,10.24800,1.35500,2.51500
3170,7.40800,1.36300,2.32200
3171,8.48900,1.35800,4.10500
3172,6.48700,1.36500,2.88400
3173,4.69300,1.35700,3.74300
3174,5.80600,1.36100,2.62700
3175,5.79800,1.55000,2.08100
3176,5.16000,1.35900,2.27800
3177,5.67600,1.36400,2.17900
3178,6.19400,1.54700,2.03000
3179,5.33500,1.36600,1.94900
3180,6.20500,1.36200,2.46100
3181,6.38600,1.35800,2.12900
3182,6.01200,1.36200,2.48500
3183,5.10500,1.35700,2.11500
3184,6.27000,1.35800,2.61100
3185,6.25900,1.52400,2.11500
3186,5.55600,1.35400,1.95000
3187,5.87900,1.35800,2.29600
3188,7.03900,1.35800,2.26000
3189,6.63900,1.36400,2.31100
3190,6.18800,1.36500,2.15800
3191,6.98100,1.36100,2.48700
3192,6.47400,1.36300,2.18700
3193,7.53800,1.49900,2.77700
3194,5.26300,1.36300,2.35900
3195,6.41300,1.35600,2.88200
3196,6.58300,1.35500,2.44000
3197,5.50700,1.36000,2.00200
3198,5.91200,1.54900,2.41600
3199,5.83700,1.35800,2.16200
3200,5.86900,1.35400,2.15000
3201,4.78800,1.35300,1.93000
3202,5.80000,1.34800,2.31300
3203,6.30000,1.35600,2.27800
3204,5.83400,1.55000,2.28100
3205,5.21800,1.35000,2.07600
3206,7.36900,1.35000,2.20300
3207,7.00700,1.35900,2.19300
3208,5.62000,1.55500,2.12200
3209,5.99800,1.35200,2.26500
3210,6.68100,1.35100,2.39100
3211,5.64900,1.35400,2.13100
3212,4.12500,1.52400,1.94200
3213,5.50400,1.34300,1.98500
3214,5.47400,1.34900,1.87500
3215,4.36200,1.34400,1.78200
3216,6.66800,1.34200,2.15800
3217,6.19400,1.52600,1.90200
3218,5.23400,1.35100,2.76600
3219,5.54600,1.34600,2.01600
3220,5.94200,1.35100,1.99600
3221,5.12300,1.35400,2.43900
3222,4.74700,1.35000,2.01600
3223,5.92400,1.35200,2.01400
3224,4.56600,1.34800,1.84800
3225,5.83800,1.34400,2.31600
3226,5.92100,1.51700,2.02600
3227,4.43000,1.35000,1.91300
3228,6.09200,1.34900,2.21600
3229,5.14800,1.35800,1.92600
3230,4.38500,1.34000,1.86000
3231,5.47300,1.35300,2.01500
3232,4.37800,1.34100,1.71400
3233,5.10500,1.34200,2.04600
3234,5.34000,1.54100,1.85200
3235,4.60500,1.34300,1.73200
3236,6.12700,1.34700,2.14400
3237,5.89700,1.34300,2.00500
3238,4.65300,1.34400,2.15600
3239,6.04300,1.35000,2.27900
3240,4.89900,1.33700,1.84100
3241,5.29100,1.35000,2.04300
3242,5.45900,1.34100,1.91800
3243,4.85700,1.34300,1.77400
3244,5.95000,1.34000,2.08400
3245,5.84000,1.34600,2.16700
3246,5.25000,1.34500,2.08200
3247,6.27600,1.34300,2.40900
3248,5.94000,1.50100,2.09400
3249,5.93200,1.34600,2.35800
3250,5.63300,1.34600,2.94700
3251,5.48000,1.34300,1.95900
3252,5.39700,1.34900,2.11500
3253,5.49000,1.33800,2.04400
3254,5.30500,1.33700,1.92400
3255,5.53200,1.33200,2.01200
3256,6.61200,1.33800,2.34000
3257,5.41000,1.33700,1.83900
3258,5.58400,1.50500,2.64900
3259,4.60800,1.34000,2.12600
3260,6.07800,1.34400,2.13700
3261,5.78000,1.33600,2.02700
3262,5.25200,1.33900,2.10900
3263,5.35000,1.34200,2.16800
3264,5.05600,1.33000,2.34600
3265,4.88500,1.33600,1.79300
3266,6.16300,1.34100,2.02100
3267,6.03600,1.33400,2.11100
3268,4.97000,1.34100,2.23400
3269,6.41600,1.33900,2.32700
3270,6.46700,1.33300,2.21900
3271,5.06500,1.33800,1.94700
3272,5.71000,1.33900,2.75900
3273,5.45500,1.51000,2.24400
3274,4.33200,1.33300,1.86700
3275,4.90500,1.33000,2.12700
3276,5.20800,1.33100,1.80700
3277,6.45000,1.32700,1.76300
3278,6.09200,1.50200,2.06900
3279,5.92600,1.33400,3.38600
3280,4.28000,1.33800,2.10500
3281,4.95900,1.33100,1.92600
3282,5.03800,1.33700,1.83400
3283,4.44200,1.33300,1.74500
3284,5.03400,1.49700,1.96900
3285,6.07500,1.33300,2.01200
3286,4.72400,1.32700,1.70900
3287,6.73400,1.33200,2.47400
3288,5.99100,1.33100,2.16000
3289,4.70700,1.33300,2.18600
3290,5.78100,1.33700,2.19900
3291,5.40300,1.33500,2.10000
3292,4.52000,1.32700,1.87000
3293,5.45700,1.33300,2.13400
3294,4.65700,1.33900,1.79400
3295,5.33400,1.50600,1.95200
3296,5.77200,1.32900,2.08900
3297,6.36800,1.32800,1.81800
3298,6.69300,1.33500,2.50200
3299,5.95200,1.32900,2.60900
3300,4.52900,1.33700,2.14900
3301,5.07500,1.32700,2.11000
3302,5.15400,1.33000,2.01100
3303,4.34600,1.40900,1.76700
3304,5.12400,1.49900,1.92100
3305,5.68700,1.33000,1.97800
3306,4.51800,1.33000,1.67200
3307,7.31700,1.32600,2.36900
3308,6.03400,1.32700,2.06300
3309,4.60800,1.32800,2.51000
3310,5.32000,1.32700,2.31900
3311,5.45700,1.33100,2.02700
3312,4.31800,1.32800,1.72800
3313,5.16500,1.32500,2.12200
3314,4.69900,1.32400,1.73700
3315,5.44300,1.32400,1.89600
3316,5.81500,1.32400,2.14500
3317,5.83100,1.32700,2.05100
3318,6.00800,1.32900,2.19600
3319,5.49500,1.33100,2.59700
3320,4.72600,1.32300,2.07200
3321,5.25500,1.33400,2.22900
3322,5.45800,1.32400,2.13300
3323,4.65400,1.32500,1.75000
3324,5.72800,1.32600,2.14500
3325,4.88500,1.32300,1.86300
3326,5.51000,1.53500,1.98800
3327,6.86500,1.32000,2.33300
3328,5.70600,1.32700,1.79000
3329,5.38600,1.33500,2.25300
3330,5.39700,1.32500,2.36800
3331,4.74100,1.32400,1.80800
3332,5.38500,1.49100,1.99200
3333,5.08400,1.32100,2.08100
3334,4.93100,1.32000,1.84500
3335,5.26600,1.32100,1.98100
3336,6.48700,1.31800,2.13200
3337,5.50800,1.36000,1.81700
3338,5.05600,1.32200,2.52100
3339,5.15300,1.31900,2.24400
3340,4.26600,1.31500,1.61100
3341,4.76400,1.31200,1.94200
3342,4.09700,1.31300,1.72300
3343,5.13000,1.31000,1.86600
3344,5.25000,1.31600,1.91800
3345,4.28200,1.31700,1.73300
3346,5.86700,1.32200,2.05500
3347,6.04900,1.31500,1.98300
3348,4.75700,1.31300,1.95200
3349,5.51500,1.31700,2.23900
3350,5.76700,1.50400,2.25600
3351,4.46800,1.31200,1.82100
3352,6.02000,1.30900,2.19500
3353,4.84600,1.50200,1.70500
3354,5.40800,1.31100,2.41600
3355,5.94200,1.31400,2.10400
3356,5.54000,1.47400,1.95900
3357,6.58400,1.31200,2.58100
3358,5.73400,1.32400,2.28900
3359,4.52300,1.31200,2.03800
3360,5.32000,1.31200,2.24300
3361,5.29600,1.31900,2.10000
3362,4.27100,1.50800,1.76500
3363,5.27100,1.31400,2.03200
3364,4.30400,1.30800,1.66200
3365,5.10300,1.31300,2.11000
3366,5.58100,1.30800,1.97200
3367,5.63500,1.31400,1.78900
3368,5.85100,1.31500,2.16300
3369,5.72900,1.31100,2.61200
3370,4.44100,1.48300,1.95400
3371,5.61500,1.31200,2.21000
3372,5.89000,1.31300,1.91100
3373,4.23500,1.31400,1.97200
3374,5.39400,1.30900,2.19300
3375,4.84600,1.82300,1.70300
3376,5.38100,1.30800,2.01500
3377,6.40400,1.31500,2.17900
3378,5.49900,1.31400,1.88600
3379,5.25000,1.30600,2.46400
3380,5.36100,1.30300,2.48200
3381,5.47600,1.30600,1.80100
3382,5.38700,1.31400,2.04800
3383,5.23800,1.30800,2.50600
3384,4.82000,1.30800,1.78400
3385,5.63300,1.31600,2.00600
3386,4.62000,1.30800,1.70300
3387,7.02800,1.30800,2.51100
3388,5.73800,1.30800,2.06000
3389,4.39000,1.31100,2.16900
3390,5.11300,1.49000,2.23400
3391,5.27800,1.30500,2.02300
3392,4.46500,1.30500,1.76500
3393,5.24600,1.30700,2.03200
3394,5.48600,1.30200,1.98600
3395,5.78900,1.31000,1.83200
3396,6.18100,1.31100,2.27000
3397,6.17100,1.30500,1.92100
3398,7.89000,1.31900,2.65900
3399,6.16400,1.30200,2.47600
3400,4.46600,1.30200,2.49700
3401,5.82400,1.30300,2.18200
3402,5.31100,1.30200,2.00300
3403,4.40700,1.29700,1.93300
3404,5.02700,1.29700,2.06100
3405,6.40900,1.30700,1.97200
3406,4.72200,1.29800,1.78200
3407,7.18400,1.30900,2.33400
3408,5.28800,1.30700,2.28300
3409,4.41600,1.30900,2.79300
3410,5.12800,1.31000,1.89100
3411,5.22900,1.29500,1.82500
3412,5.09100,1.29300,1.78000
3413,6.03300,1.45900,1.98600
3414,4.69000,1.30400,2.35100
3415,4.96700,1.30300,2.16700
3416,6.36400,1.29700,2.00400
3417,6.12000,1.29700,2.40700
3418,5.22500,1.29800,1.73600
3419,5.67600,1.46500,2.43700
3420,5.84100,1.29500,2.06200
3421,4.79700,1.30400,1.99900
3422,7.15400,1.30000,2.34500
3423,9.50300,1.30000,2.40200
3424,6.41000,1.31200,2.75700
3425,5.18100,1.29800,3.50300
3426,5.80700,1.30100,2.55200
3427,6.06300,1.30300,2.44100
3428,6.40300,1.29000,2.08900
3429,6.02100,1.29400,2.36000
3430,6.06700,1.29900,2.87400
3431,6.05300,1.29700,2.32300
3432,4.60300,1.29200,1.93100
3433,5.70300,1.29100,2.33800
3434,6.16400,1.29400,2.06900
3435,4.41200,1.29100,2.00500
3436,5.87500,1.29700,2.22000
3437,6.31600,1.29600,2.02000
3438,6.53700,1.29500,2.17300
3439,5.04400,1.29500,2.18700
3440,5.23600,1.44400,2.35200
3441,5.26000,1.29400,2.12700
3442,4.76200,1.29700,1.70200
3443,5.81300,1.30100,2.13300
3444,5.31300,1.29800,2.17300
3445,5.18100,1.29400,1.87100
3446,6.18200,1.29200,2.02700
3447,6.22000,1.29600,2.48000
3448,7.00000,1.30000,2.33800
3449,5.17700,1.44700,2.31700
3450,5.40900,1.28800,2.49100
3451,5.38600,1.29200,2.22100
3452,4.28400,1.28900,1.71400
3453,5.78100,1.29100,2.12100
3454,5.32300,1.29100,1.94900
3455,4.43400,1.28800,1.80300
3456,6.17500,1.28700,2.11900
3457,5.93600,1.29100,2.00600
3458,5.32600,1.29500,2.09900
3459,5.88900,1.29200,2.18800
3460,5.37700,1.29100,2.27100
3461,4.73600,1.28500,1.93900
3462,5.58500,1.29400,2.05800
3463,5.05600,1.33100,2.13600
3464,4.34000,1.28400,1.87900
3465,5.41200,1.28500,1.96700
3466,4.35000,1.29400,1.75600
3467,6.52000,1.29200,2.23600
3468,5.97400,1.44100,1.97900
3469,4.66800,1.28900,2.49300
3470,5.72100,1.29100,2.19500
3471,5.89000,1.28700,2.13900
3472,4.21900,1.28100,2.12300
3473,5.25800,1.28500,2.02400
3474,5.19200,1.46300,1.87200
3475,4.56300,1.29000,1.88900
3476,5.63500,1.29200,2.01600
3477,5.31500,1.29000,1.86100
3478,5.86400,1.28900,2.28800
3479,5.57900,1.28800,2.38300
3480,4.44000,1.28800,1.92600
3481,5.30700,1.29100,2.00600
3482,5.06500,1.44700,2.03400
3483,4.18200,1.28800,1.76400
3484,4.90200,1.29200,1.94900
3485,4.31800,1.28500,1.60700
3486,5.52400,1.28700,1.95200
3487,6.47100,1.28900,2.10100
3488,5.06500,1.28800,2.02000
3489,5.63900,1.29600,2.81400
3490,5.20500,1.29500,2.24500
3491,4.43800,1.29200,1.85800
3492,4.93700,1.29200,2.01300
3493,3.97900,1.29800,1.66900
3494,5.25000,1.29300,1.90300
3495,4.60000,1.28900,1.56400
3496,5.57400,1.29700,2.11300
3497,6.35800,1.47300,2.06200
3498,5.25400,1.29000,1.91200
3499,6.06900,1.29900,2.63700
3500,4.59300,1.47100,2.05500
3501,5.43800,1.29100,2.28200
3502,6.09200,1.29800,2.22100
3503,5.13300,1.44200,1.80000
3504,5.46400,1.29700,2.15400
3505,4.37200,1.29500,1.77500
3506,5.57200,1.29900,2.11300
3507,5.90200,1.29800,1.96700
3508,4.88900,1.29400,1.82400
3509,5.52400,1.44700,2.31800
3510,4.40600,1.29600,1.83200
3511,5.12700,1.29200,1.93100
3512,5.67100,1.28700,2.20300
3513,4.68100,1.29000,1.77900
3514,5.24100,1.43800,2.14900
3515,4.76000,1.29100,1.84200
3516,5.51300,1.29200,2.13400
3517,5.74700,1.30000,2.13200
3518,5.28600,1.29500,1.90000
3519,5.45000,1.34100,2.11100
3520,4.36300,1.29600,1.92400
3521,5.73300,1.29200,2.12400
3522,5.05200,1.45300,1.97800
3523,4.21300,1.28800,1.95700
3524,5.37800,1.29300,1.96000
3525,4.15900,1.29400,1.64600
3526,5.14100,1.29600,2.15200
3527,5.73100,1.29600,1.93400
3528,5.38400,1.30000,1.82400
3529,5.76200,1.30600,2.04800
3530,4.58000,1.29800,2.09700
3531,5.28400,1.29900,2.11800
3532,5.65700,1.47200,2.06400
3533,4.55500,1.29600,1.81400
3534,5.58800,1.29800,2.52200
3535,5.12800,1.47400,1.96300
3536,4.85100,1.29800,1.76900
3537,6.23700,1.30300,2.10100
3538,5.02100,1.29500,2.01200
3539,5.31600,1.30100,2.34400
3540,4.85400,1.30200,2.06100
3541,3.97100,1.29000,1.67500
3542,5.24000,1.28600,1.88000
3543,4.77400,1.29400,1.78900
3544,4.25100,1.29100,1.74000
3545,5.85500,1.43600,1.88300
3546,4.64100,1.28800,1.66900
3547,5.78000,1.29000,2.17500
3548,7.10000,1.29300,2.24700
3549,5.37800,1.29200,1.98900
3550,5.78500,1.29200,3.06800
3551,5.22600,1.45200,2.35600
3552,4.33900,1.28700,2.01400
3553,5.17000,1.29700,1.98500
3554,4.21200,1.29800,1.68600
3555,5.21000,1.29600,1.94600
3556,5.59200,1.47800,1.92500
3557,5.29500,1.29500,1.82500
3558,6.14900,1.29500,2.12100
3559,6.05300,1.29600,2.28500
3560,4.56000,1.29600,2.14000
3561,4.89000,1.29800,2.43700
3562,4.07700,1.30100,1.71700
3563,5.23900,1.29500,1.89300
3564,5.42800,1.30200,1.94400
3565,4.43900,1.29900,1.77200
3566,6.01700,1.29200,2.04000
3567,5.67700,1.29400,1.97900
3568,5.48600,1.29900,1.90900
3569,6.27600,1.30000,2.19800
3570,5.67200,1.29500,2.25700
3571,4.69000,1.30200,2.13100
3572,5.37300,1.28900,2.21200
3573,4.12500,1.29700,1.84700
3574,5.57200,1.29500,2.07100
3575,5.17300,1.47400,1.86200
3576,4.36100,1.29000,1.99100
3577,5.27500,1.29100,2.00200
3578,5.85800,1.29200,1.95200
3579,5.23300,1.29500,1.76700
3580,6.62300,1.28700,2.37200
3581,5.50100,1.29400,2.26500
3582,4.42100,1.29200,2.37500
3583,5.59100,1.29000,2.19300
3584,4.27100,1.28700,1.73900
3585,5.14000,1.28600,2.12300
3586,5.94100,1.45700,1.90400
3587,4.88100,1.29000,1.72200
3588,6.29600,1.28500,2.47700
3589,6.44300,1.28700,2.24800
3590,4.55800,1.29600,2.14600
3591,5.83900,1.29100,2.48600
3592,5.83600,1.45600,2.03300
3593,4.46700,1.28900,1.87500
3594,5.66900,1.28800,2.25100
3595,4.25000,1.28200,1.71500
3596,5.08200,1.29000,2.07100
3597,5.19300,1.45300,1.91700
3598,5.16700,1.29400,1.83100
3599,5.85400,1.28700,2.01600